model,weight
w_holt_winters_full,0.07287559068734836
w_holt_winters_cleaned,0.4134143848393386
w_rf_without_lags,2.517729496482964e-05
w_rf_with_lags,0.041676999694303635
w_knn_without_lags,0.007924084909584427
w_knn_with_lags,0.027753096553189506
w_xgb_without_lags,0.0605289742203923
w_xgb_with_lags,0.3236604341348936
w_lgbm_without_lags,0.008296483227478573
w_lgbm_with_lags,0.04384477443850621
