model,weight
w_holt_winters_full,0.10379998372630002
w_holt_winters_cleaned,0.03611426793547232
w_rf_without_lags,0.013142152860306825
w_rf_with_lags,0.000440617708669576
w_knn_without_lags,0.05534782989502154
w_knn_with_lags,0.008950830244435961
w_xgb_without_lags,0.22452700493363817
w_xgb_with_lags,0.05621090103696015
w_lgbm_without_lags,0.48383821630784973
w_lgbm_with_lags,0.017628195351345754
