model,weight
w_holt_winters_full,0.0060404109900392975
w_holt_winters_cleaned,0.006971803656620603
w_rf_without_lags,0.00036249074370249236
w_rf_with_lags,0.016128207971741425
w_knn_without_lags,0.23732834665725966
w_knn_with_lags,0.20684623082755402
w_xgb_without_lags,0.008106136221818775
w_xgb_with_lags,0.24283635363236616
w_lgbm_without_lags,0.2699405156874698
w_lgbm_with_lags,0.005439503611427804
