model,weight
w_holt_winters_full,0.14335200936172615
w_holt_winters_cleaned,0.39039735312203644
w_rf_without_lags,0.01895410571085334
w_rf_with_lags,9.274496833059323e-06
w_knn_without_lags,0.0771711641134618
w_knn_with_lags,0.01822809277500203
w_xgb_without_lags,0.3283072489833409
w_xgb_with_lags,7.114985448117163e-05
w_lgbm_without_lags,0.00658403179022055
w_lgbm_with_lags,0.01692556979204451
