model,weight
w_holt_winters_full,0.2798287207906617
w_holt_winters_cleaned,0.11672317979690044
w_rf_without_lags,0.2516076136804634
w_rf_with_lags,0.2763751141383534
w_knn_without_lags,0.00047682042475951747
w_knn_with_lags,0.0002024318608071536
w_xgb_without_lags,0.021912061724525637
w_xgb_with_lags,0.008121237439872385
w_lgbm_without_lags,0.004731452742889278
w_lgbm_with_lags,0.0400213674007672
