model,weight
w_holt_winters_full,0.028643055390487754
w_holt_winters_cleaned,0.011959232155651412
w_rf_without_lags,0.22745381350781385
w_rf_with_lags,0.23333376292191366
w_knn_without_lags,0.00028924318987940805
w_knn_with_lags,6.237210584388202e-05
w_xgb_without_lags,0.08084780114511965
w_xgb_with_lags,0.27153046639700024
w_lgbm_without_lags,0.14001183973213507
w_lgbm_with_lags,0.005868413454155021
