model,weight
w_holt_winters_full,0.16676986310282663
w_holt_winters_cleaned,0.00011714543253013495
w_rf_without_lags,0.1541813919824477
w_rf_with_lags,0.14121446981295308
w_knn_without_lags,0.05089552251704854
w_knn_with_lags,0.00024223461413249486
w_xgb_without_lags,0.009605230991497606
w_xgb_with_lags,0.023267227050779073
w_lgbm_without_lags,0.39830524388135313
w_lgbm_with_lags,0.055401670614431686
