model,weight
w_holt_winters_full,0.23177108430165214
w_holt_winters_cleaned,0.19793628926995205
w_rf_without_lags,0.04701249579746691
w_rf_with_lags,0.0003805449475880467
w_knn_without_lags,0.03893362772824103
w_knn_with_lags,0.00021268515588275652
w_xgb_without_lags,0.018677318545491185
w_xgb_with_lags,0.28620456114134885
w_lgbm_without_lags,0.0034749238408748684
w_lgbm_with_lags,0.17539646927150218
