model,weight
w_holt_winters_full,0.21876977933970657
w_holt_winters_cleaned,0.3492445136314918
w_rf_without_lags,0.00021622512871708103
w_rf_with_lags,0.010644220604720448
w_knn_without_lags,0.014391896886337319
w_knn_with_lags,0.031413555946596027
w_xgb_without_lags,0.2705650009301587
w_xgb_with_lags,0.023233517775380044
w_lgbm_without_lags,0.08120825586037292
w_lgbm_with_lags,0.0003130338965191843
