model,weight
w_holt_winters_full,0.3094008018575852
w_holt_winters_cleaned,0.010662959768669936
w_rf_without_lags,0.02017539399910873
w_rf_with_lags,0.0007719384850172991
w_knn_without_lags,0.00843379264599491
w_knn_with_lags,0.01102822356904315
w_xgb_without_lags,0.2859936453064278
w_xgb_with_lags,0.014773825668889828
w_lgbm_without_lags,0.18012165633313248
w_lgbm_with_lags,0.15863776236613078
