model,weight
w_holt_winters_full,0.0984984295962443
w_holt_winters_cleaned,0.26466131007577276
w_rf_without_lags,0.08005343591313242
w_rf_with_lags,0.00015022666324657636
w_knn_without_lags,0.009755525210260229
w_knn_with_lags,0.2133273020148559
w_xgb_without_lags,0.2554928557153335
w_xgb_with_lags,0.00016441108520529672
w_lgbm_without_lags,0.00040792773767717866
w_lgbm_with_lags,0.07748857598827176
