model,weight
w_holt_winters_full,0.00023725174228522852
w_holt_winters_cleaned,0.00010947268363652141
w_rf_without_lags,0.0557058329943098
w_rf_with_lags,0.008430665799860447
w_knn_without_lags,0.3320821061728664
w_knn_with_lags,0.008824419433021858
w_xgb_without_lags,0.21207540781510703
w_xgb_with_lags,0.05751607600572698
w_lgbm_without_lags,0.31090358005790225
w_lgbm_with_lags,0.014115187295283575
