model,weight
w_holt_winters_full,0.07494477215058515
w_holt_winters_cleaned,0.19552806777463533
w_rf_without_lags,0.007336065767325325
w_rf_with_lags,0.00046944718925457247
w_knn_without_lags,0.2819002564498176
w_knn_with_lags,0.37480948562203403
w_xgb_without_lags,0.0009656577702539525
w_xgb_with_lags,0.047815578980147225
w_lgbm_without_lags,0.007832902150741877
w_lgbm_with_lags,0.008397766145204866
