model,weight
w_holt_winters_full,0.31228230313100186
w_holt_winters_cleaned,0.2983213280453413
w_rf_without_lags,0.03013367808286814
w_rf_with_lags,0.008745139712745178
w_knn_without_lags,0.24224137623901418
w_knn_with_lags,0.017461682471080254
w_xgb_without_lags,0.012106409810298192
w_xgb_with_lags,0.00012624554799450465
w_lgbm_without_lags,0.0640664812098284
w_lgbm_with_lags,0.014515355749827825
