model,weight
w_holt_winters_full,0.29474325400825796
w_holt_winters_cleaned,0.3988366531186173
w_rf_without_lags,0.009843607423234155
w_rf_with_lags,0.01411210483496361
w_knn_without_lags,0.08474568791848716
w_knn_with_lags,0.06629234924072418
w_xgb_without_lags,0.0002654856979425426
w_xgb_with_lags,0.05262758662870315
w_lgbm_without_lags,0.0673019417641292
w_lgbm_with_lags,0.011231329364940697
