model,weight
w_holt_winters_full,0.20685341362384285
w_holt_winters_cleaned,0.22364093246443822
w_rf_without_lags,0.011196221112138503
w_rf_with_lags,7.524151419486925e-05
w_knn_without_lags,0.205985685021695
w_knn_with_lags,0.1902312140912744
w_xgb_without_lags,0.025857620257075265
w_xgb_with_lags,6.934827618953427e-05
w_lgbm_without_lags,3.955470110547254e-05
w_lgbm_with_lags,0.13605076893804596
