model,weight
w_holt_winters_full,0.1126859479793865
w_holt_winters_cleaned,0.22533079465306266
w_rf_without_lags,0.011174404872923545
w_rf_with_lags,2.5249516378525055e-05
w_knn_without_lags,0.03212345601051248
w_knn_with_lags,0.074644775240314
w_xgb_without_lags,8.93244628414653e-05
w_xgb_with_lags,0.011366332020507634
w_lgbm_without_lags,0.25978076039561887
w_lgbm_with_lags,0.27277895484845427
