model,weight
w_holt_winters_full,2.6366357554130506e-06
w_holt_winters_cleaned,0.06573814796536336
w_rf_without_lags,0.11911058523132231
w_rf_with_lags,0.05674706620198345
w_knn_without_lags,0.3856375702744826
w_knn_with_lags,0.0009909041515774677
w_xgb_without_lags,0.039476810155888144
w_xgb_with_lags,0.19814794768593796
w_lgbm_without_lags,0.0009904533216373308
w_lgbm_with_lags,0.133157878376052
