model,weight
w_holt_winters_full,6.395319814561138e-06
w_holt_winters_cleaned,0.0002799032318037181
w_rf_without_lags,0.3178205233995936
w_rf_with_lags,0.024612650488179406
w_knn_without_lags,0.24953174630832725
w_knn_with_lags,0.050037678273079894
w_xgb_without_lags,0.18584093680276595
w_xgb_with_lags,0.13727903455075685
w_lgbm_without_lags,0.007147264069129219
w_lgbm_with_lags,0.027443867556549636
