model,weight
w_holt_winters_full,0.29379679345334675
w_holt_winters_cleaned,0.22722223405016076
w_rf_without_lags,0.006046171702237571
w_rf_with_lags,0.020126910774858578
w_knn_without_lags,0.00025474610534589783
w_knn_with_lags,1.659813015569911e-06
w_xgb_without_lags,0.12796624213697744
w_xgb_with_lags,4.0023795097898714e-05
w_lgbm_without_lags,0.22688796538248412
w_lgbm_with_lags,0.09765725278647545
