model,weight
w_holt_winters_full,0.30159160524388345
w_holt_winters_cleaned,0.34321541803220734
w_rf_without_lags,0.007360670249506071
w_rf_with_lags,0.07387968531149282
w_knn_without_lags,0.0009075291233575252
w_knn_with_lags,0.014564172962657666
w_xgb_without_lags,0.05487973474074055
w_xgb_with_lags,0.1085811571853561
w_lgbm_without_lags,0.011087190987060984
w_lgbm_with_lags,0.0839328361637375
