model,weight
w_holt_winters_full,5.8824933046916996e-05
w_holt_winters_cleaned,0.00027013451757934906
w_rf_without_lags,0.022663419301130864
w_rf_with_lags,0.02901493198374843
w_knn_without_lags,0.09182998340876947
w_knn_with_lags,0.017469068864681626
w_xgb_without_lags,0.338904654648574
w_xgb_with_lags,0.03858533895747277
w_lgbm_without_lags,0.10447624775970099
w_lgbm_with_lags,0.3567273956252956
