model,weight
w_holt_winters_full,0.166773545678026
w_holt_winters_cleaned,0.24973441590977558
w_rf_without_lags,0.00017503831081234984
w_rf_with_lags,0.2783180771591889
w_knn_without_lags,0.011182463604034238
w_knn_with_lags,0.004910252396586214
w_xgb_without_lags,0.01631075108598531
w_xgb_with_lags,0.23054981927271193
w_lgbm_without_lags,0.0059965650985589055
w_lgbm_with_lags,0.03604907148432059
