model,weight
w_holt_winters_full,0.05444507670668497
w_holt_winters_cleaned,0.0006380394760625486
w_rf_without_lags,0.020840841066088675
w_rf_with_lags,0.0005212937168897419
w_knn_without_lags,0.3836754612307144
w_knn_with_lags,0.38578688839599323
w_xgb_without_lags,0.011711225432861022
w_xgb_with_lags,0.06958417931861219
w_lgbm_without_lags,0.03222217729495474
w_lgbm_with_lags,0.04057481736113854
