model,weight
w_holt_winters_full,0.029513041148152723
w_holt_winters_cleaned,0.5000171645653675
w_rf_without_lags,0.06492242689826486
w_rf_with_lags,0.00966731183626251
w_knn_without_lags,0.000228738417917808
w_knn_with_lags,4.370150096408762e-05
w_xgb_without_lags,0.35322163847813204
w_xgb_with_lags,0.021189140784991935
w_lgbm_without_lags,1.558162009777253e-05
w_lgbm_with_lags,0.021181254749848732
