model,weight
w_holt_winters_full,0.11247955507258611
w_holt_winters_cleaned,0.18778545704194627
w_rf_without_lags,0.04004181777041188
w_rf_with_lags,0.0003490632992643779
w_knn_without_lags,0.03140908526541725
w_knn_with_lags,0.00015415025368080892
w_xgb_without_lags,0.32108365774189435
w_xgb_with_lags,0.008032076800412844
w_lgbm_without_lags,0.28105260444076374
w_lgbm_with_lags,0.017612532313622403
