model,weight
w_holt_winters_full,0.007447684145335416
w_holt_winters_cleaned,0.0006115144164944812
w_rf_without_lags,0.13063780040940348
w_rf_with_lags,0.18446625265383498
w_knn_without_lags,0.2961617146471463
w_knn_with_lags,0.26464222228334705
w_xgb_without_lags,0.01389194029742846
w_xgb_with_lags,0.011488897755890537
w_lgbm_without_lags,0.033285731674522166
w_lgbm_with_lags,0.05736624171659699
