model,weight
w_holt_winters_full,0.010867626557319748
w_holt_winters_cleaned,0.06007488809860629
w_rf_without_lags,0.1763783307071761
w_rf_with_lags,0.01960704475305273
w_knn_without_lags,0.1353493859106512
w_knn_with_lags,0.2575200134137975
w_xgb_without_lags,9.758814556658281e-05
w_xgb_with_lags,0.31873562069738426
w_lgbm_without_lags,0.00014968421798632663
w_lgbm_with_lags,0.021219817498459227
