model,weight
w_holt_winters_full,0.023585026008684125
w_holt_winters_cleaned,0.013675633069133606
w_rf_without_lags,0.010722664435378478
w_rf_with_lags,0.10027430655469277
w_knn_without_lags,0.026751766722496892
w_knn_with_lags,0.031177992441133395
w_xgb_without_lags,0.06514183828099016
w_xgb_with_lags,0.3099718420112587
w_lgbm_without_lags,0.0009736340276333953
w_lgbm_with_lags,0.4177252964485984
