model,weight
w_holt_winters_full,0.025613529442750523
w_holt_winters_cleaned,0.00047730266343693536
w_rf_without_lags,0.000530660225827441
w_rf_with_lags,0.00017077320834006543
w_knn_without_lags,0.00014306096931797783
w_knn_with_lags,5.836257318743575e-05
w_xgb_without_lags,0.4430430922111294
w_xgb_with_lags,0.06612100789946407
w_lgbm_without_lags,0.3950996125889677
w_lgbm_with_lags,0.06874259821757848
