model,weight
w_holt_winters_full,0.049730107775267984
w_holt_winters_cleaned,0.02476362705379102
w_rf_without_lags,0.02016994986882016
w_rf_with_lags,0.01966765038302461
w_knn_without_lags,0.0202909707976917
w_knn_with_lags,8.717388468497055e-05
w_xgb_without_lags,0.124497504991449
w_xgb_with_lags,0.0008466057682006025
w_lgbm_without_lags,0.5157658679558821
w_lgbm_with_lags,0.22418054152118794
