model,weight
w_holt_winters_full,0.09026935194398603
w_holt_winters_cleaned,0.307862360151835
w_rf_without_lags,0.32560294833150266
w_rf_with_lags,0.01291686478897081
w_knn_without_lags,0.0787560006042678
w_knn_with_lags,0.006580376049534921
w_xgb_without_lags,0.034052778195639045
w_xgb_with_lags,0.12633130465112052
w_lgbm_without_lags,0.007119436117320011
w_lgbm_with_lags,0.010508579165823442
