model,weight
w_holt_winters_full,0.00011951046183540548
w_holt_winters_cleaned,0.10190651039307283
w_rf_without_lags,0.00012869972285510156
w_rf_with_lags,0.06725569881860789
w_knn_without_lags,0.016645084218394515
w_knn_with_lags,0.02979298174377467
w_xgb_without_lags,0.3511026004499771
w_xgb_with_lags,4.6772270677082296e-05
w_lgbm_without_lags,0.05650126338654202
w_lgbm_with_lags,0.37650087853426345
