model,weight
w_holt_winters_full,0.026126606833840826
w_holt_winters_cleaned,0.36917331177229873
w_rf_without_lags,0.02438169476882719
w_rf_with_lags,0.013425503110099336
w_knn_without_lags,0.03613300632573765
w_knn_with_lags,0.2557127747624439
w_xgb_without_lags,0.009989099410921076
w_xgb_with_lags,0.2211167008523089
w_lgbm_without_lags,0.028867637655948054
w_lgbm_with_lags,0.015073664507574134
