model,weight
w_holt_winters_full,0.020583011811093288
w_holt_winters_cleaned,0.0002525323269274806
w_rf_without_lags,0.3404116777344603
w_rf_with_lags,0.056723261517246756
w_knn_without_lags,0.3885563089443817
w_knn_with_lags,0.05347830441368257
w_xgb_without_lags,0.05182208484434956
w_xgb_with_lags,0.0012085702541052203
w_lgbm_without_lags,0.028006028445521698
w_lgbm_with_lags,0.05895821970823139
