model,weight
w_holt_winters_full,0.01810273163023861
w_holt_winters_cleaned,0.005354601920349507
w_rf_without_lags,0.18378342827276117
w_rf_with_lags,0.11072583473159497
w_knn_without_lags,0.006521495973742464
w_knn_with_lags,0.02765971854070036
w_xgb_without_lags,0.3015462373172156
w_xgb_with_lags,0.2994082148404717
w_lgbm_without_lags,0.03251650934301512
w_lgbm_with_lags,0.014381227429910494
