model,weight
w_holt_winters_full,0.02291075565301384
w_holt_winters_cleaned,0.10708083400637754
w_rf_without_lags,0.3690982881800878
w_rf_with_lags,0.06893164969040418
w_knn_without_lags,0.0015952781251413809
w_knn_with_lags,0.015075043352996203
w_xgb_without_lags,0.021265105251181648
w_xgb_with_lags,0.0004575022606872595
w_lgbm_without_lags,0.39330922372800436
w_lgbm_with_lags,0.0002763197521059627
