model,weight
w_holt_winters_full,0.15962592499511258
w_holt_winters_cleaned,0.26984799278482446
w_rf_without_lags,0.07809649234311578
w_rf_with_lags,0.0003560540217381004
w_knn_without_lags,0.020951780568574125
w_knn_with_lags,0.25653730438074845
w_xgb_without_lags,0.024864192918991956
w_xgb_with_lags,0.013343133898407253
w_lgbm_without_lags,0.1720317980568652
w_lgbm_with_lags,0.0043453260316221026
