model,weight
w_holt_winters_full,0.020569502610076278
w_holt_winters_cleaned,0.00033478691991578277
w_rf_without_lags,0.08381326944864606
w_rf_with_lags,0.354597676528812
w_knn_without_lags,0.26379137417585236
w_knn_with_lags,1.2465130678426727e-05
w_xgb_without_lags,0.19292699532677238
w_xgb_with_lags,0.011990800273904772
w_lgbm_without_lags,0.04846400837137046
w_lgbm_with_lags,0.023499121213971415
