model,weight
w_holt_winters_full,0.24631473075236848
w_holt_winters_cleaned,0.02086848726534159
w_rf_without_lags,0.23418912282099405
w_rf_with_lags,0.03698676955904413
w_knn_without_lags,0.3208428162199979
w_knn_with_lags,4.209966713971528e-05
w_xgb_without_lags,0.034155421059719
w_xgb_with_lags,0.00015043187363455242
w_lgbm_without_lags,0.10038309652752996
w_lgbm_with_lags,0.006067024254230516
