model,weight
w_holt_winters_full,0.01318971827893245
w_holt_winters_cleaned,0.18439440023461942
w_rf_without_lags,0.004641418900630662
w_rf_with_lags,0.0003154962856948288
w_knn_without_lags,0.25736954352966135
w_knn_with_lags,0.25902619547769257
w_xgb_without_lags,0.017143472538984777
w_xgb_with_lags,5.583228621834976e-05
w_lgbm_without_lags,0.25337425984573686
w_lgbm_with_lags,0.010489662621828698
