model,weight
w_holt_winters_full,0.04297934609351597
w_holt_winters_cleaned,0.03998104307526595
w_rf_without_lags,0.011634095523414684
w_rf_with_lags,0.007635870639081897
w_knn_without_lags,0.3522592526775884
w_knn_with_lags,0.07710586470147324
w_xgb_without_lags,0.012469046140177204
w_xgb_with_lags,0.01591937637857889
w_lgbm_without_lags,0.36655702951673047
w_lgbm_with_lags,0.0734590752541734
