model,weight
w_holt_winters_full,0.015897976795111114
w_holt_winters_cleaned,0.023215329570097767
w_rf_without_lags,0.031871110122728995
w_rf_with_lags,0.007969467572064714
w_knn_without_lags,0.3405119945184158
w_knn_with_lags,0.4172836136475255
w_xgb_without_lags,0.015139680603169354
w_xgb_with_lags,0.034167068823754
w_lgbm_without_lags,0.0670421914183852
w_lgbm_with_lags,0.04690156692874747
