model,weight
w_holt_winters_full,0.17701152674771647
w_holt_winters_cleaned,0.11881274214294528
w_rf_without_lags,0.17157425756128136
w_rf_with_lags,0.008471721706384697
w_knn_without_lags,0.09863380856225719
w_knn_with_lags,0.14263610862538542
w_xgb_without_lags,0.11118878065431584
w_xgb_with_lags,0.11400063618261423
w_lgbm_without_lags,0.05765415402699376
w_lgbm_with_lags,1.6263790105594577e-05
