model,weight
w_holt_winters_full,0.023443307464584038
w_holt_winters_cleaned,0.009182212101999985
w_rf_without_lags,0.002024464386452914
w_rf_with_lags,0.00011754626613467696
w_knn_without_lags,0.5549668161757414
w_knn_with_lags,0.08910483058604941
w_xgb_without_lags,0.06895985797472112
w_xgb_with_lags,0.010990300282957199
w_lgbm_without_lags,0.05322125956433818
w_lgbm_with_lags,0.18798940519702112
