model,weight
w_holt_winters_full,0.02286550493114471
w_holt_winters_cleaned,0.0007396344624932679
w_rf_without_lags,0.06666349697040234
w_rf_with_lags,0.007348199512702391
w_knn_without_lags,0.228568368261094
w_knn_with_lags,0.0394570374828727
w_xgb_without_lags,0.2960773440520083
w_xgb_with_lags,0.00021091004750978704
w_lgbm_without_lags,0.33192222179092734
w_lgbm_with_lags,0.006147282488845133
