model,weight
w_holt_winters_full,0.3480244405685986
w_holt_winters_cleaned,0.25324542782744913
w_rf_without_lags,0.006984168886078327
w_rf_with_lags,0.002524341548905122
w_knn_without_lags,0.2598042792581293
w_knn_with_lags,0.058464717119952096
w_xgb_without_lags,0.01985798155268598
w_xgb_with_lags,0.018370076426039567
w_lgbm_without_lags,0.03252422680167086
w_lgbm_with_lags,0.00020034001049079136
