model,weight
w_holt_winters_full,0.0003801173760536199
w_holt_winters_cleaned,0.021193199829423526
w_rf_without_lags,0.0005547802576705384
w_rf_with_lags,0.012791661658904522
w_knn_without_lags,0.1820734438260401
w_knn_with_lags,0.1533034669513676
w_xgb_without_lags,0.14893342761655734
w_xgb_with_lags,0.14177655744011422
w_lgbm_without_lags,0.31656455175971365
w_lgbm_with_lags,0.022428793284154803
