model,weight
w_holt_winters_full,0.032844257165057
w_holt_winters_cleaned,0.018423693779862967
w_rf_without_lags,0.0063180974169601434
w_rf_with_lags,0.00954247369276589
w_knn_without_lags,0.2508620456498485
w_knn_with_lags,0.30780468970320646
w_xgb_without_lags,0.3026384749816566
w_xgb_with_lags,0.00034159863903350106
w_lgbm_without_lags,0.04806119566268328
w_lgbm_with_lags,0.023163473308925753
