model,weight
w_holt_winters_full,0.3189086842417113
w_holt_winters_cleaned,0.23800199640598027
w_rf_without_lags,0.0007222881543793351
w_rf_with_lags,0.13296780806617695
w_knn_without_lags,0.021222974814363447
w_knn_with_lags,0.001082183504030897
w_xgb_without_lags,8.377933339993389e-06
w_xgb_with_lags,0.0018262178318255188
w_lgbm_without_lags,0.0002063580780737574
w_lgbm_with_lags,0.2850531109701185
