model,weight
w_holt_winters_full,0.25722934983267265
w_holt_winters_cleaned,0.00047093013688315384
w_rf_without_lags,0.07376631459810502
w_rf_with_lags,0.001359527222795826
w_knn_without_lags,0.26430962979537387
w_knn_with_lags,0.006064353867319442
w_xgb_without_lags,0.2977366199624653
w_xgb_with_lags,0.08221781886756048
w_lgbm_without_lags,0.0004959095503871577
w_lgbm_with_lags,0.01634954616643713
