model,weight
w_holt_winters_full,0.045455792303976165
w_holt_winters_cleaned,0.10463294410070473
w_rf_without_lags,0.06267917565923042
w_rf_with_lags,0.10013659041789232
w_knn_without_lags,0.03647150222593525
w_knn_with_lags,9.335880118177416e-05
w_xgb_without_lags,0.24248313766782698
w_xgb_with_lags,0.028381585876825096
w_lgbm_without_lags,0.3784396202157416
w_lgbm_with_lags,0.0012262927306856673
