model,weight
w_holt_winters_full,0.00011360474992531921
w_holt_winters_cleaned,0.004785777434095424
w_rf_without_lags,0.19815314612446913
w_rf_with_lags,0.22656606713625477
w_knn_without_lags,0.009037766857966152
w_knn_with_lags,0.03834834539856237
w_xgb_without_lags,0.16250726326826204
w_xgb_with_lags,0.19993743058819677
w_lgbm_without_lags,0.025581307747355026
w_lgbm_with_lags,0.13496929069491295
