model,weight
w_holt_winters_full,0.3303766237356943
w_holt_winters_cleaned,0.3034209663391116
w_rf_without_lags,0.03907925710389333
w_rf_with_lags,0.024626823520685345
w_knn_without_lags,0.20116081094071248
w_knn_with_lags,0.0034539158722783738
w_xgb_without_lags,0.006068997571238138
w_xgb_with_lags,0.03952733305183702
w_lgbm_without_lags,0.008092636598925326
w_lgbm_with_lags,0.044192635265624045
