model,weight
w_holt_winters_full,0.2987661620823872
w_holt_winters_cleaned,0.29227657080641717
w_rf_without_lags,0.00016600187368279995
w_rf_with_lags,0.024559400388581475
w_knn_without_lags,0.02208824128786858
w_knn_with_lags,0.25272467012581007
w_xgb_without_lags,0.022871237377900238
w_xgb_with_lags,0.029820626369987266
w_lgbm_without_lags,0.016130556737637265
w_lgbm_with_lags,0.04059653294972793
