model,weight
w_holt_winters_full,0.037734528331853506
w_holt_winters_cleaned,0.006859380459604695
w_rf_without_lags,0.3674219605502674
w_rf_with_lags,0.09769484828272089
w_knn_without_lags,0.060194755154787886
w_knn_with_lags,0.3773583554532191
w_xgb_without_lags,0.04068863352914192
w_xgb_with_lags,0.0009287919839215376
w_lgbm_without_lags,0.006546902456012729
w_lgbm_with_lags,0.004571843798470277
