model,weight
w_holt_winters_full,6.84042013490081e-05
w_holt_winters_cleaned,0.01296950615820365
w_rf_without_lags,0.019044743454500107
w_rf_with_lags,0.010437942088678466
w_knn_without_lags,0.030235358832061937
w_knn_with_lags,0.20468156876714233
w_xgb_without_lags,0.044085147541284384
w_xgb_with_lags,0.0157778662771299
w_lgbm_without_lags,0.4772453996355694
w_lgbm_with_lags,0.1854540630440807
