model,weight
w_holt_winters_full,0.0330949147461476
w_holt_winters_cleaned,0.000153822551539672
w_rf_without_lags,0.025398581793135793
w_rf_with_lags,0.01952460090034921
w_knn_without_lags,0.18170340121361275
w_knn_with_lags,0.26579093250293495
w_xgb_without_lags,0.07269545027987903
w_xgb_with_lags,0.013301628971718478
w_lgbm_without_lags,0.026965444403087027
w_lgbm_with_lags,0.36137122263759536
