model,weight
w_holt_winters_full,3.8804230155474875e-05
w_holt_winters_cleaned,0.00016683834836060134
w_rf_without_lags,0.03369815316530087
w_rf_with_lags,0.11665871275833557
w_knn_without_lags,0.10527558592955619
w_knn_with_lags,0.1703224513519819
w_xgb_without_lags,0.01496470571899318
w_xgb_with_lags,0.2524244563804027
w_lgbm_without_lags,0.23955098779344128
w_lgbm_with_lags,0.0668993043234721
