model,weight
w_holt_winters_full,0.23971886159107877
w_holt_winters_cleaned,0.25222982752813844
w_rf_without_lags,0.10397075528160275
w_rf_with_lags,1.142885800440822e-05
w_knn_without_lags,0.11755893443856552
w_knn_with_lags,0.22275800134491744
w_xgb_without_lags,0.021517377732755128
w_xgb_with_lags,2.2335593757570748e-05
w_lgbm_without_lags,0.04179602552834425
w_lgbm_with_lags,0.0004164521028356946
