model,weight
w_holt_winters_full,0.010919348901986141
w_holt_winters_cleaned,0.007676625986364832
w_rf_without_lags,0.023930613154180994
w_rf_with_lags,0.01888755599563164
w_knn_without_lags,0.2935162826370134
w_knn_with_lags,0.008856966422771683
w_xgb_without_lags,0.24852911989639953
w_xgb_with_lags,0.043309348101996784
w_lgbm_without_lags,0.3170982646057904
w_lgbm_with_lags,0.027275874297864468
