model,weight
w_holt_winters_full,0.008351063007974774
w_holt_winters_cleaned,0.009749908340478505
w_rf_without_lags,0.012496727494205752
w_rf_with_lags,0.016106221577487995
w_knn_without_lags,0.26776038719115547
w_knn_with_lags,0.22502886637050698
w_xgb_without_lags,0.3816340772733451
w_xgb_with_lags,0.026098244456987735
w_lgbm_without_lags,0.02356418348465644
w_lgbm_with_lags,0.0292103208032015
