model,weight
w_holt_winters_full,2.8176366391679782e-05
w_holt_winters_cleaned,0.004327262731356402
w_rf_without_lags,0.1932905353794657
w_rf_with_lags,0.19689855292632888
w_knn_without_lags,0.00045957916536566273
w_knn_with_lags,0.00325707113740122
w_xgb_without_lags,0.20690458972374387
w_xgb_with_lags,0.09381094174900632
w_lgbm_without_lags,0.19526988182856345
w_lgbm_with_lags,0.1057534089923767
