model,weight
w_holt_winters_full,0.20608392785395904
w_holt_winters_cleaned,0.23743327668025108
w_rf_without_lags,0.15156913171953929
w_rf_with_lags,0.012131070062324886
w_knn_without_lags,9.603542370536747e-05
w_knn_with_lags,0.0003360279585126705
w_xgb_without_lags,0.03585995352964371
w_xgb_with_lags,0.018659147380854526
w_lgbm_without_lags,0.2376788711340105
w_lgbm_with_lags,0.10015255825719893
