model,weight
w_holt_winters_full,0.050138288262917795
w_holt_winters_cleaned,0.05638880757343999
w_rf_without_lags,0.21447322333999197
w_rf_with_lags,0.09406010689473353
w_knn_without_lags,0.27385907823884714
w_knn_with_lags,0.01986517555424087
w_xgb_without_lags,0.24174694600180452
w_xgb_with_lags,0.022168455489011467
w_lgbm_without_lags,0.01590333184365366
w_lgbm_with_lags,0.011396586801358993
