model,weight
w_holt_winters_full,0.2619138466637654
w_holt_winters_cleaned,0.24040262401863363
w_rf_without_lags,0.0011359823751722752
w_rf_with_lags,0.001333462689632418
w_knn_without_lags,0.01671170993954139
w_knn_with_lags,0.3233997400051136
w_xgb_without_lags,3.94581084360953e-05
w_xgb_with_lags,0.1289308050006153
w_lgbm_without_lags,0.005669792838763954
w_lgbm_with_lags,0.02046257836032573
