model,weight
w_holt_winters_full,0.08152536998225446
w_holt_winters_cleaned,0.2229348119195867
w_rf_without_lags,9.767964140680313e-05
w_rf_with_lags,0.006621886176503013
w_knn_without_lags,0.0418048134656282
w_knn_with_lags,0.02912957159489759
w_xgb_without_lags,0.009200003454181201
w_xgb_with_lags,0.33111959433429644
w_lgbm_without_lags,0.03284428703947876
w_lgbm_with_lags,0.24472198239176687
