model,weight
w_holt_winters_full,0.03385525037961746
w_holt_winters_cleaned,0.06326254814752222
w_rf_without_lags,0.02450208037133797
w_rf_with_lags,0.0076350912011525895
w_knn_without_lags,0.00665053565527218
w_knn_with_lags,0.009321719489255285
w_xgb_without_lags,0.01898830587781256
w_xgb_with_lags,0.3828415521083497
w_lgbm_without_lags,0.1373839773015006
w_lgbm_with_lags,0.3155589394681794
