model,weight
w_holt_winters_full,0.007466386614752772
w_holt_winters_cleaned,0.00648642122254415
w_rf_without_lags,0.008932430368148189
w_rf_with_lags,0.2278705463748171
w_knn_without_lags,0.3415883176446216
w_knn_with_lags,0.28900060203644834
w_xgb_without_lags,0.03705551531617653
w_xgb_with_lags,0.013554603659990968
w_lgbm_without_lags,0.015656783636153207
w_lgbm_with_lags,0.05238839312634715
