model,weight
w_holt_winters_full,0.2547741698604291
w_holt_winters_cleaned,0.28644621878034443
w_rf_without_lags,0.18762087687754334
w_rf_with_lags,6.773708583836122e-05
w_knn_without_lags,0.13272340889595272
w_knn_with_lags,0.03581382022632008
w_xgb_without_lags,0.06511192717070267
w_xgb_with_lags,0.01389938822815061
w_lgbm_without_lags,0.0175785063658614
w_lgbm_with_lags,0.00596394650885721
