model,weight
w_holt_winters_full,0.00724298748740717
w_holt_winters_cleaned,0.0004243666915533038
w_rf_without_lags,0.03427700958379159
w_rf_with_lags,0.24262077226894702
w_knn_without_lags,0.027788954057118433
w_knn_with_lags,0.43661470364111776
w_xgb_without_lags,0.020452056240650503
w_xgb_with_lags,0.017656640048038772
w_lgbm_without_lags,0.00380528889365681
w_lgbm_with_lags,0.20911722108771852
