model,weight
w_holt_winters_full,0.16451010378298148
w_holt_winters_cleaned,0.28121391958307873
w_rf_without_lags,0.0001407529647064567
w_rf_with_lags,0.00655099415444407
w_knn_without_lags,0.019550047852223775
w_knn_with_lags,0.0288276012226547
w_xgb_without_lags,0.04910854252039935
w_xgb_with_lags,0.21743116063117163
w_lgbm_without_lags,0.005193217064496207
w_lgbm_with_lags,0.22747366022384374
