model,weight
w_holt_winters_full,0.39061235804289113
w_holt_winters_cleaned,0.005150778004323631
w_rf_without_lags,0.06636396629197412
w_rf_with_lags,0.01366079325715406
w_knn_without_lags,9.811922723477267e-05
w_knn_with_lags,0.00016483542856375144
w_xgb_without_lags,0.11007356083688205
w_xgb_with_lags,0.40382107354200686
w_lgbm_without_lags,0.009820203822638818
w_lgbm_with_lags,0.00023431154633087663
