model,weight
w_holt_winters_full,0.2949743905230707
w_holt_winters_cleaned,0.25071865324250114
w_rf_without_lags,0.007272047424195295
w_rf_with_lags,0.023637310337149033
w_knn_without_lags,4.648359924201893e-05
w_knn_with_lags,0.02188208757760972
w_xgb_without_lags,0.006317422431891552
w_xgb_with_lags,0.2088725277657571
w_lgbm_without_lags,0.09868050988767231
w_lgbm_with_lags,0.08759856721091124
