model,weight
w_holt_winters_full,0.36878320853417457
w_holt_winters_cleaned,0.2693006777294134
w_rf_without_lags,0.0018668816153275024
w_rf_with_lags,0.006874644749546533
w_knn_without_lags,0.008306255734113643
w_knn_with_lags,0.019817051986132508
w_xgb_without_lags,0.010603580898796398
w_xgb_with_lags,0.000303703025741482
w_lgbm_without_lags,0.3140004459333353
w_lgbm_with_lags,0.00014354979341853246
