model,weight
w_holt_winters_full,0.12777470273076888
w_holt_winters_cleaned,0.20693568006956306
w_rf_without_lags,0.009942149131709264
w_rf_with_lags,0.01739230876487914
w_knn_without_lags,0.0001701377866333739
w_knn_with_lags,0.0003366375417757745
w_xgb_without_lags,0.10683828217990546
w_xgb_with_lags,0.009007898221522256
w_lgbm_without_lags,0.4765665257542963
w_lgbm_with_lags,0.04503567781894648
