model,weight
w_holt_winters_full,0.07278431117831755
w_holt_winters_cleaned,0.03427960753882973
w_rf_without_lags,0.3298682696257106
w_rf_with_lags,0.03367485108732956
w_knn_without_lags,8.285194996634911e-05
w_knn_with_lags,0.026740672305095817
w_xgb_without_lags,0.16133993345868933
w_xgb_with_lags,0.03140411206352062
w_lgbm_without_lags,0.2709477329850363
w_lgbm_with_lags,0.03887765780750427
