model,weight
w_holt_winters_full,0.23217111195751933
w_holt_winters_cleaned,0.2290228511168678
w_rf_without_lags,0.010036601887177535
w_rf_with_lags,0.2110863288206873
w_knn_without_lags,0.006617199158012722
w_knn_with_lags,0.2324228062052811
w_xgb_without_lags,0.006469659639091734
w_xgb_with_lags,0.04042775760803831
w_lgbm_without_lags,0.01906511325691492
w_lgbm_with_lags,0.012680570350409197
