model,weight
w_holt_winters_full,0.00026222538563062324
w_holt_winters_cleaned,0.15467445417360062
w_rf_without_lags,0.009750440684188557
w_rf_with_lags,0.0004857095753785129
w_knn_without_lags,0.05289585463540265
w_knn_with_lags,0.021079233074685465
w_xgb_without_lags,0.4483921425806733
w_xgb_with_lags,0.0005252315240707609
w_lgbm_without_lags,0.29932357145583244
w_lgbm_with_lags,0.012611136910537054
