model,weight
w_holt_winters_full,0.22697825261188923
w_holt_winters_cleaned,0.0007043645415387031
w_rf_without_lags,0.31386125677338694
w_rf_with_lags,0.1088238707584763
w_knn_without_lags,0.29257702375714606
w_knn_with_lags,0.007152592330369872
w_xgb_without_lags,0.007313789894505178
w_xgb_with_lags,0.0001227465818525994
w_lgbm_without_lags,0.02599809739619096
w_lgbm_with_lags,0.01646800535464419
