model,weight
w_holt_winters_full,0.36837948442214363
w_holt_winters_cleaned,0.35316803540643993
w_rf_without_lags,0.0011604801460223433
w_rf_with_lags,0.02085571708653946
w_knn_without_lags,0.08491241062946714
w_knn_with_lags,0.014007556645222357
w_xgb_without_lags,0.03823781594191278
w_xgb_with_lags,0.009929821058522345
w_lgbm_without_lags,0.06233887751817459
w_lgbm_with_lags,0.04700980114555547
