model,weight
w_holt_winters_full,0.27997570307574904
w_holt_winters_cleaned,0.01243040470606039
w_rf_without_lags,0.18390777151666043
w_rf_with_lags,0.007171096970913917
w_knn_without_lags,0.1263427805355892
w_knn_with_lags,6.7994186061878164e-06
w_xgb_without_lags,0.0077941406574021585
w_xgb_with_lags,0.05950054054888038
w_lgbm_without_lags,0.2850969946224218
w_lgbm_with_lags,0.03777376794771667
