model,weight
w_holt_winters_full,0.06945607549457601
w_holt_winters_cleaned,0.020964356788697572
w_rf_without_lags,0.612678682442057
w_rf_with_lags,6.888244037605417e-05
w_knn_without_lags,0.018659335338935823
w_knn_with_lags,0.0366690055977294
w_xgb_without_lags,0.026890490966515423
w_xgb_with_lags,0.12162603978601562
w_lgbm_without_lags,0.0035039416682392157
w_lgbm_with_lags,0.08948318947685775
