model,weight
w_holt_winters_full,0.13679130677373685
w_holt_winters_cleaned,0.01611840863826904
w_rf_without_lags,0.014686965584923033
w_rf_with_lags,0.008339234335465925
w_knn_without_lags,0.1507761693563776
w_knn_with_lags,9.965186473670908e-05
w_xgb_without_lags,0.3374946388820547
w_xgb_with_lags,0.02050426364534569
w_lgbm_without_lags,0.008786625680713117
w_lgbm_with_lags,0.30640273523837736
