model,weight
w_holt_winters_full,0.04082216715501962
w_holt_winters_cleaned,0.022188921119071184
w_rf_without_lags,0.3538193002228841
w_rf_with_lags,0.009187832149551284
w_knn_without_lags,0.46202530350089216
w_knn_with_lags,0.00010481115942610891
w_xgb_without_lags,0.024395579352583612
w_xgb_with_lags,0.05865950709375367
w_lgbm_without_lags,0.019875177539664127
w_lgbm_with_lags,0.008921400707154116
