model,weight
w_holt_winters_full,0.007564597161931583
w_holt_winters_cleaned,7.11148170573697e-05
w_rf_without_lags,0.00027184088416210293
w_rf_with_lags,0.011823504215713317
w_knn_without_lags,0.017372942980998122
w_knn_with_lags,0.24706426089780636
w_xgb_without_lags,0.29221439070830313
w_xgb_with_lags,0.043157873176001484
w_lgbm_without_lags,0.07113737360126085
w_lgbm_with_lags,0.30932210155676565
