model,weight
w_holt_winters_full,0.12183386166170102
w_holt_winters_cleaned,0.04097002440668783
w_rf_without_lags,0.07963195523993667
w_rf_with_lags,0.0033272334335277924
w_knn_without_lags,0.011858293860125619
w_knn_with_lags,0.008986811141160992
w_xgb_without_lags,0.0062496347582085485
w_xgb_with_lags,0.34033026435878305
w_lgbm_without_lags,0.01290861181263558
w_lgbm_with_lags,0.3739033093272329
