model,weight
w_holt_winters_full,0.04555679421245095
w_holt_winters_cleaned,0.15901923603554632
w_rf_without_lags,0.0005284601296709285
w_rf_with_lags,9.709653032441934e-05
w_knn_without_lags,0.00030239975492958517
w_knn_with_lags,0.21744856485633327
w_xgb_without_lags,0.3058454157609863
w_xgb_with_lags,0.0580383664664969
w_lgbm_without_lags,0.21267055698157625
w_lgbm_with_lags,0.0004931092716850469
