model,weight
w_holt_winters_full,0.381260514654472
w_holt_winters_cleaned,0.05957333431617725
w_rf_without_lags,0.019648087630856178
w_rf_with_lags,3.5461998301745985e-06
w_knn_without_lags,0.03909831894220755
w_knn_with_lags,0.015911829966655362
w_xgb_without_lags,0.032531696911152874
w_xgb_with_lags,6.054988841386614e-05
w_lgbm_without_lags,0.051537559322381805
w_lgbm_with_lags,0.400374562167853
