model,weight
w_holt_winters_full,0.1302510462150786
w_holt_winters_cleaned,0.007631215827452321
w_rf_without_lags,0.04870089835812046
w_rf_with_lags,0.048644225912742756
w_knn_without_lags,0.005621698182861992
w_knn_with_lags,0.4979247064858394
w_xgb_without_lags,0.11213003068162217
w_xgb_with_lags,0.030411882026698527
w_lgbm_without_lags,0.013943147186508931
w_lgbm_with_lags,0.10474114912307479
