model,weight
w_holt_winters_full,0.037825042295139735
w_holt_winters_cleaned,0.025962732168067347
w_rf_without_lags,0.06291816769968998
w_rf_with_lags,0.026425300322268936
w_knn_without_lags,0.685401021931078
w_knn_with_lags,0.011237204259280934
w_xgb_without_lags,0.011044664416774657
w_xgb_with_lags,0.02208237326286534
w_lgbm_without_lags,0.07242831765504622
w_lgbm_with_lags,0.04467517598978884
