model,weight
w_holt_winters_full,0.03546911567611429
w_holt_winters_cleaned,0.15941642645071155
w_rf_without_lags,0.2848040576006893
w_rf_with_lags,0.01871973010035912
w_knn_without_lags,0.12474518311686268
w_knn_with_lags,2.469066410803759e-05
w_xgb_without_lags,0.012584458788115923
w_xgb_with_lags,0.300280942495522
w_lgbm_without_lags,0.0351225888134405
w_lgbm_with_lags,0.028832806294076488
