model,weight
w_holt_winters_full,0.05316653126759174
w_holt_winters_cleaned,0.013227490287071814
w_rf_without_lags,0.035086912236725235
w_rf_with_lags,0.005043177273727037
w_knn_without_lags,0.004987645949896126
w_knn_with_lags,0.0847225900494203
w_xgb_without_lags,0.2612520346004062
w_xgb_with_lags,0.2683050393181182
w_lgbm_without_lags,0.2695614482401312
w_lgbm_with_lags,0.004647130776912306
