model,weight
w_holt_winters_full,0.010230225533748747
w_holt_winters_cleaned,0.4842191531154778
w_rf_without_lags,0.039749696069194956
w_rf_with_lags,0.0001373389213253488
w_knn_without_lags,0.26432274899216657
w_knn_with_lags,0.010196988068094895
w_xgb_without_lags,0.06585354442241877
w_xgb_with_lags,0.05814244699557182
w_lgbm_without_lags,0.058176441250517956
w_lgbm_with_lags,0.008971416631483084
