model,weight
w_holt_winters_full,0.4680702484714658
w_holt_winters_cleaned,0.010430098817267398
w_rf_without_lags,0.44774026925434435
w_rf_with_lags,0.024208781941089306
w_knn_without_lags,0.0008873331091249382
w_knn_with_lags,2.3830031304934743e-05
w_xgb_without_lags,0.0006630205606284916
w_xgb_with_lags,0.008415838080506412
w_lgbm_without_lags,0.019032157709224687
w_lgbm_with_lags,0.02052842202504369
