model,weight
w_holt_winters_full,0.035223578526380764
w_holt_winters_cleaned,0.3682449553784687
w_rf_without_lags,0.03950661005649479
w_rf_with_lags,0.00021058009711735835
w_knn_without_lags,0.37488911602519903
w_knn_with_lags,0.02609806117563618
w_xgb_without_lags,0.1250159660321663
w_xgb_with_lags,0.0016798329087689095
w_lgbm_without_lags,0.02790890265114837
w_lgbm_with_lags,0.001222397148619668
