model,weight
w_holt_winters_full,0.00740760613118678
w_holt_winters_cleaned,0.05948425271296919
w_rf_without_lags,0.00013647476780944144
w_rf_with_lags,0.007142302085410801
w_knn_without_lags,0.11969649436920614
w_knn_with_lags,0.014848160588459372
w_xgb_without_lags,0.40456042504349166
w_xgb_with_lags,0.043693265936339154
w_lgbm_without_lags,0.3295075572434533
w_lgbm_with_lags,0.01352346112167411
