model,weight
w_holt_winters_full,0.0005343048054890115
w_holt_winters_cleaned,0.011418448169067908
w_rf_without_lags,0.35396775061046254
w_rf_with_lags,0.05614821921300801
w_knn_without_lags,0.00814288858828197
w_knn_with_lags,0.3945342622102909
w_xgb_without_lags,6.789512727679192e-05
w_xgb_with_lags,0.06365932842136227
w_lgbm_without_lags,0.06927605852678179
w_lgbm_with_lags,0.04225084432797876
