model,weight
w_holt_winters_full,0.09458138347777471
w_holt_winters_cleaned,0.015135466942630954
w_rf_without_lags,0.015206499861213587
w_rf_with_lags,0.018167460555828435
w_knn_without_lags,0.014298763816051288
w_knn_with_lags,0.05223435185682952
w_xgb_without_lags,0.231169404512415
w_xgb_with_lags,0.011379345397100568
w_lgbm_without_lags,0.40654944936296566
w_lgbm_with_lags,0.1412778742171903
