model,weight
w_holt_winters_full,0.18996075712019567
w_holt_winters_cleaned,0.1051499451086399
w_rf_without_lags,0.0321227602661958
w_rf_with_lags,0.010350863351283218
w_knn_without_lags,0.255718269297408
w_knn_with_lags,0.2640428587563509
w_xgb_without_lags,0.10572789515374735
w_xgb_with_lags,0.013584989897628347
w_lgbm_without_lags,0.023263986976802167
w_lgbm_with_lags,7.767407174869335e-05
