model,weight
w_holt_winters_full,0.07355940760209559
w_holt_winters_cleaned,0.01312617165179936
w_rf_without_lags,0.014094859404025578
w_rf_with_lags,0.00017019880604810992
w_knn_without_lags,0.02503327720794149
w_knn_with_lags,0.007128489343942725
w_xgb_without_lags,0.19773489818249923
w_xgb_with_lags,0.036019930886222594
w_lgbm_without_lags,0.34816639367045776
w_lgbm_with_lags,0.2849663732449675
