model,weight
w_holt_winters_full,0.2530280838506677
w_holt_winters_cleaned,0.2227587389072951
w_rf_without_lags,0.006327270187762874
w_rf_with_lags,0.013804667363445827
w_knn_without_lags,0.005623074037890882
w_knn_with_lags,0.28241765143265274
w_xgb_without_lags,0.0005244905563481914
w_xgb_with_lags,0.015100833222475619
w_lgbm_without_lags,0.008143861497866164
w_lgbm_with_lags,0.19227132894359478
