model,weight
w_holt_winters_full,0.42107345734747903
w_holt_winters_cleaned,0.35336947366388427
w_rf_without_lags,0.028505101437224692
w_rf_with_lags,6.150243957110209e-05
w_knn_without_lags,0.030842152610594368
w_knn_with_lags,0.085245974616175
w_xgb_without_lags,0.0003164245665888287
w_xgb_with_lags,0.027002293517437718
w_lgbm_without_lags,0.04224601896559995
w_lgbm_with_lags,0.011337600835445013
