model,weight
w_holt_winters_full,0.00029611430124161807
w_holt_winters_cleaned,0.0007398246594987893
w_rf_without_lags,0.15984803996308758
w_rf_with_lags,0.036880577303257805
w_knn_without_lags,0.018864604249439
w_knn_with_lags,0.1935209980872184
w_xgb_without_lags,0.40897507075106015
w_xgb_with_lags,0.0742062878135437
w_lgbm_without_lags,0.07180239516572175
w_lgbm_with_lags,0.03486608770593117
