model,weight
w_holt_winters_full,0.013150505017478976
w_holt_winters_cleaned,0.022418691092042666
w_rf_without_lags,0.040039923307824535
w_rf_with_lags,0.4713645033456477
w_knn_without_lags,0.06525088714933827
w_knn_with_lags,0.09114855186800284
w_xgb_without_lags,0.030764606959270836
w_xgb_with_lags,0.0010501967937262256
w_lgbm_without_lags,0.25567109979023844
w_lgbm_with_lags,0.009141034676429363
