model,weight
w_holt_winters_full,0.04602629958208553
w_holt_winters_cleaned,0.00021158886307070908
w_rf_without_lags,0.034611466293065385
w_rf_with_lags,0.021715730303297574
w_knn_without_lags,0.3274416047589558
w_knn_with_lags,0.025544217071637565
w_xgb_without_lags,0.23827970324886072
w_xgb_with_lags,0.01176108408302685
w_lgbm_without_lags,0.29436651346723125
w_lgbm_with_lags,4.179232876871568e-05
