model,weight
w_holt_winters_full,0.0046845851913594055
w_holt_winters_cleaned,0.003477043013322808
w_rf_without_lags,0.27648042662617056
w_rf_with_lags,0.14390634800430302
w_knn_without_lags,0.1459143945153354
w_knn_with_lags,0.12544150727997086
w_xgb_without_lags,0.26603540880206666
w_xgb_with_lags,0.0009504545234931182
w_lgbm_without_lags,0.02197209625752544
w_lgbm_with_lags,0.01113773578645268
