model,weight
w_holt_winters_full,0.05311567836027752
w_holt_winters_cleaned,0.18772887389565354
w_rf_without_lags,0.020926453262329836
w_rf_with_lags,0.02435296600383571
w_knn_without_lags,0.01249010262258621
w_knn_with_lags,0.007571633584747936
w_xgb_without_lags,0.08600571537764563
w_xgb_with_lags,0.26172664609287694
w_lgbm_without_lags,0.3404201905761802
w_lgbm_with_lags,0.005661740223866415
