model,weight
w_holt_winters_full,0.3649394897634514
w_holt_winters_cleaned,0.36917551163324336
w_rf_without_lags,0.05543209762195642
w_rf_with_lags,0.00017626566167511647
w_knn_without_lags,0.022194925362884997
w_knn_with_lags,0.001646219054773341
w_xgb_without_lags,0.006325193965689188
w_xgb_with_lags,0.12985712691931706
w_lgbm_without_lags,0.01933942229464111
w_lgbm_with_lags,0.030913747722368084
