model,weight
w_holt_winters_full,0.057546810554939654
w_holt_winters_cleaned,0.3243589901761975
w_rf_without_lags,0.00017204311677600207
w_rf_with_lags,0.0006935887281132394
w_knn_without_lags,0.006934761019603486
w_knn_with_lags,0.016170856112512486
w_xgb_without_lags,0.32010067323212194
w_xgb_with_lags,0.2665262011427558
w_lgbm_without_lags,0.007183999508193342
w_lgbm_with_lags,0.00031207640878644
