model,weight
w_holt_winters_full,0.25838796309596607
w_holt_winters_cleaned,0.030078281735989604
w_rf_without_lags,0.01224661242959607
w_rf_with_lags,0.07373402365467144
w_knn_without_lags,0.01739961953775214
w_knn_with_lags,0.43436114702144235
w_xgb_without_lags,0.009861954157041879
w_xgb_with_lags,0.07458508399594968
w_lgbm_without_lags,0.008079162356199873
w_lgbm_with_lags,0.08126615201539081
