model,weight
w_holt_winters_full,0.054769928345642274
w_holt_winters_cleaned,0.04057892099695876
w_rf_without_lags,0.0018397280306272682
w_rf_with_lags,0.19754481656014705
w_knn_without_lags,0.022573706484715163
w_knn_with_lags,0.00011643726981804425
w_xgb_without_lags,0.3475182646702901
w_xgb_with_lags,0.32460147876173706
w_lgbm_without_lags,0.006126984332950171
w_lgbm_with_lags,0.004329734547114282
