model,weight
w_holt_winters_full,0.04033372465726834
w_holt_winters_cleaned,0.06209415576664854
w_rf_without_lags,0.023263973962569916
w_rf_with_lags,0.022404816357341158
w_knn_without_lags,0.23702825901531038
w_knn_with_lags,0.03326864780512044
w_xgb_without_lags,0.00023268822756717975
w_xgb_with_lags,0.0649309473337141
w_lgbm_without_lags,0.5074068222546383
w_lgbm_with_lags,0.009035964619821688
