model,weight
w_holt_winters_full,0.037352186572126765
w_holt_winters_cleaned,0.06261284339481181
w_rf_without_lags,0.6159228847054404
w_rf_with_lags,0.011187401836564763
w_knn_without_lags,0.06624274011277557
w_knn_with_lags,0.022691223844219524
w_xgb_without_lags,0.031331559173119444
w_xgb_with_lags,8.527819076582693e-05
w_lgbm_without_lags,0.07468793767614183
w_lgbm_with_lags,0.07788594449403385
