model,weight
w_holt_winters_full,0.00045241593187321787
w_holt_winters_cleaned,0.06390411104874494
w_rf_without_lags,0.13879829160420654
w_rf_with_lags,0.003956713503513144
w_knn_without_lags,0.01896526089046256
w_knn_with_lags,0.16106907012315066
w_xgb_without_lags,0.042421455495491
w_xgb_with_lags,0.2731794402496
w_lgbm_without_lags,0.28241793842186963
w_lgbm_with_lags,0.01483530273108833
