model,weight
w_holt_winters_full,0.17577359034391452
w_holt_winters_cleaned,0.25357220337370356
w_rf_without_lags,0.04527648164182762
w_rf_with_lags,0.007358724560896859
w_knn_without_lags,0.01630103649584752
w_knn_with_lags,0.0012144207086441444
w_xgb_without_lags,0.393365753638127
w_xgb_with_lags,0.03482981510077103
w_lgbm_without_lags,0.034466251445191186
w_lgbm_with_lags,0.03784172269107647
