model,weight
w_holt_winters_full,0.01749248378534129
w_holt_winters_cleaned,0.028740623865102326
w_rf_without_lags,0.3180849903756504
w_rf_with_lags,0.18045474806295594
w_knn_without_lags,0.052472984992959146
w_knn_with_lags,9.165946841654584e-05
w_xgb_without_lags,0.010818819037120453
w_xgb_with_lags,0.009996405123129957
w_lgbm_without_lags,0.35204758297007804
w_lgbm_with_lags,0.029799702319245874
