model,weight
w_holt_winters_full,0.017859627047783367
w_holt_winters_cleaned,0.0005788695936872546
w_rf_without_lags,0.007561420838679678
w_rf_with_lags,0.044718698022879616
w_knn_without_lags,0.27491289166216243
w_knn_with_lags,0.030930672922269545
w_xgb_without_lags,0.44964964590744844
w_xgb_with_lags,0.12504002137292272
w_lgbm_without_lags,0.02449490279992285
w_lgbm_with_lags,0.024253249832243935
