model,weight
w_holt_winters_full,0.00010238182272965171
w_holt_winters_cleaned,0.009861508411516264
w_rf_without_lags,0.27551713444617415
w_rf_with_lags,0.22275815462778212
w_knn_without_lags,0.026604717774544033
w_knn_with_lags,0.27598616449582536
w_xgb_without_lags,0.021375047805295606
w_xgb_with_lags,3.565774619190994e-05
w_lgbm_without_lags,0.1075402746029538
w_lgbm_with_lags,0.06021895826698724
