model,weight
w_holt_winters_full,0.2859006034800645
w_holt_winters_cleaned,0.2681220294291286
w_rf_without_lags,0.02718036819016985
w_rf_with_lags,0.07199742038937726
w_knn_without_lags,0.007386333609333124
w_knn_with_lags,0.00012058099119749519
w_xgb_without_lags,0.009093973945585861
w_xgb_with_lags,0.07232708636646346
w_lgbm_without_lags,0.2495624632906914
w_lgbm_with_lags,0.00830914030798841
