model,weight
w_holt_winters_full,0.00015267360533046257
w_holt_winters_cleaned,0.017392314282369738
w_rf_without_lags,0.025117900564882334
w_rf_with_lags,0.008395221144260421
w_knn_without_lags,0.019809886609876346
w_knn_with_lags,0.40720092948743636
w_xgb_without_lags,0.37787564957425895
w_xgb_with_lags,0.09265709070920933
w_lgbm_without_lags,0.025136464139540703
w_lgbm_with_lags,0.026261869882835246
