model,weight
w_holt_winters_full,0.23354344569844201
w_holt_winters_cleaned,0.06819715050643599
w_rf_without_lags,0.02773030915387848
w_rf_with_lags,0.0001350834971859338
w_knn_without_lags,0.009210644945117584
w_knn_with_lags,0.009320829596218308
w_xgb_without_lags,0.06803144618378301
w_xgb_with_lags,0.3090714023417663
w_lgbm_without_lags,9.865511441557199e-06
w_lgbm_with_lags,0.27474982256573083
