model,weight
w_holt_winters_full,0.3783953346849566
w_holt_winters_cleaned,0.13595538357721235
w_rf_without_lags,0.0004021410859169568
w_rf_with_lags,0.25641218584193476
w_knn_without_lags,0.006428052271154946
w_knn_with_lags,0.05247458677597708
w_xgb_without_lags,0.007659265200415053
w_xgb_with_lags,0.015759553411012876
w_lgbm_without_lags,0.01978642820132737
w_lgbm_with_lags,0.12672706895009203
