model,weight
w_holt_winters_full,0.3830787980232298
w_holt_winters_cleaned,0.007783192876313603
w_rf_without_lags,0.08277703596955782
w_rf_with_lags,0.007636990114914986
w_knn_without_lags,0.01599754105461531
w_knn_with_lags,0.0075964491165907986
w_xgb_without_lags,0.15993043423866216
w_xgb_with_lags,0.018393818130294032
w_lgbm_without_lags,0.2819283099666899
w_lgbm_with_lags,0.03487743050913167
