model,weight
w_holt_winters_full,0.02506775510655947
w_holt_winters_cleaned,0.051101818539605826
w_rf_without_lags,0.20149651372677835
w_rf_with_lags,0.09450526541274544
w_knn_without_lags,0.4651073089561224
w_knn_with_lags,0.06241221335054331
w_xgb_without_lags,0.05458906000283672
w_xgb_with_lags,0.022097905560515555
w_lgbm_without_lags,0.009129070486820772
w_lgbm_with_lags,0.014493088857472242
