model,weight
w_holt_winters_full,0.0007791244162918532
w_holt_winters_cleaned,0.006144348354807762
w_rf_without_lags,0.15912063177168972
w_rf_with_lags,0.028483824150181924
w_knn_without_lags,0.257765932068174
w_knn_with_lags,0.03867859026715585
w_xgb_without_lags,0.22909066867353856
w_xgb_with_lags,0.0001654348113834327
w_lgbm_without_lags,0.008341263365448524
w_lgbm_with_lags,0.27143018212132836
