model,weight
w_holt_winters_full,0.0001276184171929742
w_holt_winters_cleaned,0.008212495925253466
w_rf_without_lags,0.016418901036501315
w_rf_with_lags,0.0004261745731833867
w_knn_without_lags,0.04954135874353977
w_knn_with_lags,0.014915478339160427
w_xgb_without_lags,0.45994245231209874
w_xgb_with_lags,0.07717235551503192
w_lgbm_without_lags,0.04268245093749066
w_lgbm_with_lags,0.33056071420054745
