model,weight
w_holt_winters_full,0.019422792795212095
w_holt_winters_cleaned,0.00037006353941547335
w_rf_without_lags,0.33096301896282576
w_rf_with_lags,0.3235920121650493
w_knn_without_lags,9.869771649336656e-06
w_knn_with_lags,0.000409939870988662
w_xgb_without_lags,0.12252246534320853
w_xgb_with_lags,0.05327158759628243
w_lgbm_without_lags,0.13934846411326218
w_lgbm_with_lags,0.010089785842106482
