model,weight
w_holt_winters_full,0.27289132766771873
w_holt_winters_cleaned,0.2643102306701119
w_rf_without_lags,0.12018543130244703
w_rf_with_lags,0.02869584535010688
w_knn_without_lags,0.020011798719568364
w_knn_with_lags,0.27594819766708556
w_xgb_without_lags,0.005634793074517625
w_xgb_with_lags,0.0018506304078218954
w_lgbm_without_lags,0.009105937272285905
w_lgbm_with_lags,0.0013658078683361416
