model,weight
w_holt_winters_full,0.33051658561966535
w_holt_winters_cleaned,0.20054357069080578
w_rf_without_lags,0.33160009263965007
w_rf_with_lags,0.026077294955312996
w_knn_without_lags,0.0005331407360891475
w_knn_with_lags,0.03486287774306675
w_xgb_without_lags,0.03346279235685953
w_xgb_with_lags,0.004605240873729577
w_lgbm_without_lags,0.005355649231201878
w_lgbm_with_lags,0.032442755153619
