model,weight
w_holt_winters_full,0.04709518312814846
w_holt_winters_cleaned,0.010717087640329727
w_rf_without_lags,0.00044555670463444503
w_rf_with_lags,0.08034337537281427
w_knn_without_lags,0.5079156093629442
w_knn_with_lags,0.009242836444431454
w_xgb_without_lags,0.04644848099225628
w_xgb_with_lags,0.050045662505804354
w_lgbm_without_lags,0.00031828446725435473
w_lgbm_with_lags,0.2474279233813826
