model,weight
w_holt_winters_full,0.04074733847701955
w_holt_winters_cleaned,0.02055635617687994
w_rf_without_lags,0.015408177907433073
w_rf_with_lags,0.014567540389763056
w_knn_without_lags,0.004875458503295368
w_knn_with_lags,0.0006627846472411133
w_xgb_without_lags,0.10447847719397485
w_xgb_with_lags,0.33433884370583883
w_lgbm_without_lags,0.12117677796754603
w_lgbm_with_lags,0.34318824503100814
