model,weight
w_holt_winters_full,0.029630070546272327
w_holt_winters_cleaned,0.0015691543585188788
w_rf_without_lags,0.05861436567664679
w_rf_with_lags,0.00013861022493576858
w_knn_without_lags,0.00010435482686869138
w_knn_with_lags,0.007616787351106232
w_xgb_without_lags,0.3598957284518359
w_xgb_with_lags,0.015246001600502409
w_lgbm_without_lags,0.18418228774860904
w_lgbm_with_lags,0.343002639214704
