model,weight
w_holt_winters_full,0.4376396023505036
w_holt_winters_cleaned,0.08436663862984983
w_rf_without_lags,0.009043178608394351
w_rf_with_lags,1.1767013842727348e-05
w_knn_without_lags,0.0005191616836033902
w_knn_with_lags,0.016171816503643223
w_xgb_without_lags,0.39341741345508746
w_xgb_with_lags,0.010796805467667588
w_lgbm_without_lags,0.009295430196371366
w_lgbm_with_lags,0.03873818609103634
