model,weight
w_holt_winters_full,0.32081667080506987
w_holt_winters_cleaned,0.01033545516920951
w_rf_without_lags,0.46503215191855
w_rf_with_lags,0.027251903900370394
w_knn_without_lags,0.041742972324931876
w_knn_with_lags,0.013108405073461272
w_xgb_without_lags,0.012108505380302585
w_xgb_with_lags,0.0448945389764028
w_lgbm_without_lags,0.06404317379639655
w_lgbm_with_lags,0.0006662226553050912
