model,weight
w_holt_winters_full,0.013324399250485047
w_holt_winters_cleaned,0.07001641512120138
w_rf_without_lags,0.09042642648291016
w_rf_with_lags,5.6187559495254017e-05
w_knn_without_lags,0.0006392567832254728
w_knn_with_lags,0.17684051139692156
w_xgb_without_lags,0.22047898731504356
w_xgb_with_lags,0.12803536608386448
w_lgbm_without_lags,0.26375599734670385
w_lgbm_with_lags,0.03642645266014931
