model,weight
w_holt_winters_full,0.017748351095531897
w_holt_winters_cleaned,0.00934901879495808
w_rf_without_lags,0.006791265755424075
w_rf_with_lags,0.015072287980378728
w_knn_without_lags,0.37633204145136023
w_knn_with_lags,0.19964413122439545
w_xgb_without_lags,0.22857162043624107
w_xgb_with_lags,0.07360439463424971
w_lgbm_without_lags,0.0569580053896351
w_lgbm_with_lags,0.015928883237825636
