model,weight
w_holt_winters_full,0.08276636955310666
w_holt_winters_cleaned,0.16937951560160275
w_rf_without_lags,0.000982417616810925
w_rf_with_lags,0.06054562877757068
w_knn_without_lags,0.00025201094806946326
w_knn_with_lags,0.0018956105688277662
w_xgb_without_lags,0.5146254694027813
w_xgb_with_lags,0.053780476366453986
w_lgbm_without_lags,0.02701340321879966
w_lgbm_with_lags,0.08875909794597679
