model,weight
w_holt_winters_full,0.006419836301591884
w_holt_winters_cleaned,0.28437455988117216
w_rf_without_lags,0.10159398552434969
w_rf_with_lags,0.003326457360043513
w_knn_without_lags,0.057114629071479475
w_knn_with_lags,0.00032543612384258307
w_xgb_without_lags,0.019792862029462618
w_xgb_with_lags,0.01347675481588718
w_lgbm_without_lags,0.2898757787308405
w_lgbm_with_lags,0.2236997001613305
