model,weight
w_holt_winters_full,0.01026840597714661
w_holt_winters_cleaned,0.025102525829158034
w_rf_without_lags,0.4925562946268491
w_rf_with_lags,0.02841070473993098
w_knn_without_lags,0.2110833908316514
w_knn_with_lags,0.0024815840892551525
w_xgb_without_lags,6.276162396713782e-05
w_xgb_with_lags,0.000841925240593135
w_lgbm_without_lags,0.20544412746372268
w_lgbm_with_lags,0.023748279577725764
