model,weight
w_holt_winters_full,0.029299369091007096
w_holt_winters_cleaned,0.06270685200039568
w_rf_without_lags,0.010076810012893693
w_rf_with_lags,0.024995114428670362
w_knn_without_lags,0.012417302206062368
w_knn_with_lags,0.24782399447693684
w_xgb_without_lags,0.266439481407461
w_xgb_with_lags,0.23294244712148543
w_lgbm_without_lags,0.00016062174504481987
w_lgbm_with_lags,0.11313800751004272
