model,weight
w_holt_winters_full,0.013052292877412507
w_holt_winters_cleaned,0.005422702975729553
w_rf_without_lags,0.12419292134127671
w_rf_with_lags,0.04121880959904401
w_knn_without_lags,0.19582229956143662
w_knn_with_lags,0.044805721880496766
w_xgb_without_lags,0.021343936526764636
w_xgb_with_lags,0.07314449836385092
w_lgbm_without_lags,0.4619119025413043
w_lgbm_with_lags,0.019084914332684055
