model,weight
w_holt_winters_full,0.0003730028275541252
w_holt_winters_cleaned,0.012311957696999162
w_rf_without_lags,0.5378652636189512
w_rf_with_lags,0.030229666662806267
w_knn_without_lags,0.2069373836488049
w_knn_with_lags,0.05019934014198014
w_xgb_without_lags,0.06950255501684299
w_xgb_with_lags,0.0004839913097173833
w_lgbm_without_lags,0.0011999115596322766
w_lgbm_with_lags,0.09089692751671138
