model,weight
w_holt_winters_full,0.058643091716960465
w_holt_winters_cleaned,0.2792270627713272
w_rf_without_lags,0.06489620112656398
w_rf_with_lags,0.00783244237396206
w_knn_without_lags,0.01281954642336123
w_knn_with_lags,0.011379162721620357
w_xgb_without_lags,0.011740532087067388
w_xgb_with_lags,0.00010846920444782731
w_lgbm_without_lags,0.27905429187691144
w_lgbm_with_lags,0.2742991996977779
