model,weight
w_holt_winters_full,0.15335158889903314
w_holt_winters_cleaned,0.017548489995180914
w_rf_without_lags,0.2902549717488141
w_rf_with_lags,0.0009951020789463313
w_knn_without_lags,0.39770752608052756
w_knn_with_lags,0.020719861377716125
w_xgb_without_lags,0.006770165276448821
w_xgb_with_lags,0.0008224362336528799
w_lgbm_without_lags,0.09240792440275371
w_lgbm_with_lags,0.019421933906926682
