model,weight
w_holt_winters_full,0.005347064082959642
w_holt_winters_cleaned,0.05495332419010912
w_rf_without_lags,0.312260567136689
w_rf_with_lags,0.020008447045542246
w_knn_without_lags,0.34063938528479343
w_knn_with_lags,0.065318496848976
w_xgb_without_lags,0.0381874256161583
w_xgb_with_lags,0.02847444716476285
w_lgbm_without_lags,0.09432685515914008
w_lgbm_with_lags,0.04048398747086952
