model,weight
w_holt_winters_full,0.3500089159709884
w_holt_winters_cleaned,0.11044164491846035
w_rf_without_lags,0.039803056529763806
w_rf_with_lags,0.009662014992440168
w_knn_without_lags,0.015432026889579897
w_knn_with_lags,0.37297376365196416
w_xgb_without_lags,0.0010337924731562565
w_xgb_with_lags,0.008084478032611595
w_lgbm_without_lags,0.010334441456668644
w_lgbm_with_lags,0.08222586508436662
