model,weight
w_holt_winters_full,0.35885353154288196
w_holt_winters_cleaned,0.3847306464995119
w_rf_without_lags,0.1483385335977469
w_rf_with_lags,0.04755327699090633
w_knn_without_lags,0.017985136050107278
w_knn_with_lags,0.013345143992631116
w_xgb_without_lags,0.00016455759404565258
w_xgb_with_lags,0.0015006062242624244
w_lgbm_without_lags,0.00045737962117793336
w_lgbm_with_lags,0.027071187886728708
