model,weight
w_holt_winters_full,0.3164459583448569
w_holt_winters_cleaned,0.43216781066367266
w_rf_without_lags,0.044327915170721134
w_rf_with_lags,0.04518372250704839
w_knn_without_lags,0.00010272640398685446
w_knn_with_lags,0.028117550606797312
w_xgb_without_lags,0.0006990838773241303
w_xgb_with_lags,0.019928191738367556
w_lgbm_without_lags,0.011931378588452316
w_lgbm_with_lags,0.10109566209877274
