model,weight
w_holt_winters_full,0.013706288936005194
w_holt_winters_cleaned,0.2846739924929951
w_rf_without_lags,0.26402638088500974
w_rf_with_lags,0.024596198307164373
w_knn_without_lags,0.0005907216708488804
w_knn_with_lags,0.07945875334287365
w_xgb_without_lags,0.0008957940984392742
w_xgb_with_lags,0.0007357224256337522
w_lgbm_without_lags,0.31502936999118414
w_lgbm_with_lags,0.016286777849845804
