model,weight
w_holt_winters_full,0.04688172120372055
w_holt_winters_cleaned,0.016134865920422913
w_rf_without_lags,0.3539536844023788
w_rf_with_lags,0.10683199575371938
w_knn_without_lags,0.3360623132652862
w_knn_with_lags,0.010334110383832853
w_xgb_without_lags,0.011679767324266075
w_xgb_with_lags,0.046744889175928825
w_lgbm_without_lags,0.03361355259153476
w_lgbm_with_lags,0.0377630999789097
