model,weight
w_holt_winters_full,0.008531659311114692
w_holt_winters_cleaned,0.012963812546310701
w_rf_without_lags,0.07747402913254192
w_rf_with_lags,0.11680485479620549
w_knn_without_lags,0.024954751002838244
w_knn_with_lags,0.02537697185824845
w_xgb_without_lags,0.35346795094117467
w_xgb_with_lags,0.038038430442099695
w_lgbm_without_lags,0.21471535362665567
w_lgbm_with_lags,0.12767218634281044
