model,weight
w_holt_winters_full,0.038144546392794895
w_holt_winters_cleaned,0.03509862409150627
w_rf_without_lags,0.017914862640636194
w_rf_with_lags,0.010694699285922324
w_knn_without_lags,0.00024658498160785397
w_knn_with_lags,0.013457346659556058
w_xgb_without_lags,0.3521954251355745
w_xgb_with_lags,0.026626306210066095
w_lgbm_without_lags,0.04713877462635974
w_lgbm_with_lags,0.45848282997597595
