model,weight
w_holt_winters_full,0.0247668480532125
w_holt_winters_cleaned,0.044981121831503955
w_rf_without_lags,0.04026648712290778
w_rf_with_lags,0.49404428549784113
w_knn_without_lags,0.049972733577715124
w_knn_with_lags,0.010828431483449594
w_xgb_without_lags,0.1465218544510576
w_xgb_with_lags,0.06566068416025707
w_lgbm_without_lags,0.004539658995554694
w_lgbm_with_lags,0.11841789482650057
