model,weight
w_holt_winters_full,0.009618477567608228
w_holt_winters_cleaned,0.1487920682686096
w_rf_without_lags,0.08537816461217324
w_rf_with_lags,0.0005275111735127002
w_knn_without_lags,0.0008319368655688398
w_knn_with_lags,0.009289970396532685
w_xgb_without_lags,0.49767415586944325
w_xgb_with_lags,0.16204596510499444
w_lgbm_without_lags,0.028181330314118163
w_lgbm_with_lags,0.05766041982743886
