model,weight
w_holt_winters_full,0.007985219007039114
w_holt_winters_cleaned,0.018336299546644126
w_rf_without_lags,0.02925230076104078
w_rf_with_lags,3.334273076922379e-05
w_knn_without_lags,0.05829647369734641
w_knn_with_lags,0.04989681996879203
w_xgb_without_lags,0.43615323835691905
w_xgb_with_lags,0.0006539566213924946
w_lgbm_without_lags,0.02800022307957668
w_lgbm_with_lags,0.37139212623048007
