model,weight
w_holt_winters_full,0.00013996664326828607
w_holt_winters_cleaned,0.0004494109337912499
w_rf_without_lags,0.04884085658564538
w_rf_with_lags,0.03810139421325944
w_knn_without_lags,0.3246609674092467
w_knn_with_lags,0.32615953677100873
w_xgb_without_lags,0.16528053730517853
w_xgb_with_lags,0.01589124730639811
w_lgbm_without_lags,0.07726612759368512
w_lgbm_with_lags,0.0032099552385184455
