model,weight
w_holt_winters_full,0.23665625988316713
w_holt_winters_cleaned,0.35766119718716394
w_rf_without_lags,0.008575617617798868
w_rf_with_lags,0.015208894596113534
w_knn_without_lags,0.29525995915584907
w_knn_with_lags,0.016495897455309536
w_xgb_without_lags,0.0003745683177172879
w_xgb_with_lags,0.035789844151481454
w_lgbm_without_lags,0.00013316919754414176
w_lgbm_with_lags,0.03384459243785489
