model,weight
w_holt_winters_full,0.11081785605681166
w_holt_winters_cleaned,0.013360999882979537
w_rf_without_lags,0.00026039819665889003
w_rf_with_lags,0.030244734276621596
w_knn_without_lags,0.03941364867754163
w_knn_with_lags,0.08329495230580185
w_xgb_without_lags,0.5634964485022258
w_xgb_with_lags,0.13828812530296675
w_lgbm_without_lags,0.009279536389918618
w_lgbm_with_lags,0.011543300408473789
