model,weight
w_holt_winters_full,0.0003813685647879667
w_holt_winters_cleaned,0.017000047015496293
w_rf_without_lags,0.017026049996884566
w_rf_with_lags,0.25486335872959226
w_knn_without_lags,0.03111126279134487
w_knn_with_lags,0.24887407596513608
w_xgb_without_lags,0.042317889433776824
w_xgb_with_lags,0.3615794535569878
w_lgbm_without_lags,0.00872795848095747
w_lgbm_with_lags,0.01811853546503579
