model,weight
w_holt_winters_full,0.015255949187291581
w_holt_winters_cleaned,0.0005049129828345332
w_rf_without_lags,0.02214785967411669
w_rf_with_lags,0.0005447960916242343
w_knn_without_lags,0.02055539156838235
w_knn_with_lags,0.035027305779811245
w_xgb_without_lags,0.15654074228362083
w_xgb_with_lags,0.33297063662065385
w_lgbm_without_lags,0.3224594383465663
w_lgbm_with_lags,0.09399296746509839
