model,weight
w_holt_winters_full,0.16803895053961168
w_holt_winters_cleaned,0.32606727735850327
w_rf_without_lags,0.28800565988917215
w_rf_with_lags,0.021196542063560104
w_knn_without_lags,0.07864168277817078
w_knn_with_lags,0.04931998857759794
w_xgb_without_lags,0.016491754803894816
w_xgb_with_lags,0.02760889891144401
w_lgbm_without_lags,0.017375327626449527
w_lgbm_with_lags,0.007253917451595663
