model,weight
w_holt_winters_full,0.016675197799839697
w_holt_winters_cleaned,0.2771778055355754
w_rf_without_lags,0.05751612448453703
w_rf_with_lags,0.006549401603042303
w_knn_without_lags,0.1756040639200763
w_knn_with_lags,0.005113035432956713
w_xgb_without_lags,0.0006777960372507001
w_xgb_with_lags,0.32907084976161477
w_lgbm_without_lags,0.13106385414884825
w_lgbm_with_lags,0.0005518712762588697
