model,weight
w_holt_winters_full,0.15181782869924831
w_holt_winters_cleaned,0.0002981852835327719
w_rf_without_lags,0.01980867835476751
w_rf_with_lags,0.08081788231598154
w_knn_without_lags,0.11226669162553105
w_knn_with_lags,0.0001650290827627144
w_xgb_without_lags,0.31409363069146673
w_xgb_with_lags,0.011878306567687222
w_lgbm_without_lags,0.3032830980929156
w_lgbm_with_lags,0.005570669286106547
