model,weight
w_holt_winters_full,0.18124407152643565
w_holt_winters_cleaned,0.22405666165399757
w_rf_without_lags,0.00010959533006711338
w_rf_with_lags,0.2174633897927806
w_knn_without_lags,5.6779755077818365e-05
w_knn_with_lags,0.13190452166002176
w_xgb_without_lags,0.00464938080911559
w_xgb_with_lags,0.18649158370218277
w_lgbm_without_lags,0.04946137702099135
w_lgbm_with_lags,0.00456263874932989
