model,weight
w_holt_winters_full,0.11493841321343183
w_holt_winters_cleaned,0.005782254381159377
w_rf_without_lags,0.25425160373031885
w_rf_with_lags,0.012596006479750746
w_knn_without_lags,0.010832951306873775
w_knn_with_lags,0.01025394607711559
w_xgb_without_lags,0.2806811559906957
w_xgb_with_lags,0.027612245834986966
w_lgbm_without_lags,0.27597419244559257
w_lgbm_with_lags,0.007077230540074577
