model,weight
w_holt_winters_full,0.011341692954298004
w_holt_winters_cleaned,0.011692011488623867
w_rf_without_lags,0.626561722223292
w_rf_with_lags,0.021388996862041917
w_knn_without_lags,0.06651623086605571
w_knn_with_lags,0.00018533709589352976
w_xgb_without_lags,0.0004299100895098512
w_xgb_with_lags,0.07758626723706448
w_lgbm_without_lags,0.023430458249229336
w_lgbm_with_lags,0.16086737293399128
