model,weight
w_holt_winters_full,0.26756086223269504
w_holt_winters_cleaned,0.0003697887536185833
w_rf_without_lags,0.1324428612456172
w_rf_with_lags,0.08945717972028512
w_knn_without_lags,0.005328775483558982
w_knn_with_lags,9.570991402900201e-05
w_xgb_without_lags,0.2608367078754132
w_xgb_with_lags,0.009575161472744554
w_lgbm_without_lags,0.22258067200404202
w_lgbm_with_lags,0.011752281297996303
