model,weight
w_holt_winters_full,0.1685623950999593
w_holt_winters_cleaned,0.0790107966064966
w_rf_without_lags,0.110060137643866
w_rf_with_lags,0.009121191464614067
w_knn_without_lags,0.14435153894081518
w_knn_with_lags,0.0002595008305499111
w_xgb_without_lags,0.03133105197538815
w_xgb_with_lags,0.4235403932554663
w_lgbm_without_lags,0.02633302513928786
w_lgbm_with_lags,0.007429969043556645
