model,weight
w_holt_winters_full,0.014238567798136323
w_holt_winters_cleaned,0.0002805150648082712
w_rf_without_lags,0.00010521707748378918
w_rf_with_lags,0.042272873929765156
w_knn_without_lags,0.5352854098283216
w_knn_with_lags,0.16608502879332132
w_xgb_without_lags,0.18567309853959937
w_xgb_with_lags,0.0003081745650365253
w_lgbm_without_lags,0.008817446887449688
w_lgbm_with_lags,0.046933667516077845
