model,weight
w_holt_winters_full,0.17757074627254107
w_holt_winters_cleaned,0.2037682859908986
w_rf_without_lags,0.00655347373839685
w_rf_with_lags,0.00017657919121132388
w_knn_without_lags,0.0003842064230433372
w_knn_with_lags,0.008149245644074217
w_xgb_without_lags,0.1949990381270482
w_xgb_with_lags,0.15540050150364118
w_lgbm_without_lags,0.2151058893872326
w_lgbm_with_lags,0.03789203372191243
