model,weight
w_holt_winters_full,0.028599767648942318
w_holt_winters_cleaned,0.00961861184582884
w_rf_without_lags,0.302489034241228
w_rf_with_lags,0.0002767880662767079
w_knn_without_lags,0.2811686932788825
w_knn_with_lags,0.01854044745526304
w_xgb_without_lags,0.0665341158144164
w_xgb_with_lags,0.27994776842057745
w_lgbm_without_lags,0.012338516156067299
w_lgbm_with_lags,0.00048625707251748846
