model,weight
w_holt_winters_full,0.011172328100212752
w_holt_winters_cleaned,0.33934316149069593
w_rf_without_lags,0.013553934368945425
w_rf_with_lags,0.004707566563487696
w_knn_without_lags,0.02190116043005002
w_knn_with_lags,0.11236515562116457
w_xgb_without_lags,0.29822634702603096
w_xgb_with_lags,0.11759890330245085
w_lgbm_without_lags,0.06510189470584786
w_lgbm_with_lags,0.01602954839111387
