model,weight
w_holt_winters_full,0.009500391930214796
w_holt_winters_cleaned,0.1349864357535472
w_rf_without_lags,0.07823379506854546
w_rf_with_lags,0.024703814556922978
w_knn_without_lags,0.029232806591976863
w_knn_with_lags,0.19916557973082757
w_xgb_without_lags,0.007769817936044293
w_xgb_with_lags,0.25493796000653624
w_lgbm_without_lags,0.25458083732202186
w_lgbm_with_lags,0.006888561103362696
