model,weight
w_holt_winters_full,0.3386129889752538
w_holt_winters_cleaned,0.45838491441714446
w_rf_without_lags,0.04127999843409738
w_rf_with_lags,0.04306381807353695
w_knn_without_lags,0.0391199798705912
w_knn_with_lags,0.007035124031953415
w_xgb_without_lags,0.0012573346395885396
w_xgb_with_lags,0.0004348212218477179
w_lgbm_without_lags,0.07079714200164806
w_lgbm_with_lags,1.3878334338477099e-05
