model,weight
w_holt_winters_full,0.2927847155841046
w_holt_winters_cleaned,0.25036643705753064
w_rf_without_lags,0.028066388954585856
w_rf_with_lags,0.00012142993289574018
w_knn_without_lags,0.19719536557302447
w_knn_with_lags,0.010594882739297125
w_xgb_without_lags,0.00037785512366935304
w_xgb_with_lags,0.0057315134968129846
w_lgbm_without_lags,0.193256762199236
w_lgbm_with_lags,0.021504649338843253
