model,weight
w_holt_winters_full,0.006666813233702634
w_holt_winters_cleaned,3.938204902731371e-05
w_rf_without_lags,0.049495429368052395
w_rf_with_lags,0.08001826510462119
w_knn_without_lags,0.03987712919497552
w_knn_with_lags,0.3168731569349967
w_xgb_without_lags,0.26291434128024377
w_xgb_with_lags,0.06673355675779892
w_lgbm_without_lags,0.16939604150312482
w_lgbm_with_lags,0.00798588457345679
