model,weight
w_holt_winters_full,0.358235863167
w_holt_winters_cleaned,0.36257911090018113
w_rf_without_lags,0.006072281076691935
w_rf_with_lags,0.012364817996980004
w_knn_without_lags,0.000959461798090478
w_knn_with_lags,0.03139980893692455
w_xgb_without_lags,0.07185354881181619
w_xgb_with_lags,0.09957456638676636
w_lgbm_without_lags,0.04087993874059336
w_lgbm_with_lags,0.016080602184956144
