model,weight
w_holt_winters_full,0.031457456213982084
w_holt_winters_cleaned,0.019710901912741
w_rf_without_lags,0.0201681450997751
w_rf_with_lags,0.06003648728912791
w_knn_without_lags,0.46904279680952715
w_knn_with_lags,0.0821641958534329
w_xgb_without_lags,0.01555417026059598
w_xgb_with_lags,0.016682523857011997
w_lgbm_without_lags,0.0165038570552079
w_lgbm_with_lags,0.2686794656485982
