model,weight
w_holt_winters_full,0.01898772833018623
w_holt_winters_cleaned,0.2107782708613865
w_rf_without_lags,0.010257763551526715
w_rf_with_lags,0.10348399954606208
w_knn_without_lags,1.840484269814983e-05
w_knn_with_lags,0.08457628193111452
w_xgb_without_lags,0.2459271669664218
w_xgb_with_lags,0.26088395056710223
w_lgbm_without_lags,0.05469989350164417
w_lgbm_with_lags,0.010386539901857516
