model,weight
w_holt_winters_full,0.009922083870966516
w_holt_winters_cleaned,0.001217056676275088
w_rf_without_lags,0.10694483751394677
w_rf_with_lags,7.770399814495944e-05
w_knn_without_lags,0.07315485493239965
w_knn_with_lags,0.0010793076712403485
w_xgb_without_lags,0.1916774477815427
w_xgb_with_lags,0.12476787073570052
w_lgbm_without_lags,0.4908796963902844
w_lgbm_with_lags,0.00027914042949907903
