model,weight
w_holt_winters_full,0.010256965806996749
w_holt_winters_cleaned,0.1811857920437883
w_rf_without_lags,0.5432235741944714
w_rf_with_lags,0.032690194686355124
w_knn_without_lags,0.04854705526068659
w_knn_with_lags,0.009947769089210981
w_xgb_without_lags,0.05016122687143463
w_xgb_with_lags,0.07992301173709015
w_lgbm_without_lags,0.00022275210140596972
w_lgbm_with_lags,0.04384165820856009
