model,weight
w_holt_winters_full,0.07774478412788739
w_holt_winters_cleaned,0.027446705012670103
w_rf_without_lags,0.0006360212969928253
w_rf_with_lags,0.007560486754469716
w_knn_without_lags,0.13618887328190815
w_knn_with_lags,0.0005827667737326283
w_xgb_without_lags,0.33736679817003723
w_xgb_with_lags,0.02831410269228514
w_lgbm_without_lags,0.3839768437570967
w_lgbm_with_lags,0.0001826181329201816
