model,weight
w_holt_winters_full,0.4627931038652457
w_holt_winters_cleaned,0.28791827260178027
w_rf_without_lags,0.0833347194958791
w_rf_with_lags,0.03551307279256917
w_knn_without_lags,0.014286259191225262
w_knn_with_lags,0.02074117728842457
w_xgb_without_lags,0.05731966959710493
w_xgb_with_lags,0.028738965333607328
w_lgbm_without_lags,0.009221606598520376
w_lgbm_with_lags,0.00013315323564319395
