model,weight
w_holt_winters_full,0.028897561996062127
w_holt_winters_cleaned,0.019690258985803386
w_rf_without_lags,0.041281081032905745
w_rf_with_lags,0.04237769131552022
w_knn_without_lags,0.008408261490691498
w_knn_with_lags,0.42981993735675256
w_xgb_without_lags,0.12454189377192816
w_xgb_with_lags,0.0007803439974661447
w_lgbm_without_lags,0.2740503557101633
w_lgbm_with_lags,0.03015261434270685
