model,weight
w_holt_winters_full,0.316577182366165
w_holt_winters_cleaned,0.008728617265473691
w_rf_without_lags,0.007870705430102879
w_rf_with_lags,0.03661107542489613
w_knn_without_lags,0.021523658652266027
w_knn_with_lags,0.00015853698857334198
w_xgb_without_lags,0.27961627201192896
w_xgb_with_lags,0.05218003920170425
w_lgbm_without_lags,0.2615062409816946
w_lgbm_with_lags,0.015227671677195112
