model,weight
w_holt_winters_full,0.005862126404846096
w_holt_winters_cleaned,0.011946437821830443
w_rf_without_lags,0.022186264313257962
w_rf_with_lags,0.35263232645012915
w_knn_without_lags,0.0073133340749954295
w_knn_with_lags,0.02860232899599323
w_xgb_without_lags,0.32327485929450817
w_xgb_with_lags,0.16592882735613176
w_lgbm_without_lags,0.0697559700569642
w_lgbm_with_lags,0.012497525231343587
