model,weight
w_holt_winters_full,0.0105505394091336
w_holt_winters_cleaned,0.3874212880514919
w_rf_without_lags,0.04805530876396804
w_rf_with_lags,0.000501190119594033
w_knn_without_lags,0.39587693369660854
w_knn_with_lags,0.0001801100428263036
w_xgb_without_lags,0.07299481952119545
w_xgb_with_lags,0.0004873463628815441
w_lgbm_without_lags,0.06067192551122448
w_lgbm_with_lags,0.023260538521075947
