model,weight
w_holt_winters_full,0.04158313211352653
w_holt_winters_cleaned,0.0005698735949924566
w_rf_without_lags,0.015795223756924444
w_rf_with_lags,0.0008423557394451284
w_knn_without_lags,0.3404228401779989
w_knn_with_lags,0.003757716407922731
w_xgb_without_lags,0.09007184690486382
w_xgb_with_lags,0.0005673558528047789
w_lgbm_without_lags,0.4581766762606584
w_lgbm_with_lags,0.04821297919086279
