model,weight
w_holt_winters_full,0.03109985721171597
w_holt_winters_cleaned,0.010258835475672487
w_rf_without_lags,0.024989693387644108
w_rf_with_lags,0.02172616456088756
w_knn_without_lags,0.014172640016108152
w_knn_with_lags,0.01680156630087447
w_xgb_without_lags,0.43074501524000136
w_xgb_with_lags,0.41562020348897327
w_lgbm_without_lags,0.03370293330209639
w_lgbm_with_lags,0.0008830910160262341
