model,weight
w_holt_winters_full,0.015823087369215928
w_holt_winters_cleaned,0.015125576500447008
w_rf_without_lags,0.00026500944568786267
w_rf_with_lags,0.27277495498696014
w_knn_without_lags,0.00018155543920799546
w_knn_with_lags,0.00028560773958635137
w_xgb_without_lags,0.41599238734713784
w_xgb_with_lags,0.0162523589262122
w_lgbm_without_lags,0.009366665859923077
w_lgbm_with_lags,0.2539327963856215
