model,weight
w_holt_winters_full,0.30075455793004524
w_holt_winters_cleaned,0.027726269898392986
w_rf_without_lags,0.12156310039794524
w_rf_with_lags,0.021147629239819866
w_knn_without_lags,0.2929726146785955
w_knn_with_lags,0.039919241134335856
w_xgb_without_lags,9.345165474173979e-05
w_xgb_with_lags,0.173112296885944
w_lgbm_without_lags,0.01750236540178043
w_lgbm_with_lags,0.005208472778399052
