model,weight
w_holt_winters_full,0.03164663989806554
w_holt_winters_cleaned,0.22505769917319698
w_rf_without_lags,0.18982626559003601
w_rf_with_lags,9.807659493392366e-05
w_knn_without_lags,0.27074208887358153
w_knn_with_lags,0.014066251745506502
w_xgb_without_lags,0.019428839775497996
w_xgb_with_lags,0.006634774395967241
w_lgbm_without_lags,0.23119106220745733
w_lgbm_with_lags,0.011308301745757005
