model,weight
w_holt_winters_full,0.33750153234298713
w_holt_winters_cleaned,0.27010402382100074
w_rf_without_lags,4.22579481593334e-05
w_rf_with_lags,0.008674008370313591
w_knn_without_lags,0.02730347750946671
w_knn_with_lags,0.00761509234465168
w_xgb_without_lags,0.00012341628916860396
w_xgb_with_lags,0.21429939501278888
w_lgbm_without_lags,0.00013818264589783016
w_lgbm_with_lags,0.1341986137155655
