model,weight
w_holt_winters_full,0.30684229192917944
w_holt_winters_cleaned,0.2998107272492931
w_rf_without_lags,0.007594617296273737
w_rf_with_lags,0.004455840386836462
w_knn_without_lags,6.193822461105384e-05
w_knn_with_lags,0.018995533079498226
w_xgb_without_lags,0.00015926234728436822
w_xgb_with_lags,0.054976757137822345
w_lgbm_without_lags,0.29433472915840286
w_lgbm_with_lags,0.012768303190798596
