model,weight
w_holt_winters_full,0.2159994783937434
w_holt_winters_cleaned,0.10946372059160178
w_rf_without_lags,0.01975984095058017
w_rf_with_lags,0.00010833558449071371
w_knn_without_lags,0.012259204035501596
w_knn_with_lags,0.020932619301544143
w_xgb_without_lags,0.2594476334685792
w_xgb_with_lags,0.0541333188317242
w_lgbm_without_lags,0.00907341736070289
w_lgbm_with_lags,0.2988224314815319
