model,weight
w_holt_winters_full,0.19792549079918748
w_holt_winters_cleaned,0.3589068869222881
w_rf_without_lags,0.018515684205499164
w_rf_with_lags,0.013712773718279449
w_knn_without_lags,0.011770672987295276
w_knn_with_lags,0.01642193111281896
w_xgb_without_lags,0.3613382876216569
w_xgb_with_lags,0.01279366223123256
w_lgbm_without_lags,0.0007625089157106402
w_lgbm_with_lags,0.007852101486031429
