model,weight
w_holt_winters_full,0.2884758884313001
w_holt_winters_cleaned,0.00018582541852820488
w_rf_without_lags,0.0006233675506140122
w_rf_with_lags,0.02653157901222918
w_knn_without_lags,0.024254645489149393
w_knn_with_lags,0.04371297080054262
w_xgb_without_lags,0.43035312952001714
w_xgb_with_lags,0.14055469152405586
w_lgbm_without_lags,0.035250054398560285
w_lgbm_with_lags,0.010057847855003021
