model,weight
w_holt_winters_full,0.04799838295095299
w_holt_winters_cleaned,0.001636713414507497
w_rf_without_lags,0.3360186636592359
w_rf_with_lags,0.01865846092509801
w_knn_without_lags,0.0002804479920166712
w_knn_with_lags,0.3957023048354413
w_xgb_without_lags,0.1993681749503247
w_xgb_with_lags,0.0001779035579891202
w_lgbm_without_lags,1.4249576712424036e-05
w_lgbm_with_lags,0.00014469813772151024
