model,weight
w_holt_winters_full,0.01222541817654219
w_holt_winters_cleaned,0.022604845270773413
w_rf_without_lags,0.29703161554097013
w_rf_with_lags,0.00011619918231617555
w_knn_without_lags,0.007806917177553796
w_knn_with_lags,0.32182213626599
w_xgb_without_lags,0.3121139681195024
w_xgb_with_lags,0.0001371366687970536
w_lgbm_without_lags,0.011132119911704593
w_lgbm_with_lags,0.015009643685850109
