model,weight
w_holt_winters_full,0.2505307507375742
w_holt_winters_cleaned,0.14504622921421628
w_rf_without_lags,1.784522655724848e-05
w_rf_with_lags,0.00032894095923240423
w_knn_without_lags,0.18508577984753394
w_knn_with_lags,0.047086374611320786
w_xgb_without_lags,0.10442291097015916
w_xgb_with_lags,0.06105329013077265
w_lgbm_without_lags,0.010916718884923337
w_lgbm_with_lags,0.19551115941770988
