model,weight
w_holt_winters_full,0.010590738841860436
w_holt_winters_cleaned,3.80316615369427e-06
w_rf_without_lags,0.18225083139230125
w_rf_with_lags,0.02685995943293941
w_knn_without_lags,0.016716493534525236
w_knn_with_lags,0.008108607462481434
w_xgb_without_lags,0.30491238043821045
w_xgb_with_lags,0.0785846406936378
w_lgbm_without_lags,0.3350672399643383
w_lgbm_with_lags,0.036905305073551935
