model,weight
w_holt_winters_full,0.12277660558556466
w_holt_winters_cleaned,0.12345969225773526
w_rf_without_lags,0.03273296848815427
w_rf_with_lags,0.04420099883023706
w_knn_without_lags,0.10121941982913422
w_knn_with_lags,0.5263445223055696
w_xgb_without_lags,0.0004963946361801674
w_xgb_with_lags,0.043294610818411725
w_lgbm_without_lags,4.88953668038332e-05
w_lgbm_with_lags,0.005425891882209316
