model,weight
w_holt_winters_full,0.00797871728531205
w_holt_winters_cleaned,0.21148404646303082
w_rf_without_lags,0.3573762729467072
w_rf_with_lags,0.18984468904732352
w_knn_without_lags,0.0002289872600458798
w_knn_with_lags,0.13191073883148025
w_xgb_without_lags,0.02249535372064269
w_xgb_with_lags,0.029043826565079558
w_lgbm_without_lags,0.03710343326676763
w_lgbm_with_lags,0.012533934613610331
