model,weight
w_holt_winters_full,0.013619622616491621
w_holt_winters_cleaned,0.01928202737901003
w_rf_without_lags,0.0964248781058123
w_rf_with_lags,0.025738770819201597
w_knn_without_lags,0.5748769277466299
w_knn_with_lags,0.03936122463007752
w_xgb_without_lags,0.12191842917784297
w_xgb_with_lags,0.03569167022171174
w_lgbm_without_lags,0.024334470650961365
w_lgbm_with_lags,0.048751978652261066
