model,weight
w_holt_winters_full,0.03844559623337836
w_holt_winters_cleaned,0.05869304448586855
w_rf_without_lags,0.3233694603595968
w_rf_with_lags,0.0007856360456372958
w_knn_without_lags,0.02077425008537485
w_knn_with_lags,0.13380191876708405
w_xgb_without_lags,0.3989950508787777
w_xgb_with_lags,0.010387304515031216
w_lgbm_without_lags,0.01396603186560873
w_lgbm_with_lags,0.0007817067636425789
