model,weight
w_holt_winters_full,0.09993366458066907
w_holt_winters_cleaned,0.008377622254083901
w_rf_without_lags,0.06843033434611656
w_rf_with_lags,0.017305520383343164
w_knn_without_lags,0.10269176280788854
w_knn_with_lags,0.040329983669945335
w_xgb_without_lags,0.3047174592115954
w_xgb_with_lags,0.339202230399983
w_lgbm_without_lags,0.013947291358087739
w_lgbm_with_lags,0.0050641309882873894
