model,weight
w_holt_winters_full,0.24576812069545254
w_holt_winters_cleaned,0.30271660914670373
w_rf_without_lags,0.0005549865210074919
w_rf_with_lags,0.00019458005979870223
w_knn_without_lags,0.03984826324650037
w_knn_with_lags,0.028552335229365667
w_xgb_without_lags,0.12199969054069132
w_xgb_with_lags,0.18856543209712504
w_lgbm_without_lags,0.0467491321090318
w_lgbm_with_lags,0.025050850354323324
