model,weight
w_holt_winters_full,0.3270059447901813
w_holt_winters_cleaned,0.32885867526274337
w_rf_without_lags,0.0001552392952512357
w_rf_with_lags,0.055655170652171064
w_knn_without_lags,0.05780948719447347
w_knn_with_lags,0.003922576444817349
w_xgb_without_lags,0.006834730809841269
w_xgb_with_lags,0.025584906290161406
w_lgbm_without_lags,0.12525361201738683
w_lgbm_with_lags,0.06891965724297265
