model,weight
w_holt_winters_full,0.1666125053239398
w_holt_winters_cleaned,0.05048579687906462
w_rf_without_lags,0.020830279160576393
w_rf_with_lags,0.050307819468899624
w_knn_without_lags,0.012738705553711666
w_knn_with_lags,0.00032841981567480216
w_xgb_without_lags,0.22832774393127572
w_xgb_with_lags,0.20309071233869797
w_lgbm_without_lags,0.007397152847891597
w_lgbm_with_lags,0.2598808646802678
