model,weight
w_holt_winters_full,5.29306568120953e-05
w_holt_winters_cleaned,0.2394242188179392
w_rf_without_lags,0.05281350203770684
w_rf_with_lags,0.014873004350087964
w_knn_without_lags,0.014292443045901874
w_knn_with_lags,0.0100182064261982
w_xgb_without_lags,0.20846912391374958
w_xgb_with_lags,0.015488497563681394
w_lgbm_without_lags,0.1809457587186547
w_lgbm_with_lags,0.26362231446926815
