parameter,value
alpha,8.192088154002661
l1_ratio,0.17304158843445633
scaler,robust
