parameter,value
alpha,3.0907728806244563
l1_ratio,0.24751432411986374
scaler,robust
