parameter,value
alpha,0.36327102357486296
l1_ratio,0.27217131145677853
scaler,standard
