parameter,value
alpha,2.4594395111293683
l1_ratio,0.05982550194308027
scaler,standard
