parameter,value
alpha,0.0004269681340940809
l1_ratio,0.1598095363867813
scaler,minmax
