parameter,value
alpha,0.2950123421203916
l1_ratio,0.10259252397652428
scaler,minmax
