parameter,value
alpha,0.4111859615201425
l1_ratio,0.6210578097127087
scaler,standard
