parameter,value
alpha,0.6418357077879491
l1_ratio,0.9218297715512748
scaler,robust
