parameter,value
alpha,0.000805215508751262
l1_ratio,0.28956447137936137
scaler,minmax
