parameter,value
alpha,2.9581182509919657
l1_ratio,0.4672721161007952
scaler,standard
