parameter,value
alpha,2.1769418021975
l1_ratio,0.9270682459901703
scaler,standard
