parameter,value
alpha,0.007756011688588792
l1_ratio,0.7487728362219493
scaler,minmax
