parameter,value
alpha,0.9250783693289244
l1_ratio,0.4221745313518117
scaler,standard
