parameter,value
alpha,1.0081000136939484
l1_ratio,0.5541174518325546
scaler,robust
