parameter,value
alpha,0.9258887489640167
l1_ratio,0.49778268632297706
scaler,standard
