parameter,value
alpha,0.9245641957063898
l1_ratio,0.35168406419260073
scaler,standard
