parameter,value
alpha,0.6853724365922705
l1_ratio,0.41814150579910825
scaler,standard
