parameter,value
alpha,4.733747743483825
l1_ratio,0.6091589182920544
scaler,standard
