parameter,value
alpha,0.5711222386397274
l1_ratio,0.8550590736440085
scaler,robust
