parameter,value
alpha,0.5518604929913908
l1_ratio,0.4834329204523613
scaler,robust
