parameter,value
alpha,0.09067751029649843
l1_ratio,0.010195681726473407
scaler,minmax
