parameter,value
alpha,2.160513552670645
l1_ratio,0.8998849509529042
scaler,standard
