parameter,value
alpha,0.1690291855751954
l1_ratio,0.7331225903211496
scaler,robust
