parameter,value
alpha,0.14137445668718923
l1_ratio,0.3867729148196807
scaler,minmax
