parameter,value
alpha,1.2048706334777562e-06
l1_ratio,0.008946556936309635
scaler,standard
