parameter,value
alpha,84.57255042977623
l1_ratio,0.3830270610071935
scaler,minmax
