parameter,value
alpha,0.11117418374334165
l1_ratio,0.9242799969467768
scaler,robust
