parameter,value
alpha,0.34343067295104646
l1_ratio,0.034392373157116636
scaler,robust
