parameter,value
alpha,5.318367913972072
l1_ratio,0.9681622763380048
scaler,standard
