parameter,value
alpha,0.765078591133192
l1_ratio,0.8697026470833845
scaler,robust
