parameter,value
alpha,0.03528598546716674
l1_ratio,0.8353621992587817
scaler,standard
