parameter,value
alpha,0.033421616465069075
l1_ratio,0.855734438630422
scaler,minmax
