parameter,value
alpha,0.6607878976182097
l1_ratio,0.4736699946786517
scaler,minmax
