parameter,value
alpha,0.0006785259588196911
l1_ratio,0.42473257403765285
scaler,minmax
