parameter,value
alpha,0.10874834664398039
l1_ratio,0.0923975299774033
scaler,minmax
