parameter,value
alpha,0.021722774753636705
l1_ratio,0.7700149754307419
scaler,minmax
