parameter,value
alpha,0.21628380602258537
l1_ratio,0.2194568639743762
scaler,robust
