parameter,value
alpha,0.05666066973533417
l1_ratio,0.9560032804031311
scaler,standard
