parameter,value
alpha,3.1411575136763137
l1_ratio,0.29306708318992614
scaler,standard
