parameter,value
alpha,0.6041669874513965
l1_ratio,0.6926820057102006
scaler,standard
