parameter,value
alpha,0.14094656655208568
l1_ratio,0.3389296568986758
scaler,minmax
