parameter,value
alpha,4.550168210210657
l1_ratio,0.6352886680387654
scaler,standard
