parameter,value
alpha,9.07995087135719
l1_ratio,0.9983550043857166
scaler,minmax
