parameter,value
alpha,0.14609130886929864
l1_ratio,0.09800001134936415
scaler,minmax
