parameter,value
alpha,0.5688748200986633
l1_ratio,0.9958488980270346
scaler,robust
