parameter,value
alpha,3.138850392120986
l1_ratio,0.72843419089238
scaler,minmax
