parameter,value
alpha,0.831670023550883
l1_ratio,0.7617117561510318
scaler,standard
