parameter,value
alpha,7.937957234899568
l1_ratio,0.0009964555381292203
scaler,standard
