parameter,value
alpha,13.201535078974066
l1_ratio,0.9107457114914428
scaler,standard
