parameter,value
alpha,11.545979409684932
l1_ratio,0.03446167823071262
scaler,robust
