parameter,value
alpha,0.3093841267035289
l1_ratio,0.7829371145930862
scaler,standard
