parameter,value
alpha,0.06330230204735635
l1_ratio,0.00027524006075526643
scaler,minmax
