parameter,value
alpha,0.00566200866086068
l1_ratio,0.15161266327943934
scaler,minmax
