parameter,value
alpha,7.718764004358624
l1_ratio,0.024093053508493438
scaler,standard
