parameter,value
alpha,1.692099412277904
l1_ratio,0.0013305013328606915
scaler,standard
