parameter,value
alpha,0.18987588985804654
l1_ratio,0.45089039612358445
scaler,minmax
