parameter,value
alpha,0.055481267233072326
l1_ratio,0.26278412669752466
scaler,minmax
