parameter,value
alpha,0.1499761580400787
l1_ratio,0.6442177831123121
scaler,standard
