parameter,value
alpha,1.1420746709218415
l1_ratio,0.9798527371446165
scaler,standard
