parameter,value
alpha,9.893238932030114
l1_ratio,0.000758392520367062
scaler,standard
