parameter,value
alpha,0.255922588621206
l1_ratio,0.48508140436294006
scaler,standard
