parameter,value
alpha,0.3374088372213146
l1_ratio,0.4732535133932599
scaler,minmax
