parameter,value
alpha,0.02906145271119304
l1_ratio,0.8994927805254244
scaler,minmax
