parameter,value
alpha,1.6997454639878111
l1_ratio,0.0022503223802958147
scaler,standard
