parameter,value
alpha,0.37569350079546915
l1_ratio,0.44341301499371577
scaler,minmax
