parameter,value
alpha,0.28302377695821684
l1_ratio,0.3278764672025379
scaler,standard
