parameter,value
alpha,1.3652181411329778
l1_ratio,0.9972071177611495
scaler,standard
