parameter,value
alpha,6857.116420936798
l1_ratio,0.34428055072848457
scaler,robust
