parameter,value
alpha,5.294835549450654
l1_ratio,0.9520733954733651
scaler,standard
