parameter,value
alpha,3.506916351893694
l1_ratio,0.8845366570402355
scaler,robust
