parameter,value
alpha,0.6295150246625405
l1_ratio,0.24360452442052213
scaler,minmax
