parameter,value
alpha,0.11691964911878752
l1_ratio,0.6806922338034231
scaler,standard
