parameter,value
alpha,1.0781001834306145
l1_ratio,0.4957569999257495
scaler,robust
