parameter,value
alpha,10.529303346490458
l1_ratio,0.8822014117369325
scaler,standard
