parameter,value
alpha,0.027890839084422272
l1_ratio,0.5938262286525111
scaler,minmax
