parameter,value
alpha,1.0825029548528389
l1_ratio,0.9694582420792686
scaler,minmax
