parameter,value
alpha,1714.2047116277802
l1_ratio,0.9974326027847773
scaler,robust
