parameter,value
alpha,3.306413631318054
l1_ratio,0.001534855995136166
scaler,standard
