parameter,value
alpha,0.13847840793219102
l1_ratio,0.0656305848185974
scaler,minmax
