parameter,value
alpha,2.940400368787368
l1_ratio,0.2347740754209673
scaler,robust
