parameter,value
alpha,4.099038573811082
l1_ratio,0.8927191351440679
scaler,standard
