parameter,value
alpha,2.9878778557457353
l1_ratio,0.06892424218232254
scaler,standard
