parameter,value
alpha,0.0027045737022260057
l1_ratio,0.0073685078872532395
scaler,minmax
