parameter,value
alpha,0.3876862802065243
l1_ratio,0.47434537072440286
scaler,standard
