parameter,value
alpha,0.5847975570176916
l1_ratio,0.9758905428130344
scaler,standard
