parameter,value
alpha,6.83582815688561
l1_ratio,0.06527729483587488
scaler,standard
