parameter,value
alpha,1.0182868746053322
l1_ratio,0.0152665359711045
scaler,robust
