parameter,value
alpha,0.10562635742752671
l1_ratio,0.019773566190783298
scaler,minmax
