parameter,value
alpha,4.48926026537366
l1_ratio,0.23215025877670842
scaler,standard
