parameter,value
alpha,9.066109132808286
l1_ratio,0.9876700639409304
scaler,standard
