parameter,value
alpha,0.09913510060371188
l1_ratio,0.4088845746013231
scaler,standard
