parameter,value
alpha,0.14070095630468504
l1_ratio,0.39243099148829097
scaler,standard
