parameter,value
alpha,0.18575634336085212
l1_ratio,0.08416773311326267
scaler,robust
