parameter,value
alpha,0.569653657802058
l1_ratio,0.7998374372059275
scaler,standard
