parameter,value
alpha,0.6541533097387398
l1_ratio,0.9868518306672599
scaler,minmax
