parameter,value
alpha,4.765906015265398
l1_ratio,0.043435461377328566
scaler,standard
