parameter,value
alpha,0.8718099364395763
l1_ratio,0.548910520055871
scaler,robust
