parameter,value
alpha,0.03333599732798068
l1_ratio,0.16888932313791738
scaler,minmax
