parameter,value
alpha,5.890676310198466
l1_ratio,0.006095100569815659
scaler,standard
