parameter,value
alpha,18.908732467311165
l1_ratio,0.0009803842923734318
scaler,standard
