parameter,value
alpha,0.07021193636765426
l1_ratio,0.27239484848970474
scaler,robust
