parameter,value
alpha,0.5121000919346653
l1_ratio,0.09173880749443611
scaler,standard
