parameter,value
alpha,0.2534043164019142
l1_ratio,0.4461876984303054
scaler,standard
