parameter,value
alpha,6.500498416923373
l1_ratio,0.8966670594412867
scaler,standard
