parameter,value
alpha,0.3734237650862771
l1_ratio,0.17636860108080757
scaler,minmax
