parameter,value
alpha,0.9027162737294502
l1_ratio,0.21069180702586732
scaler,standard
