parameter,value
alpha,0.12640041166164587
l1_ratio,0.041631508894306724
scaler,minmax
