parameter,value
alpha,0.6751062311838703
l1_ratio,0.05255989154776731
scaler,robust
