parameter,value
alpha,112.77077240207784
l1_ratio,0.9310236141774768
scaler,robust
