parameter,value
alpha,0.19428993875745462
l1_ratio,0.027663798984117888
scaler,minmax
