parameter,value
alpha,0.36934931874633525
l1_ratio,0.11603124938220359
scaler,robust
