parameter,value
alpha,0.04318043198362694
l1_ratio,0.8386213099182066
scaler,minmax
