parameter,value
alpha,0.10286370795578596
l1_ratio,0.839313726258717
scaler,minmax
