parameter,value
alpha,6718.2617109065195
l1_ratio,0.8649656293429595
scaler,robust
