parameter,value
alpha,0.4698452334768069
l1_ratio,0.678829499732774
scaler,minmax
