parameter,value
alpha,0.14364464861552134
l1_ratio,0.4754345131830585
scaler,standard
