parameter,value
alpha,1.4973838432589819
l1_ratio,0.7359022333930502
scaler,minmax
