parameter,value
alpha,3.3474252058479026
l1_ratio,0.030778746660487646
scaler,standard
