parameter,value
alpha,0.17005607213349097
l1_ratio,0.04722503394510062
scaler,minmax
