parameter,value
alpha,1.446063257387337
l1_ratio,0.09046084907950214
scaler,standard
