parameter,value
alpha,0.1872158262527583
l1_ratio,0.021609840766332884
scaler,standard
