parameter,value
alpha,3.423812813376251
l1_ratio,0.8663610782366311
scaler,standard
