parameter,value
alpha,0.14694290865351617
l1_ratio,0.05340153548997531
scaler,minmax
