parameter,value
alpha,0.6906056031409618
l1_ratio,0.02354011327244132
scaler,standard
