parameter,value
alpha,1.2001310137991557
l1_ratio,0.6542745049372068
scaler,standard
