parameter,value
alpha,2352.023613874577
l1_ratio,0.5608934749889534
scaler,robust
