parameter,value
alpha,3.2157817524025436
l1_ratio,0.9202377280246362
scaler,standard
