parameter,value
alpha,0.6731982830186517
l1_ratio,0.7665948808690888
scaler,robust
