parameter,value
alpha,1.0334545086584306
l1_ratio,0.061611991499977134
scaler,standard
