parameter,value
alpha,0.12176750879701292
l1_ratio,0.6037933909285597
scaler,standard
