parameter,value
alpha,2.301377551516479
l1_ratio,0.000154692119035656
scaler,robust
