parameter,value
alpha,1.7660531448610597
l1_ratio,0.817117482576203
scaler,robust
