parameter,value
alpha,21.34528456812087
l1_ratio,0.027638579471349803
scaler,standard
