parameter,value
alpha,411.0599436606138
l1_ratio,0.5393706072807166
scaler,robust
