parameter,value
alpha,0.7865287554526079
l1_ratio,0.9996384039099985
scaler,robust
