parameter,value
alpha,0.0840288014291241
l1_ratio,0.6676978232351494
scaler,minmax
