parameter,value
alpha,0.011618467126636124
l1_ratio,0.979297683367157
scaler,robust
