parameter,value
alpha,0.4371668451401238
l1_ratio,0.016396184845191675
scaler,robust
