parameter,value
alpha,0.029592341710012664
l1_ratio,0.030488135193731836
scaler,minmax
