parameter,value
alpha,0.33160536440693633
l1_ratio,0.48929523128773844
scaler,minmax
