parameter,value
alpha,4.124222182879871
l1_ratio,0.16603031713066596
scaler,standard
