parameter,value
alpha,0.22913425773824034
l1_ratio,0.9616013872018901
scaler,minmax
