parameter,value
alpha,0.0017695379922297166
l1_ratio,0.22087568655749554
scaler,minmax
