parameter,value
alpha,0.17314881972564491
l1_ratio,0.9911565349572902
scaler,standard
