parameter,value
alpha,1.630061082172473
l1_ratio,0.5786731696546218
scaler,standard
