parameter,value
alpha,0.952048029042515
l1_ratio,0.910200130982091
scaler,standard
