parameter,value
alpha,0.2970194623290545
l1_ratio,0.3493913271679885
scaler,standard
