parameter,value
alpha,0.7823816175678772
l1_ratio,0.5489742054605157
scaler,standard
