parameter,value
alpha,0.31079301354697275
l1_ratio,0.8384483045321673
scaler,robust
