parameter,value
alpha,0.2003233745488879
l1_ratio,0.7379110386930067
scaler,minmax
