parameter,value
alpha,0.0465328932688977
l1_ratio,0.7785830407560531
scaler,standard
