parameter,value
alpha,0.21733429061609988
l1_ratio,0.2254072101038804
scaler,robust
