parameter,value
alpha,5.018596974698956
l1_ratio,0.9258841747694652
scaler,standard
