parameter,value
alpha,0.05260605456648793
l1_ratio,0.3303032560348639
scaler,robust
