parameter,value
alpha,1.8340592568714644
l1_ratio,0.10881740475824035
scaler,robust
