parameter,value
alpha,200.2883426577794
l1_ratio,0.680285817977283
scaler,standard
