parameter,value
alpha,7.064724502352003
l1_ratio,0.4032522283833503
scaler,standard
