parameter,value
alpha,0.09386943309071213
l1_ratio,0.8668259388201272
scaler,standard
