parameter,value
alpha,2.7913464485192008
l1_ratio,0.0005959866479507414
scaler,robust
