parameter,value
alpha,19.368271398773945
l1_ratio,0.012394704870851193
scaler,standard
