parameter,value
alpha,0.027580169672622796
l1_ratio,0.8499581922838856
scaler,minmax
