parameter,value
alpha,0.19710576096939228
l1_ratio,0.0025872347135122327
scaler,minmax
