parameter,value
alpha,6.105660468395688
l1_ratio,0.9290101283296175
scaler,standard
