parameter,value
alpha,0.8881465545970413
l1_ratio,0.35913808680345904
scaler,standard
