parameter,value
alpha,6.850088477337591
l1_ratio,0.2155665098148667
scaler,robust
