parameter,value
alpha,0.042097690018985987
l1_ratio,0.0003478294822832906
scaler,minmax
