parameter,value
alpha,0.21227450657496477
l1_ratio,0.0258471638957554
scaler,minmax
