parameter,value
alpha,0.0064518412121647856
l1_ratio,0.2559128301779343
scaler,minmax
