parameter,value
alpha,2.622305018132746
l1_ratio,0.6326137866914978
scaler,standard
