parameter,value
alpha,0.400536495520976
l1_ratio,0.1282249232265028
scaler,standard
