parameter,value
alpha,0.8353186969533711
l1_ratio,0.992636127126464
scaler,standard
