parameter,value
alpha,1.1732369950160915
l1_ratio,0.458778957732079
scaler,standard
