parameter,value
alpha,0.6383652369661575
l1_ratio,0.6184896233067774
scaler,standard
