parameter,value
alpha,0.1620004689782842
l1_ratio,0.13174750827347737
scaler,standard
