parameter,value
alpha,5.853361146608863
l1_ratio,0.35108755824628
scaler,standard
