parameter,value
alpha,0.0016034354838275365
l1_ratio,0.9999717543079156
scaler,minmax
