parameter,value
alpha,1.8360099295866126
l1_ratio,0.2318100959879276
scaler,robust
