parameter,value
alpha,2.6804282411555658
l1_ratio,0.9438552275879672
scaler,standard
