parameter,value
alpha,0.28820241248068446
l1_ratio,0.008495146264225206
scaler,minmax
