parameter,value
alpha,0.2370902654214595
l1_ratio,0.9988398715728889
scaler,robust
