parameter,value
alpha,2.637979802820869
l1_ratio,0.07252418307914381
scaler,standard
