parameter,value
alpha,2.5156174027430884
l1_ratio,0.07336284612161803
scaler,robust
