parameter,value
alpha,3.5609798125851824
l1_ratio,0.4415132326099483
scaler,standard
