parameter,value
alpha,0.5198904588277213
l1_ratio,0.8242603408900746
scaler,standard
