parameter,value
alpha,1.204642508643111
l1_ratio,0.002262603867455238
scaler,standard
