parameter,value
alpha,0.03937860075235487
l1_ratio,0.8838587689228883
scaler,minmax
