parameter,value
alpha,0.5159500744520802
l1_ratio,0.41851092738059714
scaler,standard
