parameter,value
alpha,1.9489483489270591
l1_ratio,0.9918993665507813
scaler,robust
