parameter,value
alpha,3.70404303992681
l1_ratio,0.6961938000859615
scaler,standard
