parameter,value
alpha,0.0644842570536318
l1_ratio,0.9595558638604996
scaler,robust
