parameter,value
alpha,0.040543800332571114
l1_ratio,0.7494138414212888
scaler,minmax
