parameter,value
alpha,2.647931345941823
l1_ratio,0.19479467133875003
scaler,standard
