parameter,value
alpha,0.0671764808672416
l1_ratio,0.6403673435022136
scaler,standard
