parameter,value
alpha,1.0955604278159377
l1_ratio,0.6685863443052223
scaler,standard
