parameter,value
alpha,0.32570599957110324
l1_ratio,0.03840359201788297
scaler,minmax
