parameter,value
alpha,1.765764470910005
l1_ratio,0.47368100142684155
scaler,robust
