parameter,value
alpha,0.03087825063613763
l1_ratio,0.06230638319518994
scaler,minmax
