parameter,value
alpha,3.0684156947201657
l1_ratio,0.9572193946355141
scaler,standard
