parameter,value
alpha,0.8943165655392633
l1_ratio,0.1668184241141078
scaler,robust
