parameter,value
alpha,0.09064141042003579
l1_ratio,0.6399520514715002
scaler,minmax
