parameter,value
alpha,2.8871831239262478
l1_ratio,0.9406375191061338
scaler,standard
