parameter,value
alpha,8.893471565087802
l1_ratio,0.9804175577324132
scaler,standard
