parameter,value
alpha,0.01855283637794318
l1_ratio,0.11596098133333899
scaler,minmax
