parameter,value
alpha,0.06833946161233051
l1_ratio,0.5359358660921648
scaler,robust
