parameter,value
alpha,1.3240842771959218
l1_ratio,0.43581488699108784
scaler,standard
