parameter,value
alpha,0.03742976904186846
l1_ratio,0.029169863650411573
scaler,minmax
