parameter,value
alpha,0.019718878818687228
l1_ratio,0.6134184185062911
scaler,minmax
