parameter,value
alpha,0.4962822779086338
l1_ratio,0.6882638721719111
scaler,robust
