parameter,value
alpha,1.5748651601709354
l1_ratio,0.03909635485221119
scaler,standard
