parameter,value
alpha,3.870301291264793
l1_ratio,0.9560969042807977
scaler,standard
