parameter,value
alpha,4.910508932464905
l1_ratio,0.7899309901632411
scaler,standard
