parameter,value
alpha,4.582105566514769
l1_ratio,0.9995200238708585
scaler,standard
