parameter,value
alpha,7.3654838455577165
l1_ratio,0.0008789734580569863
scaler,robust
