parameter,value
alpha,0.03727020881816656
l1_ratio,0.08297284306733639
scaler,robust
