parameter,value
alpha,0.30434244915847875
l1_ratio,0.019497752216180136
scaler,robust
