parameter,value
alpha,18.241138422407907
l1_ratio,0.9998827603939147
scaler,standard
