parameter,value
alpha,0.047212080022726644
l1_ratio,0.5480881125405276
scaler,standard
