parameter,value
alpha,0.05543951621458438
l1_ratio,0.7052204546385811
scaler,minmax
