parameter,value
alpha,1.0018108021370593
l1_ratio,0.10918850600403261
scaler,standard
