parameter,value
alpha,1197.8684505189524
l1_ratio,0.06603732054446787
scaler,robust
