parameter,value
alpha,0.33969176293713327
l1_ratio,0.09004767527059529
scaler,minmax
