parameter,value
alpha,0.5037183997706578
l1_ratio,0.00026110491107385336
scaler,minmax
