parameter,value
alpha,0.28909560026620973
l1_ratio,0.8990606237263505
scaler,robust
