parameter,value
alpha,0.037205575317278305
l1_ratio,0.8318423373605939
scaler,robust
