parameter,value
alpha,0.2724724815230982
l1_ratio,0.7069766548407711
scaler,robust
