parameter,value
alpha,0.7187203856269154
l1_ratio,0.4659711206471478
scaler,standard
