parameter,value
alpha,2.2266247158984744
l1_ratio,0.19907032708685313
scaler,standard
