parameter,value
alpha,0.1988444623001886
l1_ratio,0.13941911843261529
scaler,standard
