parameter,value
alpha,0.11302235039258805
l1_ratio,0.0003566228393783906
scaler,minmax
