parameter,value
alpha,28060.732604661305
l1_ratio,0.3144602714265101
scaler,minmax
