parameter,value
alpha,2.6327314542935794
l1_ratio,0.8959294060180748
scaler,standard
