parameter,value
alpha,1.4234121804009754
l1_ratio,0.8471011758436612
scaler,robust
