parameter,value
alpha,0.5947664487953809
l1_ratio,0.265128645997787
scaler,standard
