parameter,value
alpha,2.5710344134183787
l1_ratio,0.9768457952948443
scaler,standard
