parameter,value
alpha,26.80764836042361
l1_ratio,0.0009999384803495853
scaler,standard
