parameter,value
alpha,0.647127934436377
l1_ratio,0.028199681390942727
scaler,standard
