parameter,value
alpha,0.5407693963272713
l1_ratio,0.2672194401909532
scaler,standard
