parameter,value
alpha,0.6227314503876348
l1_ratio,0.056008600301096084
scaler,standard
