parameter,value
alpha,3.6331775218666995
l1_ratio,0.02630699996821187
scaler,standard
