parameter,value
alpha,0.01273883955268988
l1_ratio,0.9761085346663221
scaler,minmax
