parameter,value
alpha,275.3395031842069
l1_ratio,0.039359940662249404
scaler,robust
