parameter,value
alpha,0.24899547061794622
l1_ratio,0.0010243308466435508
scaler,minmax
