parameter,value
alpha,3.567630666418419
l1_ratio,0.05308926348462561
scaler,robust
