parameter,value
alpha,6.932523300070064
l1_ratio,0.9859106593541864
scaler,standard
