parameter,value
alpha,0.7311819940109441
l1_ratio,0.017699127524566705
scaler,standard
