parameter,value
alpha,0.048779792691108916
l1_ratio,0.44478625397597177
scaler,minmax
