parameter,value
alpha,5.747976091305539
l1_ratio,0.01592785041226323
scaler,standard
