parameter,value
alpha,0.3705817774036879
l1_ratio,0.41616760794453966
scaler,standard
