parameter,value
alpha,0.9436135801042758
l1_ratio,0.9998813616321564
scaler,robust
