parameter,value
alpha,0.0867478038247021
l1_ratio,0.7927729429615346
scaler,minmax
