parameter,value
alpha,43.003641509570755
l1_ratio,0.0005575341671599926
scaler,robust
