parameter,value
alpha,0.4827431389919336
l1_ratio,0.970051351466487
scaler,standard
