parameter,value
alpha,0.4414167089492056
l1_ratio,0.4088376135649978
scaler,standard
