parameter,value
alpha,0.49850779600439454
l1_ratio,0.37722289868351305
scaler,robust
