parameter,value
alpha,0.034331510411913256
l1_ratio,0.9997236153898285
scaler,robust
