parameter,value
alpha,0.3205152704917094
l1_ratio,0.04115739692581212
scaler,minmax
