parameter,value
alpha,0.12243660442342465
l1_ratio,0.5413812582573861
scaler,minmax
