parameter,value
alpha,1.3994849033918106
l1_ratio,0.38223858326823507
scaler,standard
