parameter,value
alpha,0.1291894244484751
l1_ratio,0.9092091933381422
scaler,robust
