parameter,value
alpha,0.8049243448797289
l1_ratio,0.5073886869236351
scaler,robust
