parameter,value
alpha,17.830463532914457
l1_ratio,0.00028053266066182386
scaler,standard
