parameter,value
alpha,0.7759218440475973
l1_ratio,0.32455005386537716
scaler,standard
