parameter,value
alpha,0.4602476119865863
l1_ratio,0.8683457380603596
scaler,robust
