parameter,value
alpha,0.3828690465088743
l1_ratio,0.5149111757761985
scaler,robust
