parameter,value
alpha,4.090255756423661
l1_ratio,0.001422669171051832
scaler,standard
