parameter,value
alpha,0.1822695657698147
l1_ratio,0.0012487623834278733
scaler,standard
