parameter,value
alpha,9.99925407589299
l1_ratio,0.07658855069080178
scaler,standard
