parameter,value
alpha,0.4720843913448043
l1_ratio,0.879783542301561
scaler,minmax
