parameter,value
alpha,0.1550806019093573
l1_ratio,0.02872290422411831
scaler,robust
