parameter,value
alpha,0.756326098099043
l1_ratio,0.10082308249192876
scaler,robust
