parameter,value
alpha,4.0862881078973965
l1_ratio,0.9985414013807736
scaler,robust
