parameter,value
alpha,3.960402430712722
l1_ratio,0.0008653223741560134
scaler,standard
