parameter,value
alpha,0.030714814593116403
l1_ratio,0.46489171755831754
scaler,standard
