parameter,value
alpha,0.08061602910074342
l1_ratio,0.4204292975445653
scaler,robust
