parameter,value
alpha,2.796329363467784
l1_ratio,0.0032006946398354455
scaler,standard
