parameter,value
alpha,0.0845881771446097
l1_ratio,0.7823528807647027
scaler,standard
