parameter,value
alpha,0.95900725568948
l1_ratio,0.46403885169614695
scaler,standard
