parameter,value
alpha,5.58709815449034
l1_ratio,0.15822023586071557
scaler,standard
