parameter,value
alpha,0.6016973918908097
l1_ratio,0.8659894117045156
scaler,standard
