parameter,value
alpha,0.38607709262742723
l1_ratio,0.4591040459670755
scaler,robust
