parameter,value
alpha,7.038436691153711
l1_ratio,0.9795255117147111
scaler,standard
