parameter,value
alpha,0.16196327702598334
l1_ratio,0.819235402918365
scaler,minmax
