parameter,value
alpha,2.089940237247769
l1_ratio,0.0136577055708244
scaler,standard
