parameter,value
alpha,0.2983226680325758
l1_ratio,0.003670142290562296
scaler,robust
