parameter,value
alpha,0.7010314812378825
l1_ratio,0.9809726974621438
scaler,standard
