parameter,value
alpha,0.2720898993356388
l1_ratio,0.583360312077144
scaler,standard
