parameter,value
alpha,4.087473912528859
l1_ratio,0.014908544163194093
scaler,standard
