parameter,value
alpha,8.658636638338207
l1_ratio,0.009718136313861203
scaler,standard
