parameter,value
alpha,0.18242820815746413
l1_ratio,0.7880073352893449
scaler,minmax
