parameter,value
alpha,0.5372503197637627
l1_ratio,0.6912507539286783
scaler,robust
