parameter,value
alpha,0.14623209769141524
l1_ratio,0.8911967386680387
scaler,robust
