parameter,value
alpha,0.012922017297561606
l1_ratio,0.5596676081270449
scaler,minmax
