parameter,value
alpha,0.004346731646023076
l1_ratio,0.9256365909749049
scaler,robust
