parameter,value
alpha,1.562268685881109
l1_ratio,0.9374459130722955
scaler,standard
