parameter,value
alpha,4.409794364633686
l1_ratio,0.06958812907960955
scaler,standard
