parameter,value
alpha,0.3257370330428177
l1_ratio,0.9312175596899961
scaler,robust
