parameter,value
alpha,0.3389971715424074
l1_ratio,0.008409883275997898
scaler,robust
