parameter,value
alpha,0.150071905926799
l1_ratio,0.0020175822040837538
scaler,minmax
