parameter,value
alpha,0.5655859476232284
l1_ratio,0.9966666437052679
scaler,minmax
