parameter,value
alpha,0.385096522435951
l1_ratio,0.5395867248031114
scaler,standard
