parameter,value
alpha,39.20433736639194
l1_ratio,0.8392004185529924
scaler,robust
