parameter,value
alpha,0.15333613682632222
l1_ratio,0.11298106923118635
scaler,standard
