parameter,value
alpha,4.773577108581586
l1_ratio,0.6590639835498423
scaler,robust
