parameter,value
alpha,0.03143700627497848
l1_ratio,0.7297979756816899
scaler,minmax
