parameter,value
alpha,0.290458519807295
l1_ratio,0.36650488221905386
scaler,minmax
