parameter,value
alpha,0.5628753315061655
l1_ratio,0.31252223386695804
scaler,robust
