parameter,value
alpha,2.418941784359782
l1_ratio,0.9046310123670103
scaler,standard
