parameter,value
alpha,2.11094491939304
l1_ratio,0.01881793951400084
scaler,standard
