parameter,value
alpha,3.5737879286405128
l1_ratio,0.2880024432324187
scaler,robust
