parameter,value
alpha,4.875853562716555
l1_ratio,0.9166709814046062
scaler,robust
