parameter,value
alpha,0.04026271941673727
l1_ratio,0.0983466227237966
scaler,minmax
