parameter,value
alpha,0.36691835602371387
l1_ratio,0.08175888272383512
scaler,standard
