parameter,value
alpha,0.20803173556289278
l1_ratio,0.9969792715909515
scaler,robust
