parameter,value
alpha,0.016157295134245915
l1_ratio,0.23548132997301116
scaler,minmax
