parameter,value
alpha,2.308914803810347
l1_ratio,0.12440190929161724
scaler,robust
