parameter,value
alpha,1.118992199223801
l1_ratio,0.4332899947111332
scaler,standard
