parameter,value
alpha,0.027751632990390802
l1_ratio,0.8790600695220566
scaler,minmax
