parameter,value
alpha,0.12968245773516696
l1_ratio,0.3269219082025263
scaler,standard
