parameter,value
alpha,1.881532596819215
l1_ratio,0.46310899438018444
scaler,standard
