parameter,value
alpha,3.2790727455172926
l1_ratio,0.02962116618094599
scaler,standard
