parameter,value
alpha,0.0034131310731859844
l1_ratio,0.2116056768630854
scaler,minmax
