parameter,value
alpha,3.255524801846258
l1_ratio,0.9873307568564774
scaler,robust
