parameter,value
alpha,0.03322032640398458
l1_ratio,0.6585935835156081
scaler,minmax
