parameter,value
alpha,0.05227123508376305
l1_ratio,0.983881852602228
scaler,robust
