parameter,value
alpha,0.29220456408801515
l1_ratio,0.8374672618031194
scaler,robust
