parameter,value
alpha,0.3307664119765662
l1_ratio,0.3449617934421694
scaler,standard
