parameter,value
alpha,1.8642627720293918
l1_ratio,0.6994336280744523
scaler,standard
