parameter,value
alpha,0.39946675656668584
l1_ratio,0.257351193563215
scaler,standard
