parameter,value
alpha,0.05524432138181926
l1_ratio,0.023834007878364524
scaler,minmax
