parameter,value
alpha,0.3844531268347227
l1_ratio,0.21604565895778777
scaler,minmax
