parameter,value
alpha,0.8903690412050062
l1_ratio,0.5919425229324093
scaler,standard
