parameter,value
alpha,1.153913907182964
l1_ratio,0.6019294655815249
scaler,standard
