parameter,value
alpha,4.352403980120637
l1_ratio,0.40408100111747436
scaler,standard
