parameter,value
alpha,17.78546589007132
l1_ratio,0.4910773007331871
scaler,standard
