parameter,value
alpha,0.29495063410883476
l1_ratio,0.9928017503186845
scaler,standard
