parameter,value
alpha,0.4981183014104577
l1_ratio,0.1229304972728755
scaler,standard
