parameter,value
alpha,0.38409975442527394
l1_ratio,0.9999818785976718
scaler,minmax
