parameter,value
alpha,2.041810610822511
l1_ratio,0.03134202180060829
scaler,standard
