parameter,value
alpha,0.26084292145356086
l1_ratio,0.1842858636038276
scaler,minmax
