parameter,value
alpha,0.06618060046629771
l1_ratio,0.5282170465116043
scaler,standard
