parameter,value
alpha,1.5553796262771433
l1_ratio,4.6342697799572896e-05
scaler,robust
