parameter,value
alpha,0.0266829508543833
l1_ratio,0.7111221229719497
scaler,minmax
