parameter,value
alpha,6.64146084853269
l1_ratio,0.9818212520337125
scaler,standard
