parameter,value
alpha,1.0912316156387198
l1_ratio,0.995714928137661
scaler,minmax
