parameter,value
alpha,0.25034463706520355
l1_ratio,0.22283881043071305
scaler,minmax
