parameter,value
alpha,0.01619792119208229
l1_ratio,0.8561233418558268
scaler,robust
