parameter,value
alpha,0.15941080265406288
l1_ratio,0.013560695496254369
scaler,minmax
