parameter,value
alpha,5.605728144427042
l1_ratio,0.9824532837106911
scaler,standard
