parameter,value
alpha,1.9836661040980241
l1_ratio,0.9313053969618238
scaler,minmax
