parameter,value
alpha,2.613507308107788
l1_ratio,0.0009045692353372402
scaler,standard
