parameter,value
alpha,0.00028165055432578703
l1_ratio,0.19476857415205806
scaler,standard
