parameter,value
alpha,0.11187488918973089
l1_ratio,0.9992372366602281
scaler,standard
