parameter,value
alpha,0.055930853494176376
l1_ratio,0.06821396553423564
scaler,robust
