parameter,value
alpha,0.18492851880030445
l1_ratio,0.25897784025536796
scaler,robust
