parameter,value
alpha,0.33984320731051426
l1_ratio,0.2920588518548834
scaler,robust
