parameter,value
alpha,0.2553803909912341
l1_ratio,0.1598213989769047
scaler,minmax
