parameter,value
alpha,0.053547163200942036
l1_ratio,0.4650884499658316
scaler,minmax
