parameter,value
alpha,0.24391615326688204
l1_ratio,0.7022103759328359
scaler,robust
