parameter,value
alpha,0.7366601885815436
l1_ratio,0.5791132414448268
scaler,standard
