parameter,value
alpha,0.2757188755850515
l1_ratio,0.7619453824750624
scaler,minmax
