parameter,value
alpha,0.6759162410740975
l1_ratio,0.832954896442257
scaler,standard
