parameter,value
alpha,0.3965480168066311
l1_ratio,0.0008709773892573991
scaler,standard
