parameter,value
alpha,0.14736694685373733
l1_ratio,8.138840661175983e-05
scaler,minmax
