parameter,value
alpha,0.2813106443214095
l1_ratio,0.5779371154619901
scaler,minmax
