parameter,value
alpha,7.778142148816137
l1_ratio,0.8648976210860343
scaler,minmax
