parameter,value
alpha,2.6630958144542416
l1_ratio,0.9933198959335775
scaler,standard
