parameter,value
alpha,1.8693958128480603
l1_ratio,0.5838857888243923
scaler,standard
