parameter,value
alpha,4.339643854199341
l1_ratio,0.006153828469095041
scaler,robust
