parameter,value
alpha,0.8437987025771255
l1_ratio,0.9263279879401694
scaler,robust
