parameter,value
alpha,0.8908523248503869
l1_ratio,0.6865748585763523
scaler,robust
