parameter,value
alpha,0.4849080419994736
l1_ratio,0.012779472911142991
scaler,minmax
