parameter,value
alpha,0.09403529281063615
l1_ratio,0.2760453651277667
scaler,minmax
