parameter,value
alpha,0.01031492113189997
l1_ratio,0.8950356755548234
scaler,minmax
