parameter,value
alpha,1.146300457180027
l1_ratio,0.9135290106410031
scaler,robust
