parameter,value
alpha,5.137908642736682
l1_ratio,0.6467021318032166
scaler,standard
