parameter,value
alpha,0.8900391556384489
l1_ratio,0.02727296761468509
scaler,standard
