parameter,value
alpha,0.002033613229695289
l1_ratio,0.8238171640998877
scaler,robust
