parameter,value
alpha,4.579214809589642
l1_ratio,0.4269563431773318
scaler,standard
