parameter,value
alpha,0.15429585725660636
l1_ratio,0.40580944595308344
scaler,standard
