parameter,value
alpha,1.0275304177173075
l1_ratio,0.5401263608842423
scaler,standard
