parameter,value
alpha,0.23948800543877474
l1_ratio,0.39128872853864805
scaler,standard
