parameter,value
alpha,1.5917770056829668
l1_ratio,0.9797181225974229
scaler,robust
