parameter,value
alpha,0.03384449349879373
l1_ratio,0.48549107697370514
scaler,minmax
