parameter,value
alpha,0.6966672178939747
l1_ratio,0.04659550920653106
scaler,robust
