parameter,value
alpha,0.03337936675293366
l1_ratio,0.584476069839564
scaler,minmax
