parameter,value
alpha,2.5724177057224225
l1_ratio,0.5281427234427191
scaler,robust
