parameter,value
alpha,0.1839028498554645
l1_ratio,0.935968293736093
scaler,standard
