parameter,value
alpha,1.6408357269030367
l1_ratio,0.09315069309844959
scaler,standard
