parameter,value
alpha,2044.104323071233
l1_ratio,0.35889464707715657
scaler,robust
