parameter,value
alpha,31916.907127189956
l1_ratio,0.5535124014953227
scaler,robust
