parameter,value
alpha,0.660707048652566
l1_ratio,0.6574533191329822
scaler,standard
