parameter,value
alpha,0.2532169999342912
l1_ratio,0.2864303943144823
scaler,robust
