parameter,value
alpha,0.06793309023294819
l1_ratio,0.27652949244515385
scaler,robust
