parameter,value
alpha,0.13068908016128747
l1_ratio,0.052303331330278896
scaler,robust
