parameter,value
alpha,0.046028429588806624
l1_ratio,0.23329445317573222
scaler,minmax
