parameter,value
alpha,7.81334433903407
l1_ratio,0.6587270707995352
scaler,standard
