parameter,value
alpha,0.2669829851679006
l1_ratio,0.12541135588943694
scaler,robust
