parameter,value
alpha,0.0014562993321430174
l1_ratio,0.6129287458286184
scaler,minmax
