parameter,value
alpha,3.234873609353805
l1_ratio,0.5095032859850763
scaler,robust
