parameter,value
alpha,0.025897304785600306
l1_ratio,0.044159713231325934
scaler,minmax
