parameter,value
alpha,0.3788223344885093
l1_ratio,0.001172732317457556
scaler,robust
