parameter,value
alpha,0.9952134331437154
l1_ratio,0.0010759960842444479
scaler,standard
