parameter,value
alpha,4.477846534207772
l1_ratio,0.36394634880957943
scaler,standard
