parameter,value
alpha,0.10716546765980056
l1_ratio,0.28485754257579665
scaler,robust
