parameter,value
alpha,0.010598672289960111
l1_ratio,0.020672472377639535
scaler,robust
