parameter,value
alpha,0.8363779174551311
l1_ratio,0.8371640109669801
scaler,standard
