parameter,value
alpha,0.599232543009122
l1_ratio,0.48530523875611553
scaler,minmax
