parameter,value
alpha,0.3423351612577321
l1_ratio,0.784496037163031
scaler,robust
