parameter,value
alpha,3.990394442066355
l1_ratio,0.03795152986452173
scaler,standard
