parameter,value
alpha,0.49237370974361633
l1_ratio,0.4024424911477464
scaler,standard
