parameter,value
alpha,2.7594542241053133
l1_ratio,0.10714505184642353
scaler,standard
