parameter,value
alpha,0.3240682787251835
l1_ratio,0.06964823266693757
scaler,standard
