parameter,value
alpha,1.009692403778057
l1_ratio,0.8477788746673299
scaler,standard
