parameter,value
alpha,0.4341916737409468
l1_ratio,0.024889379557596472
scaler,minmax
