parameter,value
alpha,1.389732845270337
l1_ratio,0.7488160498349209
scaler,standard
