parameter,value
alpha,1.2556086930044976
l1_ratio,0.5762888622545415
scaler,standard
