parameter,value
alpha,0.16457727288368884
l1_ratio,0.09844171475884812
scaler,minmax
