parameter,value
alpha,0.8300511812029464
l1_ratio,0.5505945147608517
scaler,standard
