parameter,value
alpha,0.05671486191152686
l1_ratio,0.2760069559348252
scaler,standard
