parameter,value
alpha,0.07773441059022547
l1_ratio,0.24068237396592734
scaler,minmax
