parameter,value
alpha,0.40768071561102914
l1_ratio,0.011496359489711602
scaler,robust
