parameter,value
alpha,5.585681092639429
l1_ratio,0.9986592642843624
scaler,standard
