parameter,value
alpha,45.50735687451742
l1_ratio,0.9991220673316691
scaler,standard
