parameter,value
alpha,4.863526290556219
l1_ratio,0.9989703833359275
scaler,standard
