parameter,value
alpha,5.531514100504463
l1_ratio,0.8472477005076433
scaler,standard
