parameter,value
alpha,9.714919489675562
l1_ratio,0.9983269573967456
scaler,robust
