parameter,value
alpha,1.44626058967748
l1_ratio,0.9750106465633839
scaler,standard
