parameter,value
alpha,1.015176638133506
l1_ratio,0.9225796125084236
scaler,minmax
