parameter,value
alpha,0.7597942813692389
l1_ratio,0.18350021700102614
scaler,standard
