parameter,value
alpha,0.02343988813329918
l1_ratio,0.6210089513073256
scaler,minmax
