parameter,value
alpha,0.1645707022187753
l1_ratio,0.9562108911989363
scaler,robust
