parameter,value
alpha,0.033286115606873945
l1_ratio,0.22760308620055014
scaler,minmax
