parameter,value
alpha,0.3682764662080175
l1_ratio,0.3863174408405824
scaler,standard
