parameter,value
alpha,0.015758322243987315
l1_ratio,0.8954912752196339
scaler,minmax
