parameter,value
alpha,1.008295857417964
l1_ratio,0.5640207184663363
scaler,standard
