parameter,value
alpha,0.20026194949465873
l1_ratio,0.8901656711998189
scaler,robust
