parameter,value
alpha,79.98437427213736
l1_ratio,0.794519337633003
scaler,minmax
