parameter,value
alpha,0.06199582055728543
l1_ratio,0.05784957264837483
scaler,robust
