parameter,value
alpha,0.14387009224525923
l1_ratio,0.5233396615876851
scaler,standard
