parameter,value
alpha,0.5960974471085444
l1_ratio,0.33709562316108926
scaler,standard
