parameter,value
alpha,2.1582655402536672
l1_ratio,0.2875432311433343
scaler,standard
