parameter,value
alpha,82900.54535316672
l1_ratio,0.16960976902824698
scaler,standard
