parameter,value
alpha,0.11006534245868527
l1_ratio,0.46269026003763347
scaler,standard
