parameter,value
alpha,0.04987609708850159
l1_ratio,0.921438142598932
scaler,minmax
