parameter,value
alpha,0.08989488419000616
l1_ratio,0.543899834379013
scaler,minmax
