parameter,value
alpha,1.3366275740729803
l1_ratio,0.7382087227372034
scaler,standard
