parameter,value
alpha,3.4686557118706416
l1_ratio,0.9584042858410323
scaler,standard
