parameter,value
alpha,0.21193146768367113
l1_ratio,0.16753966426067027
scaler,robust
