parameter,value
alpha,1.1613980493551863
l1_ratio,0.008744928883420284
scaler,standard
