parameter,value
alpha,0.9490563895591927
l1_ratio,0.04182601132999733
scaler,standard
