parameter,value
alpha,0.007510818315034731
l1_ratio,0.5568451550800971
scaler,minmax
