parameter,value
alpha,0.5182289941995925
l1_ratio,0.7964097180997289
scaler,standard
