parameter,value
alpha,0.01779788446206659
l1_ratio,0.8105860817041713
scaler,minmax
