parameter,value
alpha,2.992089841855857
l1_ratio,0.27032666302116615
scaler,standard
