parameter,value
alpha,0.4703055168883957
l1_ratio,0.0014509292676655478
scaler,minmax
