parameter,value
alpha,0.41226797526899084
l1_ratio,0.9358594417544479
scaler,standard
