parameter,value
alpha,0.5896702934906614
l1_ratio,0.28297626622336375
scaler,standard
