parameter,value
alpha,1.4406957308866484
l1_ratio,0.11615624606200481
scaler,standard
