parameter,value
alpha,0.10538927404118732
l1_ratio,0.9045631242858202
scaler,minmax
