parameter,value
alpha,0.8200130153416684
l1_ratio,0.5008244149517914
scaler,standard
