parameter,value
alpha,0.0006430787431881351
l1_ratio,0.26346672936263527
scaler,standard
