parameter,value
alpha,0.03211050790923116
l1_ratio,0.4524402554158923
scaler,minmax
