parameter,value
alpha,4.497898220718168
l1_ratio,0.0014366124884290787
scaler,standard
