parameter,value
alpha,0.03271514574472896
l1_ratio,0.061272698718899996
scaler,minmax
