parameter,value
alpha,0.6381227304844497
l1_ratio,0.5824761992849998
scaler,standard
