parameter,value
alpha,46.34509504172417
l1_ratio,0.018022253769668695
scaler,standard
