parameter,value
alpha,0.9636313107088736
l1_ratio,0.9405900975583718
scaler,standard
