parameter,value
alpha,0.0134019384022759
l1_ratio,0.4094330762101628
scaler,minmax
