parameter,value
alpha,0.0931662079150707
l1_ratio,0.0005818580961792592
scaler,robust
