parameter,value
alpha,0.7547149465834635
l1_ratio,0.9149830599929158
scaler,robust
