parameter,value
alpha,2.5110955108260105
l1_ratio,1.1965966705284464e-05
scaler,robust
