parameter,value
alpha,0.33082331176963603
l1_ratio,0.6432725707513907
scaler,robust
