parameter,value
alpha,0.3887773147924096
l1_ratio,0.9048490065022033
scaler,standard
