parameter,value
alpha,0.2225410581165088
l1_ratio,0.131985985468123
scaler,minmax
