parameter,value
alpha,0.1449988483643395
l1_ratio,0.07723553598636873
scaler,minmax
