parameter,value
alpha,43.640947160163186
l1_ratio,0.7179627963475143
scaler,robust
