parameter,value
alpha,200.37848455011135
l1_ratio,0.93504552049515
scaler,standard
