parameter,value
alpha,0.4687064736727172
l1_ratio,0.025628273393139195
scaler,minmax
