parameter,value
alpha,0.4762812357974421
l1_ratio,0.8769916425941238
scaler,minmax
