parameter,value
alpha,22.995281801901506
l1_ratio,0.18047484844421827
scaler,standard
