parameter,value
alpha,1.5449003476261376
l1_ratio,0.03531788055722551
scaler,robust
