parameter,value
alpha,0.22325719182852014
l1_ratio,0.44138397591382966
scaler,robust
