parameter,value
alpha,94.4114435640926
l1_ratio,0.0022532952986542877
scaler,robust
