parameter,value
alpha,0.07911354158367832
l1_ratio,0.13279822456634366
scaler,minmax
