parameter,value
alpha,0.0022874755708024697
l1_ratio,0.8191041181927927
scaler,minmax
