parameter,value
alpha,0.9944289017831072
l1_ratio,0.43062431389813655
scaler,standard
