parameter,value
alpha,0.16209797380737961
l1_ratio,0.4814659726076506
scaler,minmax
