parameter,value
alpha,0.20997781460969803
l1_ratio,0.13614769210567415
scaler,robust
