parameter,value
alpha,0.9106571189914607
l1_ratio,0.9752826863721296
scaler,robust
