parameter,value
alpha,0.477082453204881
l1_ratio,0.2954072223249979
scaler,robust
