parameter,value
alpha,6.824377924589704
l1_ratio,0.0022693464150151527
scaler,robust
