parameter,value
alpha,0.358757532272412
l1_ratio,0.5023786775165899
scaler,standard
