parameter,value
alpha,0.061908348059398904
l1_ratio,0.043386225060398305
scaler,minmax
