parameter,value
alpha,2.5357554657179158
l1_ratio,0.005903892722311413
scaler,robust
