parameter,value
alpha,0.054122628529166154
l1_ratio,0.6408459604738852
scaler,minmax
