parameter,value
alpha,2335.525867406348
l1_ratio,0.06846813673791742
scaler,robust
