parameter,value
alpha,0.02323892594908453
l1_ratio,0.07882326240781751
scaler,minmax
