parameter,value
alpha,0.04468815286157201
l1_ratio,0.38586454369513357
scaler,minmax
