parameter,value
alpha,0.9685762897719619
l1_ratio,0.0203855259771987
scaler,standard
