parameter,value
alpha,0.011223670386033207
l1_ratio,0.9211223511213172
scaler,minmax
