parameter,value
alpha,9.939377966584475
l1_ratio,0.3596663146552046
scaler,standard
