parameter,value
alpha,0.43841653889401416
l1_ratio,0.8972193695974751
scaler,robust
