parameter,value
alpha,5.929376649735198
l1_ratio,0.8942063260288012
scaler,standard
