parameter,value
alpha,2.38816861147579
l1_ratio,0.8342332655298312
scaler,standard
