parameter,value
alpha,10.681354273423999
l1_ratio,0.7730448264533064
scaler,standard
