parameter,value
alpha,9096.066723962324
l1_ratio,0.9612742592846534
scaler,robust
