parameter,value
alpha,0.08300933885604515
l1_ratio,0.30139099911967315
scaler,standard
