parameter,value
alpha,1.6591749671597609
l1_ratio,0.08116189723569339
scaler,standard
