parameter,value
alpha,10.175673001787636
l1_ratio,0.995768049636588
scaler,standard
