parameter,value
alpha,0.21222127721692408
l1_ratio,0.13796875392642247
scaler,minmax
