parameter,value
alpha,0.0037953044041677745
l1_ratio,0.3872738633657242
scaler,minmax
