parameter,value
alpha,0.24927476058777745
l1_ratio,0.8824353535456538
scaler,robust
