parameter,value
alpha,0.9649335612795166
l1_ratio,0.6930397402468447
scaler,robust
