parameter,value
alpha,2.0764395875007953
l1_ratio,0.284747590733764
scaler,standard
