parameter,value
alpha,6.489399664699359
l1_ratio,0.49642399467201304
scaler,standard
