parameter,value
alpha,0.06209195173660448
l1_ratio,0.004285730484017661
scaler,robust
