parameter,value
alpha,0.3701503611915547
l1_ratio,0.5002586760171749
scaler,robust
