parameter,value
alpha,1.7916707103126321
l1_ratio,0.0008572225356294483
scaler,standard
