parameter,value
alpha,0.016806609931211025
l1_ratio,0.4656853101326395
scaler,standard
