parameter,value
alpha,0.0898362810356294
l1_ratio,0.0002899820295079805
scaler,robust
