parameter,value
alpha,0.002903194934842266
l1_ratio,0.09471279134526736
scaler,robust
