parameter,value
alpha,0.026835151823377534
l1_ratio,0.9039151569593923
scaler,minmax
