parameter,value
alpha,0.30060274976642
l1_ratio,0.8608548192933685
scaler,minmax
