parameter,value
alpha,0.09041029845372416
l1_ratio,0.26133355157573457
scaler,minmax
