parameter,value
alpha,0.07502025154682894
l1_ratio,0.5553715448483656
scaler,minmax
