parameter,value
alpha,1.2571993748190928
l1_ratio,0.9986903547891105
scaler,minmax
