parameter,value
alpha,0.021407452485542072
l1_ratio,0.9737084509692819
scaler,robust
