parameter,value
alpha,0.11661744748155527
l1_ratio,0.5628237415169219
scaler,minmax
