parameter,value
alpha,0.13354281856277062
l1_ratio,0.4230595746162509
scaler,robust
