parameter,value
alpha,0.17886695429947666
l1_ratio,0.4681810067359192
scaler,robust
