parameter,value
alpha,2.219554558176662
l1_ratio,0.029024354917557258
scaler,standard
