parameter,value
alpha,0.11119163415693292
l1_ratio,0.2028347178729198
scaler,minmax
