parameter,value
alpha,0.048313369349024894
l1_ratio,0.007703975847794919
scaler,minmax
