parameter,value
alpha,4.178764913084892
l1_ratio,0.14589848099855013
scaler,standard
