parameter,value
alpha,0.8726415400578749
l1_ratio,0.9636671081727978
scaler,standard
