parameter,value
alpha,0.26278639194278436
l1_ratio,0.29138095206209225
scaler,robust
