parameter,value
alpha,0.04447194726338657
l1_ratio,0.46784101368377295
scaler,standard
