parameter,value
alpha,0.4981349893843885
l1_ratio,0.946272180251941
scaler,standard
