parameter,value
alpha,0.058586387384171656
l1_ratio,0.7914828941571873
scaler,robust
