parameter,value
alpha,0.20279092496796758
l1_ratio,0.5521506321838306
scaler,minmax
