parameter,value
alpha,2.090292607797877
l1_ratio,0.8962478285696697
scaler,standard
