parameter,value
alpha,0.33404421916266713
l1_ratio,0.5200723858657627
scaler,minmax
