parameter,value
alpha,0.03826305461702803
l1_ratio,0.08228761575336252
scaler,minmax
