parameter,value
alpha,1.3028783228051226
l1_ratio,0.02131019184503625
scaler,minmax
