parameter,value
alpha,0.020707002005619327
l1_ratio,0.35425202975327924
scaler,minmax
