parameter,value
alpha,1.5877965940958265
l1_ratio,0.918418899405086
scaler,standard
