parameter,value
alpha,0.42944485711929287
l1_ratio,0.9954298474100205
scaler,standard
