parameter,value
alpha,0.007687096339423433
l1_ratio,0.27316800785673784
scaler,minmax
