parameter,value
alpha,0.707103131615399
l1_ratio,0.4383082698238415
scaler,robust
