parameter,value
alpha,0.3573647973095251
l1_ratio,0.4684857310033585
scaler,standard
