parameter,value
alpha,2.910984441551634
l1_ratio,0.7700675504717951
scaler,standard
