parameter,value
alpha,0.04605924936466891
l1_ratio,0.9248920289538555
scaler,minmax
