parameter,value
alpha,4.083577094468497
l1_ratio,0.000595482901558364
scaler,standard
