parameter,value
alpha,6.890267795690977
l1_ratio,0.2213888940669851
scaler,standard
