parameter,value
alpha,0.9125063026297546
l1_ratio,0.9719484095984414
scaler,robust
