parameter,value
alpha,0.35687045651403954
l1_ratio,0.11819393724677776
scaler,robust
