parameter,value
alpha,0.08184198175557081
l1_ratio,0.8394219468052272
scaler,minmax
