parameter,value
alpha,0.38586085116281704
l1_ratio,0.10673934275790939
scaler,minmax
