parameter,value
alpha,0.1612821236439328
l1_ratio,0.9430947810675692
scaler,robust
