parameter,value
alpha,0.033494711417682566
l1_ratio,0.20011663490232862
scaler,minmax
