parameter,value
alpha,81.20619941446247
l1_ratio,0.39279030819376753
scaler,standard
