parameter,value
alpha,0.350845333608583
l1_ratio,0.8757759383582441
scaler,robust
