parameter,value
alpha,0.17375877115238159
l1_ratio,0.008185715655824155
scaler,minmax
