parameter,value
alpha,0.10432007892460049
l1_ratio,0.31450450618171805
scaler,standard
