parameter,value
alpha,0.0743110835835327
l1_ratio,0.05629496862656688
scaler,minmax
