parameter,value
alpha,2.9520432939712364
l1_ratio,0.7126934822258727
scaler,standard
