parameter,value
alpha,1.6617518678186494
l1_ratio,0.9995886827732602
scaler,robust
