parameter,value
alpha,1.3288339458538927
l1_ratio,0.021224400010915898
scaler,standard
