parameter,value
alpha,0.6981801571225987
l1_ratio,0.25405516034500886
scaler,standard
