parameter,value
alpha,0.05202080888529838
l1_ratio,0.5601194246843633
scaler,minmax
