parameter,value
alpha,0.2159927556574813
l1_ratio,0.1279946314854012
scaler,minmax
