parameter,value
alpha,11.214110363539294
l1_ratio,0.9722740347737604
scaler,robust
