parameter,value
alpha,0.21554084377496602
l1_ratio,0.9507180458074126
scaler,robust
