parameter,value
alpha,0.15341642095281424
l1_ratio,0.053128772232406626
scaler,minmax
