parameter,value
alpha,0.021444285649983293
l1_ratio,0.11807284084905827
scaler,minmax
