parameter,value
alpha,0.18465007549028517
l1_ratio,0.021607552615821618
scaler,robust
