parameter,value
alpha,5.9206424364835915
l1_ratio,0.9925531058614173
scaler,robust
