parameter,value
alpha,0.32906286944034374
l1_ratio,0.4234931882095821
scaler,standard
