parameter,value
alpha,0.9216208637293862
l1_ratio,0.11345721740903938
scaler,standard
