parameter,value
alpha,0.3214152674977293
l1_ratio,0.28850756936576927
scaler,standard
