parameter,value
alpha,1.7816941035937688
l1_ratio,0.20661555637350154
scaler,standard
