parameter,value
alpha,0.3982745414259985
l1_ratio,0.2637128683023353
scaler,robust
