parameter,value
alpha,0.051553654024923797
l1_ratio,0.3306382032380779
scaler,robust
