parameter,value
alpha,0.39139802899675785
l1_ratio,0.31575593733541124
scaler,standard
