parameter,value
alpha,0.17863969203494118
l1_ratio,0.5418647774582206
scaler,minmax
