parameter,value
alpha,0.019273243271781825
l1_ratio,0.7013170031766521
scaler,minmax
