parameter,value
alpha,6.800029616605725
l1_ratio,0.3701663004187262
scaler,robust
