parameter,value
alpha,0.024120804150825095
l1_ratio,0.0013203778612940198
scaler,minmax
