parameter,value
alpha,8.419011420734517
l1_ratio,0.9624831444818966
scaler,standard
