parameter,value
alpha,4.42666605148789
l1_ratio,0.1562519821762093
scaler,standard
