parameter,value
alpha,0.32524698550186176
l1_ratio,0.46034147562829614
scaler,robust
