parameter,value
alpha,0.017126117340775734
l1_ratio,0.683383322808217
scaler,minmax
