parameter,value
alpha,2.3089100462361127
l1_ratio,0.4176228375466061
scaler,standard
