parameter,value
alpha,0.1426937386028205
l1_ratio,0.17975877001952884
scaler,standard
