parameter,value
alpha,2.8931134440117465
l1_ratio,0.09767130534493387
scaler,standard
