parameter,value
alpha,0.6024460563741483
l1_ratio,0.0002088311455082808
scaler,robust
