parameter,value
alpha,0.5178701499450334
l1_ratio,0.0005580958850298183
scaler,minmax
