parameter,value
alpha,0.027880442879136325
l1_ratio,0.6671071302447578
scaler,minmax
