parameter,value
alpha,0.3513085455297469
l1_ratio,0.9018751990266047
scaler,standard
