parameter,value
alpha,0.48205446173612587
l1_ratio,0.030783846290910154
scaler,minmax
