parameter,value
alpha,0.12448374628327427
l1_ratio,0.4850446294029766
scaler,robust
