parameter,value
alpha,0.27237098265498616
l1_ratio,0.42989660690186293
scaler,standard
