parameter,value
alpha,1.178030545254281
l1_ratio,0.6864576233543798
scaler,standard
