parameter,value
alpha,0.026067752446950695
l1_ratio,0.5079935087564869
scaler,minmax
