parameter,value
alpha,0.9761987874565895
l1_ratio,0.8203291667241033
scaler,standard
