parameter,value
alpha,0.37518537174344035
l1_ratio,0.3853664659646573
scaler,robust
