parameter,value
alpha,0.3655103272714617
l1_ratio,0.021119988434988128
scaler,minmax
