parameter,value
alpha,1.0679973014979323
l1_ratio,0.3948534922708722
scaler,standard
