parameter,value
alpha,1040.8507789083942
l1_ratio,0.00264557403008029
scaler,robust
