parameter,value
alpha,0.03137946926683775
l1_ratio,0.9412583120370207
scaler,standard
