parameter,value
alpha,149.7461423466342
l1_ratio,0.5923037531922669
scaler,robust
