parameter,value
alpha,0.11391690420294098
l1_ratio,0.00042189584025405236
scaler,robust
