parameter,value
alpha,0.011916062526475008
l1_ratio,0.4761296024916608
scaler,robust
