parameter,value
alpha,0.721169557816816
l1_ratio,0.592177903973068
scaler,standard
