parameter,value
alpha,1.1627438652708628
l1_ratio,0.21546753315483688
scaler,robust
