parameter,value
alpha,0.002842339968470093
l1_ratio,0.8717659067386753
scaler,robust
