parameter,value
alpha,1.0139815603715605
l1_ratio,0.43828299220789
scaler,robust
