parameter,value
alpha,0.021653162921719933
l1_ratio,0.2639298611095784
scaler,minmax
