parameter,value
alpha,0.7092865828215411
l1_ratio,0.0013355003387898606
scaler,robust
