parameter,value
alpha,0.8565157128188859
l1_ratio,0.644957893906078
scaler,minmax
