parameter,value
alpha,5.708790211012243
l1_ratio,0.0003952108979733024
scaler,standard
