parameter,value
alpha,2.03773697840747
l1_ratio,0.9998885150742368
scaler,minmax
