parameter,value
alpha,6480.113806705112
l1_ratio,0.6803870506868435
scaler,robust
