parameter,value
alpha,1.956134426319106
l1_ratio,0.15439407428018115
scaler,standard
