parameter,value
alpha,1.0017451858174995
l1_ratio,0.050877552189846735
scaler,standard
