parameter,value
alpha,0.2844032978668885
l1_ratio,0.6206377731635024
scaler,standard
