parameter,value
alpha,20.211004136859053
l1_ratio,0.9313608736974269
scaler,standard
