parameter,value
alpha,0.5255325847471376
l1_ratio,0.9331117937228111
scaler,robust
