parameter,value
alpha,1.0124538464732787e-06
l1_ratio,0.0539469305609516
scaler,standard
