parameter,value
alpha,0.44784959576539657
l1_ratio,0.9857367708879292
scaler,minmax
