parameter,value
alpha,2006.7460988929467
l1_ratio,0.4260828844725343
scaler,standard
