parameter,value
alpha,0.20153900169182762
l1_ratio,0.08026749625565154
scaler,minmax
