parameter,value
alpha,0.10646405797005465
l1_ratio,0.5780880605953933
scaler,robust
