parameter,value
alpha,0.3949186761043991
l1_ratio,0.00030705933206844754
scaler,standard
