parameter,value
alpha,0.049147910667352884
l1_ratio,0.08995998424119196
scaler,minmax
