parameter,value
alpha,0.20123422354505247
l1_ratio,0.5603061366079465
scaler,minmax
