parameter,value
alpha,0.9536735464178938
l1_ratio,0.025396002944459088
scaler,standard
