parameter,value
alpha,0.1854700390438002
l1_ratio,0.637953591791504
scaler,minmax
