parameter,value
alpha,0.09337079485739125
l1_ratio,0.21171070282226015
scaler,robust
