parameter,value
alpha,0.0029220687150220354
l1_ratio,0.07109262320591885
scaler,minmax
