parameter,value
alpha,0.2128598841558274
l1_ratio,0.9994950816584215
scaler,robust
