parameter,value
alpha,0.12022253333464201
l1_ratio,0.4119596331393517
scaler,robust
