parameter,value
alpha,0.631302337596595
l1_ratio,0.01460161947546168
scaler,robust
