parameter,value
alpha,0.15600736017364167
l1_ratio,0.9174398603930731
scaler,robust
