parameter,value
alpha,18.450303139705234
l1_ratio,0.9999848338492608
scaler,standard
