parameter,value
alpha,0.15167987947773026
l1_ratio,0.4607003372541125
scaler,standard
