parameter,value
alpha,0.0007021556992467111
l1_ratio,0.14217321270664074
scaler,robust
