parameter,value
alpha,0.18561348314991113
l1_ratio,0.18755189354944266
scaler,minmax
