parameter,value
alpha,0.5129067186138199
l1_ratio,0.07207388448838051
scaler,robust
