parameter,value
alpha,0.00599590669678238
l1_ratio,0.21362614304682784
scaler,robust
