parameter,value
alpha,1.4877210268287087e-06
l1_ratio,0.9993053938549321
scaler,standard
