parameter,value
alpha,3.134344989063331
l1_ratio,0.986447467490293
scaler,minmax
