parameter,value
alpha,0.4173385230873189
l1_ratio,0.07138086856190756
scaler,minmax
