parameter,value
alpha,0.09722303509044102
l1_ratio,0.44957717436010386
scaler,robust
