parameter,value
alpha,0.4962953477785072
l1_ratio,0.35779594452299385
scaler,robust
