parameter,value
alpha,0.23367371576128654
l1_ratio,0.8157277809071312
scaler,robust
