parameter,value
alpha,0.5064670130172305
l1_ratio,0.8371346629377525
scaler,robust
