parameter,value
alpha,0.11080541006630762
l1_ratio,0.7833806576015637
scaler,minmax
