parameter,value
alpha,0.9915509517640966
l1_ratio,0.5784493210909543
scaler,standard
