parameter,value
alpha,2.912956449754246
l1_ratio,0.14704469032132286
scaler,standard
