parameter,value
alpha,2.2374111659687603
l1_ratio,0.906534902357455
scaler,standard
