parameter,value
alpha,0.32518447287674096
l1_ratio,0.7197830130895176
scaler,robust
