parameter,value
alpha,1.4693419261053717
l1_ratio,0.9468619192314398
scaler,minmax
