parameter,value
alpha,0.7414096830453999
l1_ratio,0.2906290342228406
scaler,standard
