parameter,value
alpha,2.7592270030247215
l1_ratio,0.5187108150776597
scaler,standard
