parameter,value
alpha,0.03877550022648644
l1_ratio,0.9969020081520391
scaler,robust
