parameter,value
alpha,0.6068970730803515
l1_ratio,0.9391131179882098
scaler,standard
