parameter,value
alpha,0.5812075782007486
l1_ratio,0.27754361088293183
scaler,standard
