parameter,value
alpha,0.5174575891202225
l1_ratio,0.19338075318028836
scaler,robust
