parameter,value
alpha,0.32249899787786945
l1_ratio,0.5199126633256975
scaler,robust
