parameter,value
alpha,0.019614638402990756
l1_ratio,0.3762376189501084
scaler,robust
