parameter,value
alpha,2.4793716828374455e-05
l1_ratio,0.8661389739200787
scaler,minmax
