parameter,value
alpha,0.1977783081823787
l1_ratio,0.7982085935069035
scaler,standard
