parameter,value
alpha,1.0768360691539955
l1_ratio,0.035304152270653644
scaler,standard
