parameter,value
alpha,12.530875152207557
l1_ratio,0.025079311296434585
scaler,robust
