parameter,value
alpha,0.1307599670013686
l1_ratio,0.40321526529691903
scaler,minmax
