parameter,value
alpha,0.16223028849007462
l1_ratio,0.32396628789218157
scaler,minmax
