parameter,value
alpha,0.14416060856889001
l1_ratio,0.7573043954485362
scaler,minmax
