parameter,value
alpha,0.8738652095917013
l1_ratio,0.08434715186235192
scaler,robust
