parameter,value
alpha,2.703715129473275
l1_ratio,0.7609847953948075
scaler,standard
