parameter,value
alpha,0.2811344832765567
l1_ratio,0.8853087227118265
scaler,minmax
