parameter,value
alpha,3.01544192024203
l1_ratio,0.3660196066084744
scaler,standard
