parameter,value
alpha,0.05842572548701652
l1_ratio,0.0019034018961762017
scaler,minmax
