parameter,value
alpha,0.3362362162878064
l1_ratio,0.00024184670282985984
scaler,robust
