parameter,value
alpha,0.1799567121929759
l1_ratio,0.6353758513144986
scaler,robust
