parameter,value
alpha,0.449287576301066
l1_ratio,0.8442672315594084
scaler,minmax
