parameter,value
alpha,0.254996212202711
l1_ratio,0.9152701758157991
scaler,minmax
