parameter,value
alpha,0.28037566274740094
l1_ratio,0.770483622867734
scaler,robust
