parameter,value
alpha,0.08857679606828629
l1_ratio,0.6775254405743621
scaler,minmax
