parameter,value
alpha,0.13640357141982723
l1_ratio,0.317023165341012
scaler,standard
