parameter,value
alpha,7.830710164591821
l1_ratio,0.4111921008842474
scaler,robust
