parameter,value
alpha,0.03675660712040936
l1_ratio,0.3916477037308002
scaler,minmax
