parameter,value
alpha,0.14318719338137784
l1_ratio,0.6039366830901413
scaler,minmax
