parameter,value
alpha,0.9967556195781386
l1_ratio,0.6354896813340498
scaler,robust
