parameter,value
alpha,0.03747600269983283
l1_ratio,0.9211710466415822
scaler,minmax
