parameter,value
alpha,0.3043536680621525
l1_ratio,0.51087446864069
scaler,minmax
