parameter,value
alpha,0.13895133256249842
l1_ratio,0.4710433982126836
scaler,robust
