parameter,value
alpha,0.13742816007962935
l1_ratio,0.9995498423618041
scaler,robust
