parameter,value
alpha,0.10819579321704056
l1_ratio,0.17355785568193877
scaler,minmax
