parameter,value
alpha,1.6058450772633697
l1_ratio,0.15905099040318182
scaler,standard
