parameter,value
alpha,0.5672158890304271
l1_ratio,0.024713958005191904
scaler,standard
