parameter,value
alpha,0.2671487866364776
l1_ratio,0.25757873287810545
scaler,standard
