parameter,value
alpha,3.1462098359468866
l1_ratio,0.4804454465852114
scaler,standard
