parameter,value
alpha,0.6908805907815039
l1_ratio,0.13498625424244942
scaler,standard
