parameter,value
alpha,3.851112541549058
l1_ratio,0.4038008743334335
scaler,standard
