parameter,value
alpha,0.6946029654481501
l1_ratio,0.21421773633639685
scaler,standard
