parameter,value
alpha,0.3530364927439016
l1_ratio,0.06309223355608455
scaler,standard
