parameter,value
alpha,0.1400719084160809
l1_ratio,0.3929212388446886
scaler,minmax
