parameter,value
alpha,8.040265700252522
l1_ratio,0.9866758003193274
scaler,standard
