parameter,value
alpha,1.714179989543721
l1_ratio,0.05027506742655161
scaler,standard
