parameter,value
alpha,3.3729960335873503
l1_ratio,0.014934874414132722
scaler,minmax
