parameter,value
alpha,0.05479457512728288
l1_ratio,0.8607523777058484
scaler,minmax
