parameter,value
alpha,0.977776287328205
l1_ratio,0.4507299970702638
scaler,standard
