parameter,value
alpha,0.014506093119980676
l1_ratio,0.13572258859323316
scaler,minmax
