parameter,value
alpha,0.0852755649815402
l1_ratio,0.9996179573883462
scaler,standard
