parameter,value
alpha,0.03461613928762377
l1_ratio,0.7523369002980536
scaler,minmax
