parameter,value
alpha,0.08076110235392121
l1_ratio,0.43824052642549893
scaler,minmax
