parameter,value
alpha,0.0018212905558352248
l1_ratio,0.028203858699819007
scaler,minmax
