parameter,value
alpha,0.19710586075145764
l1_ratio,0.007069780788025226
scaler,robust
