parameter,value
alpha,6.322351813732574
l1_ratio,0.9927001936896938
scaler,minmax
