parameter,value
alpha,2.440823511332207
l1_ratio,0.9656364075921183
scaler,minmax
