parameter,value
alpha,0.0018612551637512773
l1_ratio,0.0022556140557964677
scaler,robust
