parameter,value
alpha,1.0292846744834681e-06
l1_ratio,0.2675033104875881
scaler,standard
