parameter,value
alpha,2.148187337563066
l1_ratio,0.14507355300942681
scaler,standard
