parameter,value
alpha,5.6793335068834505
l1_ratio,0.6333621230494226
scaler,robust
