parameter,value
alpha,218.4566851622485
l1_ratio,0.13818823188531082
scaler,minmax
