parameter,value
alpha,0.9759140792935993
l1_ratio,0.030199784427451172
scaler,standard
