parameter,value
alpha,0.13645917123398937
l1_ratio,0.9923681470927471
scaler,robust
