parameter,value
alpha,0.04558635734391196
l1_ratio,0.016993220665447447
scaler,minmax
