parameter,value
alpha,9.15822379949256
l1_ratio,0.9889172095084963
scaler,standard
