parameter,value
alpha,0.47177265349544517
l1_ratio,0.9554521678684699
scaler,standard
