parameter,value
alpha,8.581135900911923
l1_ratio,0.999815693530907
scaler,robust
