parameter,value
alpha,0.02567001974178806
l1_ratio,0.1007449657125995
scaler,robust
