parameter,value
alpha,6.554404105220343
l1_ratio,0.6277298114496105
scaler,robust
