parameter,value
alpha,1.0630666180372796
l1_ratio,0.045196746763145446
scaler,standard
