parameter,value
alpha,64.87624148203834
l1_ratio,0.9058136887760722
scaler,standard
