parameter,value
alpha,0.07377420683578845
l1_ratio,0.5848010491479281
scaler,minmax
