parameter,value
alpha,0.047220915036063744
l1_ratio,0.8533602843021457
scaler,minmax
