parameter,value
alpha,0.1380931539554078
l1_ratio,0.7583726021719354
scaler,standard
