parameter,value
alpha,0.34965353278472516
l1_ratio,0.3017003068723132
scaler,standard
