parameter,value
alpha,0.04295314960971386
l1_ratio,0.2927464374601878
scaler,robust
