parameter,value
alpha,1.0008811751237323e-06
l1_ratio,0.9983489010969023
scaler,standard
