parameter,value
alpha,1.6021177462179166
l1_ratio,0.7429690287091065
scaler,standard
