parameter,value
alpha,0.06316317916518915
l1_ratio,0.03711140976173559
scaler,minmax
