parameter,value
alpha,0.31135993085239183
l1_ratio,0.7922733619057244
scaler,robust
