parameter,value
alpha,0.8781559026750041
l1_ratio,0.3003283671398256
scaler,standard
