parameter,value
alpha,0.14374130726377357
l1_ratio,0.3725497653777754
scaler,minmax
