parameter,value
alpha,4.505405667165184
l1_ratio,0.6926451474128511
scaler,robust
