parameter,value
alpha,0.7167766953417861
l1_ratio,0.2501360660681627
scaler,standard
