parameter,value
alpha,0.4147454224993429
l1_ratio,0.82148157334288
scaler,robust
