parameter,value
alpha,0.0209312286619901
l1_ratio,0.9727719898115237
scaler,robust
