parameter,value
alpha,0.004441337851633853
l1_ratio,0.14123228496496243
scaler,minmax
