parameter,value
alpha,0.8437896415337716
l1_ratio,0.8248976414430695
scaler,robust
