parameter,value
alpha,0.050144253259791854
l1_ratio,0.962579199440993
scaler,minmax
