parameter,value
alpha,0.12190556136636325
l1_ratio,0.6193832045091178
scaler,minmax
