parameter,value
alpha,0.006570585726072355
l1_ratio,0.7299619925480667
scaler,standard
