parameter,value
alpha,1840.967251715708
l1_ratio,0.20195819419116146
scaler,minmax
