parameter,value
alpha,0.0017709248143910252
l1_ratio,0.0013082601675220296
scaler,robust
