parameter,value
alpha,2.293750184834217
l1_ratio,0.48635147964336023
scaler,standard
