parameter,value
alpha,0.07089266073468947
l1_ratio,0.9578337798039385
scaler,minmax
