parameter,value
alpha,0.002650705011038158
l1_ratio,0.029590882713537138
scaler,robust
