parameter,value
alpha,0.2804245414326977
l1_ratio,0.046397759419183025
scaler,robust
