parameter,value
alpha,38.00516050444911
l1_ratio,0.03067558218335545
scaler,robust
