parameter,value
alpha,0.11677297257489516
l1_ratio,0.027805320545682355
scaler,robust
