parameter,value
alpha,37.612171739311805
l1_ratio,0.7161473121524219
scaler,minmax
