parameter,value
alpha,2037.0345102019105
l1_ratio,0.9352619683159394
scaler,robust
