parameter,value
alpha,0.22134285788979366
l1_ratio,0.0012481898700147376
scaler,minmax
