parameter,value
alpha,0.1154733954684623
l1_ratio,0.3824351724832287
scaler,minmax
