parameter,value
alpha,534.7284133191858
l1_ratio,0.20525178201856964
scaler,robust
