parameter,value
alpha,0.17730209258958848
l1_ratio,0.6236514247152841
scaler,minmax
