parameter,value
alpha,0.040243523633762684
l1_ratio,0.6767454911544838
scaler,minmax
