parameter,value
alpha,2186.1906586339373
l1_ratio,0.5055417199999821
scaler,standard
