parameter,value
alpha,0.5879938164465004
l1_ratio,0.490602063275184
scaler,standard
