parameter,value
alpha,77.98412640770935
l1_ratio,0.8467066900414408
scaler,minmax
