parameter,value
alpha,1.3870039751111556
l1_ratio,0.9845080898514397
scaler,minmax
