parameter,value
alpha,0.2728021917718588
l1_ratio,0.6028394232503053
scaler,robust
