parameter,value
alpha,0.8314969187640208
l1_ratio,0.42050994101459993
scaler,standard
