parameter,value
alpha,0.1531732058692443
l1_ratio,0.723820262258857
scaler,standard
