parameter,value
alpha,0.05171588806069864
l1_ratio,0.36388182402039887
scaler,minmax
