parameter,value
alpha,0.026762403911604424
l1_ratio,0.9006697905793315
scaler,standard
