parameter,value
alpha,0.07680786614354444
l1_ratio,0.34484396313822824
scaler,minmax
