parameter,value
alpha,1.0132384385128132e-06
l1_ratio,0.8798786529901845
scaler,standard
