parameter,value
alpha,0.2488256376517563
l1_ratio,0.6405024954431764
scaler,robust
