parameter,value
alpha,0.1150971142726716
l1_ratio,0.21195400297457018
scaler,minmax
