parameter,value
alpha,5.848216962130822
l1_ratio,0.865601873826815
scaler,standard
