parameter,value
alpha,0.217966051966524
l1_ratio,0.906772940213169
scaler,standard
