parameter,value
alpha,1.3766936821897835
l1_ratio,0.000899189739195342
scaler,standard
