parameter,value
alpha,0.42193202888628856
l1_ratio,0.9719589897523092
scaler,standard
