parameter,value
alpha,0.3019035459651015
l1_ratio,0.7524273540606792
scaler,robust
