parameter,value
alpha,0.6331798220683814
l1_ratio,0.9998825958535585
scaler,standard
