parameter,value
alpha,0.22681980363417836
l1_ratio,0.8130514346706078
scaler,robust
