parameter,value
alpha,2.103378338254275
l1_ratio,0.27017852269282
scaler,standard
