parameter,value
alpha,4.7088682431848
l1_ratio,0.9896765751768568
scaler,minmax
