parameter,value
alpha,4.563872666574919
l1_ratio,0.20060612582064308
scaler,standard
