parameter,value
alpha,3.152238653109298
l1_ratio,0.20862793392864462
scaler,standard
