parameter,value
alpha,0.03159599000391094
l1_ratio,0.9988146388557511
scaler,minmax
