parameter,value
alpha,0.00019327206981624266
l1_ratio,0.6742070359884969
scaler,robust
