parameter,value
alpha,0.04998251762287823
l1_ratio,0.0014379179673114926
scaler,robust
