parameter,value
alpha,23.348663726005395
l1_ratio,0.9881350000228328
scaler,standard
