parameter,value
alpha,0.00973679156266238
l1_ratio,0.3941922386850469
scaler,standard
