parameter,value
alpha,0.39172864310906136
l1_ratio,0.0007669433444044138
scaler,robust
