parameter,value
alpha,0.20939673543860662
l1_ratio,0.9597325974775122
scaler,robust
