parameter,value
alpha,0.15321650841263085
l1_ratio,0.4509013066943498
scaler,robust
