parameter,value
alpha,1.0274026190066539
l1_ratio,0.5871726576643664
scaler,standard
