parameter,value
alpha,0.020142631909999865
l1_ratio,0.43948687382011004
scaler,minmax
