parameter,value
alpha,2.2527905569974016
l1_ratio,0.1231279447571543
scaler,standard
