parameter,value
alpha,0.541572282251902
l1_ratio,0.008548536520564753
scaler,minmax
