parameter,value
alpha,3.968269519366684
l1_ratio,0.030102800042076883
scaler,standard
