parameter,value
alpha,0.08782664599261608
l1_ratio,0.5498956203326809
scaler,minmax
