parameter,value
alpha,0.0009705865146265104
l1_ratio,0.05157787255402151
scaler,robust
