parameter,value
alpha,0.15803452954467836
l1_ratio,0.7494410956463707
scaler,robust
