parameter,value
alpha,0.17173919719751102
l1_ratio,0.19318408905320086
scaler,robust
