parameter,value
alpha,0.07600393971150134
l1_ratio,0.566321251125562
scaler,robust
