parameter,value
alpha,0.031475108626826155
l1_ratio,0.00018067460405166158
scaler,minmax
