parameter,value
alpha,1.0062848471551948e-06
l1_ratio,0.0043512510553576494
scaler,robust
