parameter,value
alpha,0.000711883184083546
l1_ratio,0.11771361959591335
scaler,robust
