parameter,value
alpha,0.8375660861733286
l1_ratio,0.8260798507315178
scaler,robust
