parameter,value
alpha,0.2772037273317743
l1_ratio,0.02065019691145581
scaler,standard
