parameter,value
alpha,7.7509099473455185
l1_ratio,0.9842939339878761
scaler,minmax
