parameter,value
alpha,0.2359869774934873
l1_ratio,0.40272177001549053
scaler,robust
