parameter,value
alpha,0.0016712336555846404
l1_ratio,0.05383698713845575
scaler,robust
