parameter,value
alpha,1.0957312604764007
l1_ratio,0.5313255316554507
scaler,standard
