parameter,value
alpha,0.003081314439733605
l1_ratio,0.023566198544550172
scaler,robust
