parameter,value
alpha,1.9996884679113203
l1_ratio,0.10548587285183454
scaler,standard
