parameter,value
alpha,0.5607056975188591
l1_ratio,0.9232122221243174
scaler,minmax
