parameter,value
alpha,0.5110569531699121
l1_ratio,0.9985040929931948
scaler,minmax
