parameter,value
alpha,0.0009747564282910792
l1_ratio,0.0641446894149924
scaler,minmax
