parameter,value
alpha,0.002602860963489311
l1_ratio,0.6908426390433101
scaler,robust
