parameter,value
alpha,0.05459848930148067
l1_ratio,0.19445868772214164
scaler,minmax
