parameter,value
alpha,0.47870464065747953
l1_ratio,0.43351867542999034
scaler,standard
