parameter,value
alpha,0.007652330881984595
l1_ratio,0.4416758665781543
scaler,robust
