parameter,value
alpha,0.1892702725125549
l1_ratio,0.004384534667086874
scaler,standard
