parameter,value
alpha,0.03114493785251819
l1_ratio,0.5952644596592689
scaler,minmax
