parameter,value
alpha,0.06386219616365241
l1_ratio,0.9916648867655018
scaler,robust
