parameter,value
alpha,0.03880316379879638
l1_ratio,0.38420382912157336
scaler,robust
