parameter,value
alpha,0.7748833173887472
l1_ratio,0.13431870097403972
scaler,standard
