parameter,value
alpha,1.1133784308128334
l1_ratio,0.011351540258416037
scaler,standard
