parameter,value
alpha,0.05086053828907719
l1_ratio,0.09318599679656436
scaler,minmax
