parameter,value
alpha,0.2071761696954303
l1_ratio,0.5600137918872283
scaler,robust
