parameter,value
alpha,0.1471366040052454
l1_ratio,0.32619211123147274
scaler,minmax
