parameter,value
alpha,0.8048103463868566
l1_ratio,0.9008421212059591
scaler,standard
