parameter,value
alpha,2.5572279494020733e-05
l1_ratio,0.004873276700188056
scaler,robust
