parameter,value
alpha,0.06115078898470791
l1_ratio,0.2739720510252802
scaler,minmax
