parameter,value
alpha,0.08479851191726842
l1_ratio,0.14339118622118716
scaler,minmax
