parameter,value
alpha,0.030223274054482628
l1_ratio,0.29233903309969256
scaler,minmax
