parameter,value
alpha,7.615809744444643
l1_ratio,0.0010689528777446805
scaler,standard
