parameter,value
alpha,2.884147720759211
l1_ratio,0.17359087154316905
scaler,standard
