parameter,value
alpha,0.1835029545332436
l1_ratio,0.1589643343367108
scaler,robust
