parameter,value
alpha,0.33412008725863085
l1_ratio,0.6526335887478321
scaler,minmax
