parameter,value
alpha,0.07190724034993658
l1_ratio,0.9647251459305785
scaler,robust
