parameter,value
alpha,0.016450117267470726
l1_ratio,0.9999061838538368
scaler,minmax
