parameter,value
alpha,0.0255361703078743
l1_ratio,0.24919746128886727
scaler,minmax
