parameter,value
alpha,11.616346783233235
l1_ratio,0.1401789420118722
scaler,standard
