parameter,value
alpha,0.21517327683890683
l1_ratio,0.9672252717769849
scaler,robust
