parameter,value
alpha,1.461169193346597
l1_ratio,0.340225673946759
scaler,standard
