parameter,value
alpha,0.2529411519683719
l1_ratio,0.2492780187479046
scaler,robust
