parameter,value
alpha,0.16464605668920787
l1_ratio,0.9107970737575526
scaler,minmax
