parameter,value
alpha,0.2033876654014425
l1_ratio,0.07335134950183644
scaler,standard
