parameter,value
alpha,0.00480809893057688
l1_ratio,0.6217471994788135
scaler,minmax
