parameter,value
alpha,1.9586011880923775
l1_ratio,0.9759417434342442
scaler,minmax
