parameter,value
alpha,0.030453790648734647
l1_ratio,0.9984400009984429
scaler,minmax
