parameter,value
alpha,0.1314515127725066
l1_ratio,0.7397614890181599
scaler,minmax
