parameter,value
alpha,0.0021814624947567923
l1_ratio,0.2471374585010352
scaler,minmax
