parameter,value
alpha,0.11477130513795715
l1_ratio,0.24364094777367476
scaler,standard
