parameter,value
alpha,0.026956713259997253
l1_ratio,0.12289399209355387
scaler,minmax
