parameter,value
alpha,0.005408978623977222
l1_ratio,0.3240316752056032
scaler,minmax
