parameter,value
alpha,0.040393520948451264
l1_ratio,0.7133273375064718
scaler,robust
