parameter,value
alpha,0.023917363040821194
l1_ratio,0.32533737424636644
scaler,robust
