parameter,value
alpha,0.030819280838959726
l1_ratio,0.46046416084454866
scaler,robust
