parameter,value
alpha,0.5820192116375678
l1_ratio,0.27303998576622346
scaler,standard
