parameter,value
alpha,2.339733349584916
l1_ratio,0.5543759334751963
scaler,standard
