parameter,value
alpha,0.21261469114411308
l1_ratio,0.9917694865647746
scaler,minmax
