parameter,value
alpha,0.12773805433187715
l1_ratio,0.6492579209545377
scaler,minmax
