parameter,value
alpha,0.0151904200858959
l1_ratio,0.03285309395078307
scaler,minmax
