parameter,value
alpha,0.005147334432023429
l1_ratio,0.7559563625863668
scaler,minmax
