parameter,value
alpha,1.2236530184183176
l1_ratio,0.06031509593774667
scaler,robust
