parameter,value
alpha,0.033466509043535535
l1_ratio,0.997802821398205
scaler,minmax
