parameter,value
alpha,0.574346910745713
l1_ratio,0.3334032483602066
scaler,standard
