parameter,value
alpha,0.21806359002492942
l1_ratio,0.6212139484692939
scaler,robust
