parameter,value
alpha,0.10337662245869537
l1_ratio,0.0927807790947524
scaler,robust
