parameter,value
alpha,0.46717559598762326
l1_ratio,0.08351976910075282
scaler,standard
