parameter,value
alpha,0.004170937084171923
l1_ratio,0.5966401503635415
scaler,minmax
