parameter,value
alpha,0.5079309844509574
l1_ratio,0.8020509885203911
scaler,standard
