parameter,value
alpha,0.004301770346277646
l1_ratio,0.22185708688089464
scaler,minmax
