parameter,value
alpha,1.3932908965423394
l1_ratio,0.5574769952364984
scaler,standard
