parameter,value
alpha,0.0013761470640831842
l1_ratio,0.9085380049236171
scaler,minmax
