parameter,value
alpha,0.24694060838274665
l1_ratio,0.14217363495577273
scaler,robust
