parameter,value
alpha,0.09591812023387875
l1_ratio,0.3087059540960386
scaler,minmax
