parameter,value
alpha,16.679674251658323
l1_ratio,0.9897371059814978
scaler,standard
