parameter,value
alpha,0.12852111902070185
l1_ratio,0.06427877444239688
scaler,robust
