parameter,value
alpha,0.8163055354339298
l1_ratio,0.47062940086468297
scaler,standard
