parameter,value
alpha,0.13779577731645176
l1_ratio,0.03817685923579263
scaler,robust
