parameter,value
alpha,0.30386635870049467
l1_ratio,0.7279134250205964
scaler,standard
