parameter,value
alpha,0.4181526097014388
l1_ratio,0.9743661918084282
scaler,standard
