parameter,value
alpha,0.012786665637432174
l1_ratio,0.42520185580490266
scaler,minmax
