parameter,value
alpha,0.0818724742181644
l1_ratio,0.886967448912955
scaler,minmax
