parameter,value
alpha,0.43570363843396076
l1_ratio,0.9429368792883889
scaler,robust
