parameter,value
alpha,0.016084213777293528
l1_ratio,0.027746298686051496
scaler,robust
