parameter,value
alpha,0.31807394223713964
l1_ratio,0.6018985487804773
scaler,robust
