parameter,value
alpha,0.9275653996597635
l1_ratio,0.4052662906845492
scaler,standard
