parameter,value
alpha,26.524030476893895
l1_ratio,0.9527408512768414
scaler,standard
