parameter,value
alpha,0.011828558003998993
l1_ratio,0.1021481461895388
scaler,minmax
