parameter,value
alpha,0.4890280404269586
l1_ratio,0.42595739384688686
scaler,robust
