parameter,value
alpha,0.09408668421478228
l1_ratio,0.5854747529764068
scaler,robust
