parameter,value
alpha,0.030461091553746412
l1_ratio,0.992007693852781
scaler,minmax
