parameter,value
alpha,0.0371228644454626
l1_ratio,0.658243873529136
scaler,robust
