parameter,value
alpha,1.6538744596751382
l1_ratio,0.18110726100864755
scaler,standard
