parameter,value
alpha,6.297523768626663
l1_ratio,0.8799752372063027
scaler,standard
