parameter,value
alpha,0.011593646704624242
l1_ratio,0.9890793766417313
scaler,minmax
