parameter,value
alpha,0.21163340655044047
l1_ratio,0.272015432794234
scaler,minmax
