parameter,value
alpha,0.11596627855402272
l1_ratio,0.17320112161397924
scaler,minmax
