parameter,value
alpha,0.10448710558863882
l1_ratio,0.052652283673951965
scaler,robust
