parameter,value
alpha,168.13010053109235
l1_ratio,0.5002364854579523
scaler,minmax
