parameter,value
alpha,0.8165286747397221
l1_ratio,0.08369240016362059
scaler,standard
