parameter,value
alpha,1.0341919209320597e-06
l1_ratio,0.1782888234004539
scaler,standard
