parameter,value
alpha,0.003006263522360985
l1_ratio,0.9853514356385484
scaler,minmax
