parameter,value
alpha,1.511821475328825
l1_ratio,0.7230852550521113
scaler,standard
