parameter,value
alpha,0.08567441338235632
l1_ratio,0.4933792488096128
scaler,minmax
