parameter,value
alpha,0.1710660424464268
l1_ratio,0.10307455805261939
scaler,robust
