parameter,value
alpha,0.293034709851638
l1_ratio,0.4961338208963592
scaler,minmax
