parameter,value
alpha,0.03615325364502463
l1_ratio,0.628854002557723
scaler,robust
