parameter,value
alpha,0.002708068953132809
l1_ratio,0.12814368570517437
scaler,minmax
