parameter,value
alpha,2.381848360745561
l1_ratio,0.4641333762448195
scaler,standard
