parameter,value
alpha,0.5530769988456308
l1_ratio,0.14782722036010562
scaler,standard
