parameter,value
alpha,21.163331186145502
l1_ratio,0.9928953254622233
scaler,standard
