parameter,value
alpha,0.5183811704170473
l1_ratio,0.7976280705967235
scaler,minmax
