parameter,value
alpha,0.13791965947888526
l1_ratio,0.3271949565527725
scaler,robust
