parameter,value
alpha,0.0027142492789419153
l1_ratio,0.9261859199274893
scaler,robust
