parameter,value
alpha,0.2875672286864993
l1_ratio,0.6700567160409887
scaler,robust
