parameter,value
alpha,0.6906806927496801
l1_ratio,0.22251926571209565
scaler,robust
