parameter,value
alpha,0.6573836292202653
l1_ratio,0.6442620989066781
scaler,robust
