parameter,value
alpha,0.2035355182029063
l1_ratio,0.022275137732620895
scaler,minmax
