parameter,value
alpha,2.9112163476464676
l1_ratio,0.9813482735468885
scaler,robust
