parameter,value
alpha,0.0018995604674362403
l1_ratio,0.42566089334758184
scaler,robust
