parameter,value
alpha,4.059944960905798
l1_ratio,0.7185444008407578
scaler,standard
