parameter,value
alpha,0.00022441669634625137
l1_ratio,0.996398778826234
scaler,minmax
