parameter,value
alpha,0.1818148364033674
l1_ratio,0.5084908498225074
scaler,minmax
