parameter,value
alpha,0.02859294718754442
l1_ratio,0.9685422557415797
scaler,robust
