parameter,value
alpha,0.10421583277718079
l1_ratio,0.0013216925372421997
scaler,minmax
