parameter,value
alpha,1.0854935796176045e-06
l1_ratio,0.003681879620191067
scaler,standard
