parameter,value
alpha,0.031040407712685444
l1_ratio,0.0172264410284393
scaler,minmax
