parameter,value
alpha,0.641929033024022
l1_ratio,0.8950861071151145
scaler,robust
