parameter,value
alpha,10.678462223735808
l1_ratio,0.7410232441670798
scaler,standard
