parameter,value
alpha,0.006814102757044233
l1_ratio,0.8043881330939451
scaler,minmax
