parameter,value
alpha,1.8625445813604313
l1_ratio,0.5464045164032896
scaler,standard
