parameter,value
alpha,0.24129030388622943
l1_ratio,0.4184253443974042
scaler,robust
