parameter,value
alpha,85.1020412825757
l1_ratio,0.15829333273170543
scaler,robust
