parameter,value
alpha,0.3053141005363627
l1_ratio,0.02062161398834158
scaler,standard
