parameter,value
alpha,0.04720103652881513
l1_ratio,0.03473273157624629
scaler,minmax
