parameter,value
alpha,0.12298997312958007
l1_ratio,0.4790336094438173
scaler,robust
