parameter,value
alpha,0.01349132195120305
l1_ratio,0.9453302976760879
scaler,minmax
