parameter,value
alpha,1.0062112971260328e-06
l1_ratio,0.016927387613925357
scaler,robust
