parameter,value
alpha,1.1101113280105839
l1_ratio,0.4636727063398445
scaler,standard
