parameter,value
alpha,0.0007688562964068609
l1_ratio,0.9832132542457844
scaler,robust
