parameter,value
alpha,966.5515010681969
l1_ratio,0.4001482812732923
scaler,robust
