parameter,value
alpha,1.0009331448787325e-06
l1_ratio,0.9969810495051721
scaler,standard
