parameter,value
alpha,0.772863087017759
l1_ratio,0.5351841146904037
scaler,standard
