parameter,value
alpha,2.4801567401177103
l1_ratio,0.11086010968130347
scaler,standard
