parameter,value
alpha,4.06814141520845
l1_ratio,0.9199599033435361
scaler,standard
