parameter,value
alpha,1.6244314655050267
l1_ratio,0.24357190227901052
scaler,standard
