parameter,value
alpha,0.6871691401142279
l1_ratio,0.7332818672135814
scaler,standard
