parameter,value
alpha,0.29855663906833385
l1_ratio,0.7640612051082497
scaler,minmax
