parameter,value
alpha,0.22661177853692582
l1_ratio,0.5017505655109719
scaler,robust
