parameter,value
alpha,1.3919541734259333
l1_ratio,0.9000133038257142
scaler,standard
