parameter,value
alpha,0.050400805892073686
l1_ratio,0.21872821306470563
scaler,robust
