parameter,value
alpha,0.010217032493069407
l1_ratio,0.9837440020442143
scaler,robust
