parameter,value
alpha,1.6465907912353932
l1_ratio,0.004724119249276145
scaler,standard
