parameter,value
alpha,0.06740578435768775
l1_ratio,0.5779035188803817
scaler,minmax
