parameter,value
alpha,0.9760336870828819
l1_ratio,0.00021489308643446448
scaler,standard
