parameter,value
alpha,0.06662433989599856
l1_ratio,0.019941866576269007
scaler,minmax
