parameter,value
alpha,0.23974615218979192
l1_ratio,0.008013088033894882
scaler,standard
