parameter,value
alpha,1.0064466394004838
l1_ratio,0.47841132663665203
scaler,standard
