parameter,value
alpha,0.46595318209972675
l1_ratio,0.36441162863135756
scaler,minmax
