parameter,value
alpha,0.00022257184142761353
l1_ratio,0.0002141549608948301
scaler,robust
