parameter,value
alpha,1.8616225253285534
l1_ratio,0.0343544035365862
scaler,robust
