parameter,value
alpha,0.0891568048070984
l1_ratio,0.7620800787042339
scaler,minmax
