parameter,value
alpha,2.3383113607691244
l1_ratio,0.32806237879956934
scaler,standard
