parameter,value
alpha,1.0305632585712143
l1_ratio,0.283634333694519
scaler,standard
