parameter,value
alpha,0.05949925935128075
l1_ratio,0.028414603180870725
scaler,minmax
