parameter,value
alpha,198.87057539099212
l1_ratio,0.6536152490147876
scaler,standard
