parameter,value
alpha,0.03632715889070531
l1_ratio,0.6606615994726092
scaler,robust
