parameter,value
alpha,6.57996408731886
l1_ratio,0.42860979673694827
scaler,standard
