parameter,value
alpha,0.3987633991162613
l1_ratio,0.8991673103784247
scaler,robust
