parameter,value
alpha,0.4035424017314017
l1_ratio,0.32425562021875143
scaler,standard
