parameter,value
alpha,0.12406322302480004
l1_ratio,0.5349040894862844
scaler,standard
