parameter,value
alpha,0.33846720863869756
l1_ratio,0.003409053945639083
scaler,robust
