parameter,value
alpha,1.9979542566793411
l1_ratio,0.7021716292010287
scaler,standard
