parameter,value
alpha,0.16809274976892857
l1_ratio,0.4316130879763923
scaler,minmax
