parameter,value
alpha,0.10064031741278984
l1_ratio,0.6579813294456966
scaler,robust
