parameter,value
alpha,0.1217792031420252
l1_ratio,0.60031562665343
scaler,minmax
