parameter,value
alpha,0.7597345503776403
l1_ratio,0.3284802197929092
scaler,robust
