parameter,value
alpha,14.586270859058768
l1_ratio,0.0015829026452334818
scaler,standard
