parameter,value
alpha,22.445537112443432
l1_ratio,0.7846241950868001
scaler,standard
