parameter,value
alpha,73.89083313083812
l1_ratio,0.7993965146510772
scaler,minmax
