parameter,value
alpha,0.09109744567313416
l1_ratio,0.03164211788056067
scaler,standard
