parameter,value
alpha,0.02207152270099688
l1_ratio,0.9605811880591967
scaler,minmax
