parameter,value
alpha,5.666590308309716
l1_ratio,0.9552967693095268
scaler,standard
