parameter,value
alpha,5.653000533798019
l1_ratio,0.059794548882222465
scaler,standard
