parameter,value
alpha,2.8690593131641697
l1_ratio,0.3210354561155939
scaler,standard
