parameter,value
alpha,0.7908935363958749
l1_ratio,0.9998632487527325
scaler,minmax
