parameter,value
alpha,0.1441453229104075
l1_ratio,0.47720860574607454
scaler,minmax
