parameter,value
alpha,4.829672952144473
l1_ratio,0.6609751069023486
scaler,robust
