parameter,value
alpha,0.13197102979536807
l1_ratio,0.7417342970949319
scaler,minmax
