parameter,value
alpha,0.8938823747976429
l1_ratio,0.5174832345011349
scaler,standard
