parameter,value
alpha,1.6287494742039041
l1_ratio,0.9712930876607235
scaler,minmax
