parameter,value
alpha,0.08507625791288533
l1_ratio,0.3625900103782317
scaler,robust
