parameter,value
alpha,2.5832574957996517
l1_ratio,0.4552894702298596
scaler,standard
