parameter,value
alpha,0.01040300565797392
l1_ratio,0.028527659947068466
scaler,minmax
