parameter,value
alpha,3.6822218707694954
l1_ratio,0.0235224808504578
scaler,minmax
