parameter,value
alpha,1.201391859729218
l1_ratio,0.6840232525875434
scaler,standard
