parameter,value
alpha,4.434257874492673
l1_ratio,0.930076189408075
scaler,standard
