parameter,value
alpha,0.0028507490507638632
l1_ratio,0.02712348139776502
scaler,minmax
