parameter,value
alpha,0.6255408827809243
l1_ratio,0.5380004072442446
scaler,standard
