parameter,value
alpha,0.5508064184662781
l1_ratio,0.5099386713469519
scaler,standard
