parameter,value
alpha,0.3526846787881737
l1_ratio,0.06456271680739822
scaler,minmax
