parameter,value
alpha,0.026384808767662946
l1_ratio,0.8393951593141363
scaler,robust
