parameter,value
alpha,0.2271561336914477
l1_ratio,0.5468824342126146
scaler,minmax
