parameter,value
alpha,0.2755879002469951
l1_ratio,0.9154641298846621
scaler,minmax
