parameter,value
alpha,0.0004368693083702069
l1_ratio,0.914929050829812
scaler,robust
