parameter,value
alpha,0.009574588479305668
l1_ratio,0.8156036300054079
scaler,minmax
