parameter,value
alpha,0.2844947084322619
l1_ratio,0.3764300755751393
scaler,minmax
