parameter,value
alpha,0.183127064800623
l1_ratio,0.9707815065934253
scaler,robust
