parameter,value
alpha,0.01009741935533452
l1_ratio,0.8987399610596423
scaler,minmax
