parameter,value
alpha,0.20957984049112235
l1_ratio,0.9965610127384696
scaler,standard
