parameter,value
alpha,0.4121709136319332
l1_ratio,0.0024978414114247005
scaler,minmax
