parameter,value
alpha,0.16955099563369375
l1_ratio,0.0027725599435959453
scaler,minmax
