parameter,value
alpha,0.19444807841770761
l1_ratio,0.5537640749619204
scaler,minmax
