parameter,value
alpha,9.472217182621238
l1_ratio,0.9737177752480396
scaler,standard
