parameter,value
alpha,0.6323495137473473
l1_ratio,0.4255163979778701
scaler,standard
