parameter,value
alpha,6031.167516745615
l1_ratio,0.6639387252598575
scaler,standard
