parameter,value
alpha,0.0011198027076191914
l1_ratio,0.6555934916895246
scaler,robust
