parameter,value
alpha,0.10257622627602804
l1_ratio,0.3902882163271682
scaler,robust
