parameter,value
alpha,0.05861662138097035
l1_ratio,0.45169852577600034
scaler,minmax
