parameter,value
alpha,0.22864553979466265
l1_ratio,0.1376375875005263
scaler,minmax
