parameter,value
alpha,0.14670311144590523
l1_ratio,0.9475358513630118
scaler,robust
