parameter,value
alpha,0.970416589448828
l1_ratio,0.0012281828076642944
scaler,minmax
