parameter,value
alpha,0.21508111016888437
l1_ratio,0.10000368620135637
scaler,minmax
