parameter,value
alpha,0.22063668706205752
l1_ratio,0.9396294614183642
scaler,standard
