parameter,value
alpha,0.9819488226892834
l1_ratio,0.4074458144029121
scaler,standard
