parameter,value
alpha,0.08122634288005304
l1_ratio,0.18986859346039908
scaler,robust
