parameter,value
alpha,3.34207094806491
l1_ratio,0.30410179648745655
scaler,standard
