parameter,value
alpha,0.2001946218844053
l1_ratio,0.6472202920718986
scaler,minmax
