parameter,value
alpha,1.7077617842293111
l1_ratio,0.94859835624856
scaler,minmax
