parameter,value
alpha,0.014089858148648327
l1_ratio,0.19815706170459335
scaler,minmax
