parameter,value
alpha,0.0023324271016372617
l1_ratio,0.9077839713635018
scaler,minmax
