parameter,value
alpha,1.5274889048319453
l1_ratio,0.8060932322731975
scaler,minmax
