parameter,value
alpha,0.5376498035300189
l1_ratio,0.7090918140807667
scaler,minmax
