parameter,value
alpha,0.05996029792679556
l1_ratio,0.9994231120459008
scaler,standard
