parameter,value
alpha,1.0292417914635444e-06
l1_ratio,0.19409254313497565
scaler,standard
