parameter,value
alpha,0.008346788574081635
l1_ratio,0.34408947606774093
scaler,robust
