parameter,value
alpha,2.045302369917773
l1_ratio,0.991757541291417
scaler,standard
