parameter,value
alpha,0.039101773905570535
l1_ratio,0.0001274835388079612
scaler,minmax
