parameter,value
alpha,0.0236040124722381
l1_ratio,0.061944910645900714
scaler,minmax
