parameter,value
alpha,0.24266343492739342
l1_ratio,0.322892129006793
scaler,standard
