parameter,value
alpha,0.008707277514179768
l1_ratio,0.3573024813498303
scaler,minmax
