parameter,value
alpha,0.032169579892019476
l1_ratio,0.999753393014594
scaler,minmax
