parameter,value
alpha,0.0008546845711402253
l1_ratio,0.7853871404076803
scaler,robust
