parameter,value
alpha,0.08173648924720599
l1_ratio,0.3807312081427766
scaler,standard
