parameter,value
alpha,0.10879053135844631
l1_ratio,0.15633997336702754
scaler,robust
