parameter,value
alpha,0.5388415686205209
l1_ratio,0.5333544204636778
scaler,minmax
