parameter,value
alpha,2.283068303635791
l1_ratio,0.04057795759987873
scaler,standard
