parameter,value
alpha,0.14713767437900307
l1_ratio,0.22754109149032456
scaler,robust
