parameter,value
alpha,0.007606129624923525
l1_ratio,0.646157155629489
scaler,minmax
