parameter,value
alpha,0.05090995995220859
l1_ratio,0.5893720682080491
scaler,minmax
