parameter,value
alpha,1.054817874679951e-06
l1_ratio,0.021746343492676568
scaler,robust
