parameter,value
alpha,0.06202386792105746
l1_ratio,0.4198648418963787
scaler,minmax
