parameter,value
alpha,1.3193779383477933
l1_ratio,0.743533251570897
scaler,standard
