parameter,value
alpha,27.55621581527384
l1_ratio,0.03870568756455868
scaler,robust
