parameter,value
alpha,1.4672081119512497
l1_ratio,0.017278449174272834
scaler,standard
