parameter,value
alpha,0.07522974382847997
l1_ratio,0.004972817449220034
scaler,minmax
