parameter,value
alpha,0.9972054845161934
l1_ratio,0.04037058149259059
scaler,standard
