parameter,value
alpha,0.5703691293690629
l1_ratio,0.7970041621112197
scaler,robust
