parameter,value
alpha,0.6913006741891426
l1_ratio,0.7436469610203906
scaler,robust
