parameter,value
alpha,0.07549552146223787
l1_ratio,0.001664916841166375
scaler,minmax
