parameter,value
alpha,0.14237082711907115
l1_ratio,0.8150046933058006
scaler,minmax
