parameter,value
alpha,0.23458286599270495
l1_ratio,0.7312064476619248
scaler,minmax
