parameter,value
alpha,0.06354654007289354
l1_ratio,0.919798869826506
scaler,minmax
