parameter,value
alpha,0.0034722784620413675
l1_ratio,0.3112201721345423
scaler,minmax
