parameter,value
alpha,13.135726416379555
l1_ratio,0.7645263832892731
scaler,robust
