parameter,value
alpha,0.03911457607996684
l1_ratio,0.4043592691865133
scaler,robust
