parameter,value
alpha,0.6957240453671455
l1_ratio,0.8807241885707702
scaler,minmax
