parameter,value
alpha,0.031069348414295136
l1_ratio,0.4267765189181409
scaler,minmax
