parameter,value
alpha,0.03267117105832939
l1_ratio,0.46376699064974103
scaler,minmax
