parameter,value
alpha,0.0771544708789277
l1_ratio,0.13263165126700827
scaler,minmax
