parameter,value
alpha,0.021319719235272525
l1_ratio,0.27958551965284073
scaler,minmax
