parameter,value
alpha,0.11759257250593748
l1_ratio,0.5505020043127081
scaler,minmax
