parameter,value
alpha,1.7928931370305337
l1_ratio,0.9324426364423424
scaler,robust
