parameter,value
alpha,0.05472473560464019
l1_ratio,0.05408235082150708
scaler,minmax
