parameter,value
alpha,0.5717172228262086
l1_ratio,0.002170741761388157
scaler,standard
