parameter,value
alpha,0.2255070592153403
l1_ratio,0.6964087106065514
scaler,robust
