parameter,value
alpha,10.317215200870464
l1_ratio,0.6668390131681698
scaler,standard
