parameter,value
alpha,0.09355206953005481
l1_ratio,0.4708261380172048
scaler,minmax
