parameter,value
alpha,0.11330394499331892
l1_ratio,0.9978301945919448
scaler,standard
