parameter,value
alpha,0.6616195219408261
l1_ratio,0.07188939482612562
scaler,standard
