parameter,value
alpha,0.0015562482305369607
l1_ratio,0.5367352698502724
scaler,standard
