parameter,value
alpha,0.1454355326416515
l1_ratio,0.33326929208947
scaler,minmax
