parameter,value
alpha,0.09666120207567563
l1_ratio,0.9982294806375887
scaler,minmax
