parameter,value
alpha,0.6827800909159798
l1_ratio,0.3598074484598027
scaler,standard
