parameter,value
alpha,0.0042826693217447856
l1_ratio,0.6905071486839478
scaler,robust
