parameter,value
alpha,3.068354555428069
l1_ratio,0.6418796255905204
scaler,standard
