parameter,value
alpha,0.0062011833978464605
l1_ratio,0.4957253753958441
scaler,minmax
