parameter,value
alpha,0.12420672663434411
l1_ratio,0.24320931192300727
scaler,robust
