parameter,value
alpha,14.692699098082484
l1_ratio,0.9733638405459422
scaler,standard
