parameter,value
alpha,1.014546565516319
l1_ratio,0.7792848094939925
scaler,standard
