parameter,value
alpha,5.501496762793775
l1_ratio,0.5561511886751193
scaler,standard
