parameter,value
alpha,0.14862592194912833
l1_ratio,0.0463140565890042
scaler,minmax
