parameter,value
alpha,3.3050191615468005
l1_ratio,0.49209053665282754
scaler,robust
