parameter,value
alpha,1.0298919909973915e-06
l1_ratio,0.004923592937953747
scaler,standard
