parameter,value
alpha,30188.061595782227
l1_ratio,0.8399831278136918
scaler,robust
