parameter,value
alpha,0.017710596739587758
l1_ratio,0.19868283293019656
scaler,minmax
