parameter,value
alpha,0.010363045408276117
l1_ratio,0.638320410169933
scaler,minmax
