parameter,value
alpha,0.4388898640863392
l1_ratio,0.9550483154183079
scaler,robust
