parameter,value
alpha,0.36792500567472197
l1_ratio,0.5618696837606836
scaler,minmax
