parameter,value
alpha,0.000573570921327279
l1_ratio,0.6288718537721414
scaler,robust
