parameter,value
alpha,0.023508014606646675
l1_ratio,0.9993708144204163
scaler,robust
