parameter,value
alpha,0.086145111950236
l1_ratio,0.09147227268707908
scaler,minmax
