parameter,value
alpha,0.06349041245241135
l1_ratio,0.4061408989164327
scaler,robust
