parameter,value
alpha,0.21884024481883102
l1_ratio,0.8632165929730895
scaler,robust
