parameter,value
alpha,0.658916044951502
l1_ratio,0.9277848827069166
scaler,minmax
