parameter,value
alpha,0.16464258139658555
l1_ratio,0.00032369426428740036
scaler,minmax
