parameter,value
alpha,0.26350548401359636
l1_ratio,0.6825244983265262
scaler,robust
