parameter,value
alpha,0.05405734057879422
l1_ratio,0.16527448770238734
scaler,minmax
