parameter,value
alpha,0.0013609998085463368
l1_ratio,0.10553172146412701
scaler,minmax
