parameter,value
alpha,2.143834064500761
l1_ratio,0.7586766658137853
scaler,robust
