parameter,value
alpha,0.3354241601243204
l1_ratio,0.7328396792900412
scaler,minmax
