parameter,value
alpha,0.41553391304948334
l1_ratio,0.4931507801512134
scaler,standard
