parameter,value
alpha,0.74752215055614
l1_ratio,0.2451058432267592
scaler,robust
