parameter,value
alpha,1.3149943131738344
l1_ratio,0.44759862831857006
scaler,robust
