parameter,value
alpha,0.04260498642319404
l1_ratio,0.5245323145470228
scaler,minmax
