parameter,value
alpha,12.607661768557412
l1_ratio,0.9998933673871782
scaler,robust
