parameter,value
alpha,0.07898725662701045
l1_ratio,0.778368761161974
scaler,minmax
