parameter,value
alpha,0.19486140885046108
l1_ratio,0.7901996728077574
scaler,robust
