parameter,value
alpha,0.21583590489905463
l1_ratio,0.48610449420281876
scaler,standard
