parameter,value
alpha,0.6273237992105862
l1_ratio,0.015490505666225604
scaler,standard
