parameter,value
alpha,0.2113751403699296
l1_ratio,0.5136679611788312
scaler,minmax
