parameter,value
alpha,0.07400428772619429
l1_ratio,0.5739731159952158
scaler,minmax
