parameter,value
alpha,0.22452347448302884
l1_ratio,0.7500539215165486
scaler,robust
