parameter,value
alpha,422.33535353791666
l1_ratio,0.9527746985920005
scaler,robust
