parameter,value
alpha,0.4000227650091158
l1_ratio,0.8492286363249799
scaler,minmax
