parameter,value
alpha,3.799707292098402
l1_ratio,0.11039833741946892
scaler,minmax
