parameter,value
alpha,0.4825183401650323
l1_ratio,0.0003218864210149386
scaler,robust
