parameter,value
alpha,0.015152295472043695
l1_ratio,0.38658233599068526
scaler,minmax
