parameter,value
alpha,0.0906364686295738
l1_ratio,0.40753396965233657
scaler,minmax
