parameter,value
alpha,0.676354260573268
l1_ratio,0.6467272504954207
scaler,robust
