parameter,value
alpha,4.550112154043858
l1_ratio,0.8645328335431037
scaler,standard
