parameter,value
alpha,0.1662268201345864
l1_ratio,0.3090206502249516
scaler,robust
