parameter,value
alpha,1.3799361420718956
l1_ratio,0.9992068286010078
scaler,minmax
