parameter,value
alpha,0.025741808977370117
l1_ratio,0.4667006968317642
scaler,robust
