parameter,value
alpha,0.4076025827607356
l1_ratio,0.5397448835309152
scaler,standard
