parameter,value
alpha,0.011343856997831626
l1_ratio,0.4425296165187103
scaler,minmax
