parameter,value
alpha,7745.159545860784
l1_ratio,0.48715250001561283
scaler,minmax
