parameter,value
alpha,0.587952513583678
l1_ratio,0.9264366899327745
scaler,minmax
