parameter,value
alpha,0.18955839509559275
l1_ratio,0.6559048421060448
scaler,robust
