parameter,value
alpha,0.12975788009934788
l1_ratio,0.5471986590921607
scaler,minmax
