parameter,value
alpha,0.6413363788350339
l1_ratio,0.016951135013867552
scaler,standard
