parameter,value
alpha,3.8457982019830697
l1_ratio,0.8043219785777194
scaler,standard
