parameter,value
alpha,1.6619908620238715
l1_ratio,0.8021832878850043
scaler,robust
