parameter,value
alpha,0.00693421160005171
l1_ratio,0.18627179905700064
scaler,robust
