parameter,value
alpha,0.15798012655881943
l1_ratio,0.9990952321470064
scaler,minmax
