parameter,value
alpha,0.039911546534264465
l1_ratio,0.7895396630194139
scaler,minmax
