parameter,value
alpha,0.3423612094306588
l1_ratio,0.01779595349783433
scaler,robust
