parameter,value
alpha,0.013218633584173746
l1_ratio,0.04512966450066702
scaler,minmax
