parameter,value
alpha,0.17176834513110753
l1_ratio,0.9993235200021148
scaler,standard
