parameter,value
alpha,0.1619635957791042
l1_ratio,0.869605219005731
scaler,standard
