parameter,value
alpha,3.704961328266739
l1_ratio,0.13516345723751613
scaler,standard
