parameter,value
alpha,3.9895981134513248
l1_ratio,0.31421056999616315
scaler,robust
