parameter,value
alpha,0.9479507910051905
l1_ratio,0.797004848945693
scaler,standard
