parameter,value
alpha,0.8265678294582669
l1_ratio,0.9264555233236471
scaler,robust
