parameter,value
alpha,0.04140967917801597
l1_ratio,0.1212899059366783
scaler,robust
