parameter,value
alpha,25.98952930398302
l1_ratio,0.9922005358183941
scaler,minmax
