parameter,value
alpha,2.233224603564484e-05
l1_ratio,0.10621816021532071
scaler,minmax
