parameter,value
alpha,0.032939872455831555
l1_ratio,0.04690140915396192
scaler,minmax
