parameter,value
alpha,0.1564515422002966
l1_ratio,0.8747702433821803
scaler,minmax
