parameter,value
alpha,61309.27775170353
l1_ratio,0.18272013159026268
scaler,standard
