parameter,value
alpha,2.481977011475871
l1_ratio,0.9402853516246593
scaler,standard
