parameter,value
alpha,0.155381467567261
l1_ratio,0.018918608462081175
scaler,standard
