parameter,value
alpha,0.053517826458050075
l1_ratio,0.39301486078455594
scaler,robust
