parameter,value
alpha,0.617932137885809
l1_ratio,0.07030089749604596
scaler,standard
