parameter,value
alpha,0.6364141068385353
l1_ratio,0.948425134100667
scaler,minmax
