parameter,value
alpha,0.9168457726106123
l1_ratio,0.728982119570426
scaler,standard
