parameter,value
alpha,0.5595671179466277
l1_ratio,0.44058422537966213
scaler,standard
