parameter,value
alpha,0.680307165955364
l1_ratio,0.9999096269048785
scaler,minmax
