parameter,value
alpha,1.006704319681026e-06
l1_ratio,0.9654680255650809
scaler,standard
