parameter,value
alpha,0.09749683543925192
l1_ratio,0.722605667265189
scaler,robust
