parameter,value
alpha,3.521786222333039
l1_ratio,0.7013145433942175
scaler,standard
