parameter,value
alpha,0.8961643704278781
l1_ratio,0.6557301806298965
scaler,standard
