parameter,value
alpha,0.2580625894009903
l1_ratio,0.3124602865338739
scaler,standard
