parameter,value
alpha,0.9461353659858021
l1_ratio,0.09961989710298803
scaler,standard
