parameter,value
alpha,0.537986566494942
l1_ratio,0.8308842403186004
scaler,robust
