parameter,value
alpha,0.0027956801571050022
l1_ratio,0.48062579178426945
scaler,standard
