parameter,value
alpha,0.34311962055431633
l1_ratio,0.6992648327639327
scaler,standard
