parameter,value
alpha,0.2019571163571936
l1_ratio,0.9647765316055584
scaler,standard
