parameter,value
alpha,0.11439406789668345
l1_ratio,0.3311159975734191
scaler,minmax
