parameter,value
alpha,0.29370902312958724
l1_ratio,0.10452032536625447
scaler,minmax
