parameter,value
alpha,0.1600359980955516
l1_ratio,0.5900711577883314
scaler,minmax
