parameter,value
alpha,3.0464882916672473
l1_ratio,0.9315631005248681
scaler,standard
