parameter,value
alpha,0.010639092316234992
l1_ratio,0.6904153810124123
scaler,minmax
