parameter,value
alpha,2.748204902774014
l1_ratio,0.00031634813016072
scaler,robust
