parameter,value
alpha,0.5821902445557774
l1_ratio,0.27725420355918085
scaler,standard
