parameter,value
alpha,0.7563128759883999
l1_ratio,0.9997932495080493
scaler,standard
