parameter,value
alpha,0.11370588898759701
l1_ratio,0.9609100107641171
scaler,robust
