parameter,value
alpha,24.958683369726582
l1_ratio,0.1361556420245535
scaler,standard
