parameter,value
alpha,0.024408595114328586
l1_ratio,0.9797348715101892
scaler,minmax
