parameter,value
alpha,0.03385422988215519
l1_ratio,0.19668001330553708
scaler,minmax
