parameter,value
alpha,0.46882505967284344
l1_ratio,0.7905146986805838
scaler,robust
