parameter,value
alpha,0.18812533247124297
l1_ratio,0.4533740024652842
scaler,robust
