parameter,value
alpha,0.0014809404600287957
l1_ratio,0.998401835772876
scaler,minmax
