parameter,value
alpha,8.987267583254008
l1_ratio,0.8175754545651077
scaler,robust
