parameter,value
alpha,3.5160905885668203
l1_ratio,0.6369974213176074
scaler,standard
