parameter,value
alpha,1.002463760310493e-06
l1_ratio,0.9908893146386912
scaler,standard
