parameter,value
alpha,16.343355832565933
l1_ratio,0.8255749653201174
scaler,standard
