parameter,value
alpha,1.294221808410848
l1_ratio,0.4974112828574306
scaler,standard
