model,weight
w_holt_winters_full,0.12436419266611588
w_holt_winters_cleaned,0.13645733597471543
w_rf_without_lags,0.006259327698503224
w_rf_with_lags,0.00603394387984357
w_knn_without_lags,0.04378518625784242
w_knn_with_lags,0.15791057114134527
w_xgb_without_lags,0.28896626616920834
w_xgb_with_lags,0.07435948373763768
w_lgbm_without_lags,0.03131212560983533
w_lgbm_with_lags,0.13055156686495284
