model,weight
w_holt_winters_full,0.00012627447690406849
w_holt_winters_cleaned,0.013321778689704767
w_rf_without_lags,0.0004294702124738415
w_rf_with_lags,0.06516778210913292
w_knn_without_lags,0.07202577358694136
w_knn_with_lags,0.009814673078144879
w_xgb_without_lags,0.07632151312088666
w_xgb_with_lags,0.25715791176799346
w_lgbm_without_lags,0.26079705900005556
w_lgbm_with_lags,0.2448377639577624
