model,weight
w_holt_winters_full,0.2832005230168242
w_holt_winters_cleaned,0.2689306223502617
w_rf_without_lags,0.005694694665578808
w_rf_with_lags,0.08920667645519624
w_knn_without_lags,0.08244618605423354
w_knn_with_lags,2.3269254317377582e-05
w_xgb_without_lags,0.10459390818206613
w_xgb_with_lags,0.11570191832216736
w_lgbm_without_lags,0.009328128368102396
w_lgbm_with_lags,0.040874073331252356
