model,weight
w_holt_winters_full,0.18910777149250166
w_holt_winters_cleaned,0.015164990267685157
w_rf_without_lags,0.11906428684638821
w_rf_with_lags,0.14317982596133622
w_knn_without_lags,0.011409853300106125
w_knn_with_lags,0.05224647398870055
w_xgb_without_lags,0.15749357225847846
w_xgb_with_lags,0.09362244907264296
w_lgbm_without_lags,0.1944108799945514
w_lgbm_with_lags,0.02429989681760933
