model,weight
w_holt_winters_full,0.06280974919371311
w_holt_winters_cleaned,0.00979548202731549
w_rf_without_lags,0.018845322240138608
w_rf_with_lags,0.23909902735619948
w_knn_without_lags,0.2412270715730703
w_knn_with_lags,0.3348644189641833
w_xgb_without_lags,0.012615645170129955
w_xgb_with_lags,0.00036449778764235165
w_lgbm_without_lags,0.019245462098679562
w_lgbm_with_lags,0.061133323588927826
