model,weight
w_holt_winters_full,0.007054885789376162
w_holt_winters_cleaned,0.06889588271120821
w_rf_without_lags,0.09040488212662214
w_rf_with_lags,0.007867997419061922
w_knn_without_lags,0.24789748823651125
w_knn_with_lags,0.01965978916077705
w_xgb_without_lags,0.21583937001197848
w_xgb_with_lags,0.2794528892127343
w_lgbm_without_lags,0.015519044474116209
w_lgbm_with_lags,0.047407770857614336
