model,weight
w_holt_winters_full,0.05309155646773197
w_holt_winters_cleaned,0.0022143723098828256
w_rf_without_lags,0.1820503149231257
w_rf_with_lags,0.19404094077379253
w_knn_without_lags,0.0005283207663569486
w_knn_with_lags,0.015936123657272247
w_xgb_without_lags,0.24388882284091487
w_xgb_with_lags,0.018800858429496123
w_lgbm_without_lags,0.23787592570875044
w_lgbm_with_lags,0.0515727641226764
