model,weight
w_holt_winters_full,1.3369241297886517e-05
w_holt_winters_cleaned,0.10105670786918436
w_rf_without_lags,0.17664666236581233
w_rf_with_lags,0.046928933649382894
w_knn_without_lags,0.031178305855761593
w_knn_with_lags,0.00850291510617721
w_xgb_without_lags,0.25402178648440826
w_xgb_with_lags,0.05557903472128809
w_lgbm_without_lags,0.27192336348948115
w_lgbm_with_lags,0.05414892121720633
