model,weight
w_holt_winters_full,0.11228097808432187
w_holt_winters_cleaned,0.22029977937667364
w_rf_without_lags,0.00030426353172649696
w_rf_with_lags,0.04718108916429332
w_knn_without_lags,0.0530240208327244
w_knn_with_lags,0.1608464421457643
w_xgb_without_lags,0.001609437276760655
w_xgb_with_lags,0.005939453529114958
w_lgbm_without_lags,0.22904249797026668
w_lgbm_with_lags,0.16947203808835368
