model,weight
w_holt_winters_full,0.1511695235297588
w_holt_winters_cleaned,0.1178922299978199
w_rf_without_lags,0.08410345187590246
w_rf_with_lags,0.1420607949975845
w_knn_without_lags,0.1392382825792986
w_knn_with_lags,0.13418956268916166
w_xgb_without_lags,0.0003072992226857175
w_xgb_with_lags,0.10513972620761831
w_lgbm_without_lags,0.019452087392177186
w_lgbm_with_lags,0.10644704150799293
