model,weight
w_holt_winters_full,0.00038638103040269646
w_holt_winters_cleaned,0.01651918272314042
w_rf_without_lags,0.14471254829809113
w_rf_with_lags,0.214409203037199
w_knn_without_lags,0.02223242506391734
w_knn_with_lags,0.16791630900027674
w_xgb_without_lags,0.0334904159954459
w_xgb_with_lags,0.05002073408788656
w_lgbm_without_lags,0.20631968320478222
w_lgbm_with_lags,0.14399311755885802
