model,weight
w_holt_winters_full,0.001512611926283617
w_holt_winters_cleaned,0.007135341932801141
w_rf_without_lags,0.0711142543394852
w_rf_with_lags,0.015505453335730324
w_knn_without_lags,0.02242943167784615
w_knn_with_lags,0.22014744048357673
w_xgb_without_lags,0.35214306658126543
w_xgb_with_lags,0.05407745252696222
w_lgbm_without_lags,0.2316594235294437
w_lgbm_with_lags,0.024275523666605486
