model,weight
w_holt_winters_full,0.08760713231954674
w_holt_winters_cleaned,0.10728545637907627
w_rf_without_lags,0.2515763429245896
w_rf_with_lags,0.06336703556323069
w_knn_without_lags,0.17584249022252585
w_knn_with_lags,0.02556995863983422
w_xgb_without_lags,0.24836751711622385
w_xgb_with_lags,0.03829631495854203
w_lgbm_without_lags,0.0012038731958237989
w_lgbm_with_lags,0.0008838786806067967
