model,weight
w_holt_winters_full,0.22112983472539222
w_holt_winters_cleaned,0.2717028467801946
w_rf_without_lags,0.01039789223030823
w_rf_with_lags,0.040948022725863335
w_knn_without_lags,0.18140804293823243
w_knn_with_lags,0.031396401209384014
w_xgb_without_lags,0.029142416231705753
w_xgb_with_lags,0.17016245764389087
w_lgbm_without_lags,2.8648623770743412e-05
w_lgbm_with_lags,0.04368343689125771
