model,weight
w_holt_winters_full,0.10450509226654145
w_holt_winters_cleaned,0.0030374434714263506
w_rf_without_lags,0.04860735629074524
w_rf_with_lags,0.01164070348794401
w_knn_without_lags,0.03472843050437111
w_knn_with_lags,0.2008767665688699
w_xgb_without_lags,0.006940626664269373
w_xgb_with_lags,0.18186797319138914
w_lgbm_without_lags,0.22491782460531234
w_lgbm_with_lags,0.18287778294913107
