model,weight
w_holt_winters_full,0.0696319126801844
w_holt_winters_cleaned,0.22191377350394173
w_rf_without_lags,0.15349782013017357
w_rf_with_lags,0.11913968162311203
w_knn_without_lags,0.00110870332224851
w_knn_with_lags,0.00045679060089685863
w_xgb_without_lags,0.06280895828046953
w_xgb_with_lags,0.16682847901973424
w_lgbm_without_lags,0.042442991226919566
w_lgbm_with_lags,0.16217088961231943
