model,weight
w_holt_winters_full,0.0008018977153854881
w_holt_winters_cleaned,0.03760995164451451
w_rf_without_lags,0.03228639207252357
w_rf_with_lags,0.016083278869527266
w_knn_without_lags,0.0015358946220450712
w_knn_with_lags,0.06601001893603269
w_xgb_without_lags,0.5758761155549385
w_xgb_with_lags,0.02521069289751564
w_lgbm_without_lags,0.22846604126753442
w_lgbm_with_lags,0.016119716419982853
