model,weight
w_holt_winters_full,0.0005194982189634406
w_holt_winters_cleaned,0.008421686361815141
w_rf_without_lags,0.04897696798623556
w_rf_with_lags,0.031059980266222288
w_knn_without_lags,0.130065504565418
w_knn_with_lags,0.11581126137218693
w_xgb_without_lags,0.29064871994311464
w_xgb_with_lags,0.2773752055493639
w_lgbm_without_lags,0.06173972182975262
w_lgbm_with_lags,0.03538145390692754
