model,weight
w_holt_winters_full,0.11266691377983522
w_holt_winters_cleaned,0.03949168484483874
w_rf_without_lags,0.18424131752539927
w_rf_with_lags,0.018470380614216415
w_knn_without_lags,0.0056314088342801615
w_knn_with_lags,0.008627915347548847
w_xgb_without_lags,0.2213118710088164
w_xgb_with_lags,0.19310390211454714
w_lgbm_without_lags,0.20073747974841932
w_lgbm_with_lags,0.015717126182098456
