model,weight
w_holt_winters_full,0.47774731086334726
w_holt_winters_cleaned,0.3173117240727763
w_rf_without_lags,0.014412806901202078
w_rf_with_lags,4.991228129003174e-05
w_knn_without_lags,0.013005093359818334
w_knn_with_lags,0.03615020187174494
w_xgb_without_lags,0.053928069423579056
w_xgb_with_lags,0.032817981635335246
w_lgbm_without_lags,0.02837033468847981
w_lgbm_with_lags,0.026206564902426885
