model,weight
w_holt_winters_full,0.005407601012545064
w_holt_winters_cleaned,0.0010355431603124039
w_rf_without_lags,0.013851866022102853
w_rf_with_lags,0.1693563793406036
w_knn_without_lags,0.22963892024902285
w_knn_with_lags,0.18027450568953765
w_xgb_without_lags,0.06383406629190684
w_xgb_with_lags,0.20856628577691352
w_lgbm_without_lags,0.04275655604232967
w_lgbm_with_lags,0.08527827641472562
