model,weight
w_holt_winters_full,0.005402643687094465
w_holt_winters_cleaned,0.016619180831785138
w_rf_without_lags,0.06212882429019662
w_rf_with_lags,0.19415437471896901
w_knn_without_lags,0.049628024244882246
w_knn_with_lags,0.021224861928810842
w_xgb_without_lags,0.047507963494396226
w_xgb_with_lags,0.04941486366132014
w_lgbm_without_lags,0.2775640987825137
w_lgbm_with_lags,0.2763551643600317
