model,weight
w_holt_winters_full,4.207340858654327e-05
w_holt_winters_cleaned,0.022326262933016098
w_rf_without_lags,0.30325304356189037
w_rf_with_lags,0.01265737241876617
w_knn_without_lags,0.08496626989675403
w_knn_with_lags,0.27433848376404035
w_xgb_without_lags,0.13206824609162932
w_xgb_with_lags,0.11091199457289826
w_lgbm_without_lags,0.0031523454842491295
w_lgbm_with_lags,0.056283907868169704
