model,weight
w_holt_winters_full,0.08560574912851977
w_holt_winters_cleaned,0.28735191368929675
w_rf_without_lags,0.019535722064815995
w_rf_with_lags,0.031378820113899794
w_knn_without_lags,0.003996215992506658
w_knn_with_lags,0.0018873104403957102
w_xgb_without_lags,0.17327033252075774
w_xgb_with_lags,0.11175311394762065
w_lgbm_without_lags,0.275972166226244
w_lgbm_with_lags,0.009248655875942972
