model,weight
w_holt_winters_full,0.23423278863265407
w_holt_winters_cleaned,0.19807090379438663
w_rf_without_lags,0.005915480225531338
w_rf_with_lags,0.011722328473126027
w_knn_without_lags,0.01109009295660274
w_knn_with_lags,0.17408830877525794
w_xgb_without_lags,0.04468791156116143
w_xgb_with_lags,0.017733051135736158
w_lgbm_without_lags,0.18980663373129178
w_lgbm_with_lags,0.11265250071425183
