model,weight
w_holt_winters_full,0.2594268689571635
w_holt_winters_cleaned,0.26751698014191255
w_rf_without_lags,0.08290366738379336
w_rf_with_lags,0.00021981675615009185
w_knn_without_lags,0.06052005300747483
w_knn_with_lags,0.12040327998461475
w_xgb_without_lags,0.001871343431825493
w_xgb_with_lags,0.10504362424320009
w_lgbm_without_lags,0.07609304289932275
w_lgbm_with_lags,0.026001323194542653
