model,weight
w_holt_winters_full,0.12568067912703837
w_holt_winters_cleaned,0.23118905382720326
w_rf_without_lags,0.001854015004858649
w_rf_with_lags,0.00013942521952601083
w_knn_without_lags,0.1164765188389165
w_knn_with_lags,0.1851387141353018
w_xgb_without_lags,0.14197411009283262
w_xgb_with_lags,0.1250606714702896
w_lgbm_without_lags,0.006501714932777535
w_lgbm_with_lags,0.06598509735125568
