model,weight
w_holt_winters_full,0.01840057661596923
w_holt_winters_cleaned,0.24346271986159013
w_rf_without_lags,0.30337482829138607
w_rf_with_lags,0.015700368812855123
w_knn_without_lags,0.017459805132862005
w_knn_with_lags,0.04814478315632993
w_xgb_without_lags,0.2957882606630417
w_xgb_with_lags,0.022524051331373834
w_lgbm_without_lags,0.026981519146790808
w_lgbm_with_lags,0.008163086987801344
