model,weight
w_holt_winters_full,0.151089367176305
w_holt_winters_cleaned,0.0043961584206684366
w_rf_without_lags,0.003168604441174827
w_rf_with_lags,0.03388851230963197
w_knn_without_lags,0.016050812537429782
w_knn_with_lags,0.00888698145097618
w_xgb_without_lags,0.2810705276637932
w_xgb_with_lags,0.23732310615155586
w_lgbm_without_lags,0.23179030313470061
w_lgbm_with_lags,0.032335626713764234
