model,weight
w_holt_winters_full,0.00025738025970051894
w_holt_winters_cleaned,0.03998720802650334
w_rf_without_lags,0.06798709631818435
w_rf_with_lags,0.14903722625917298
w_knn_without_lags,0.00027115871856081124
w_knn_with_lags,0.00028710188709565805
w_xgb_without_lags,0.22933335770880667
w_xgb_with_lags,0.30141917646495386
w_lgbm_without_lags,0.006159050825773535
w_lgbm_with_lags,0.20526124353124828
