model,weight
w_holt_winters_full,0.08395758780109835
w_holt_winters_cleaned,0.0530596023986581
w_rf_without_lags,0.21709213650477707
w_rf_with_lags,0.03012049794694147
w_knn_without_lags,0.04689303922226628
w_knn_with_lags,0.12245041737579282
w_xgb_without_lags,0.008588335548672957
w_xgb_with_lags,0.00034294997657058644
w_lgbm_without_lags,0.22903251601014027
w_lgbm_with_lags,0.20846291721508223
