model,weight
w_holt_winters_full,0.012740611455290747
w_holt_winters_cleaned,0.008084250396851067
w_rf_without_lags,0.2295538690356355
w_rf_with_lags,0.011484777347747598
w_knn_without_lags,0.07012587605034365
w_knn_with_lags,0.034417613967956444
w_xgb_without_lags,0.21182720029991509
w_xgb_with_lags,0.2332429782127309
w_lgbm_without_lags,0.18850603462487825
w_lgbm_with_lags,1.678860865073764e-05
