model,weight
w_holt_winters_full,0.0036457263352086596
w_holt_winters_cleaned,0.02546925292168033
w_rf_without_lags,0.17898833199946929
w_rf_with_lags,0.18861030416618244
w_knn_without_lags,0.16326924766921405
w_knn_with_lags,0.15203838227022412
w_xgb_without_lags,0.18432710890502127
w_xgb_with_lags,0.03288272263411715
w_lgbm_without_lags,0.06198783402197286
w_lgbm_with_lags,0.008781089076909753
