model,weight
w_holt_winters_full,0.2596513336281544
w_holt_winters_cleaned,0.23684239042518956
w_rf_without_lags,0.2717536943138416
w_rf_with_lags,0.023930340628930995
w_knn_without_lags,0.00026577054175291024
w_knn_with_lags,0.03924866425076291
w_xgb_without_lags,0.1303020603475913
w_xgb_with_lags,0.006752922634873277
w_lgbm_without_lags,0.010387868959860054
w_lgbm_with_lags,0.02086495426904305
