model,weight
w_holt_winters_full,0.017829885523508393
w_holt_winters_cleaned,0.025286659189196602
w_rf_without_lags,0.2552002889830653
w_rf_with_lags,0.21018526347276584
w_knn_without_lags,0.2672479165069372
w_knn_with_lags,0.05771230526374259
w_xgb_without_lags,0.06407454125769654
w_xgb_with_lags,0.08474942232186317
w_lgbm_without_lags,0.006286734415468777
w_lgbm_with_lags,0.011426983065755566
