model,weight
w_holt_winters_full,0.0018515047425894954
w_holt_winters_cleaned,0.07207626593416572
w_rf_without_lags,0.06634245716725612
w_rf_with_lags,0.19890413294153214
w_knn_without_lags,0.03635234667097705
w_knn_with_lags,0.22612919055669514
w_xgb_without_lags,0.007778415387005175
w_xgb_with_lags,0.2230333998088091
w_lgbm_without_lags,0.006104312820894663
w_lgbm_with_lags,0.16142797397007527
