model,weight
w_holt_winters_full,0.0336519424332284
w_holt_winters_cleaned,0.08655245472381183
w_rf_without_lags,0.10841049832802306
w_rf_with_lags,0.11799608499542594
w_knn_without_lags,0.012804848521923342
w_knn_with_lags,0.003265629043637369
w_xgb_without_lags,0.3120641563015393
w_xgb_with_lags,0.03296264805282831
w_lgbm_without_lags,0.2574321513974617
w_lgbm_with_lags,0.03485958620212095
