model,weight
w_holt_winters_full,0.0251025889607873
w_holt_winters_cleaned,0.010744749252636349
w_rf_without_lags,0.010889490317830904
w_rf_with_lags,0.0410944457517927
w_knn_without_lags,0.3556292788517957
w_knn_with_lags,0.03707246477437484
w_xgb_without_lags,0.428427372324186
w_xgb_with_lags,0.009790325841271971
w_lgbm_without_lags,0.043800795349307364
w_lgbm_with_lags,0.037448488576017035
