model,weight
w_holt_winters_full,0.150561153188596
w_holt_winters_cleaned,0.01590773276425956
w_rf_without_lags,0.10497412808331634
w_rf_with_lags,0.018473178843646663
w_knn_without_lags,0.23083076033683664
w_knn_with_lags,0.031077647231742552
w_xgb_without_lags,0.19216770601390873
w_xgb_with_lags,0.03264191893109583
w_lgbm_without_lags,0.20764734037860555
w_lgbm_with_lags,0.015718434227992118
