model,weight
w_holt_winters_full,0.17827739719700023
w_holt_winters_cleaned,0.007293262792494203
w_rf_without_lags,0.14750130614776483
w_rf_with_lags,0.31375679383074195
w_knn_without_lags,0.012775616738666604
w_knn_with_lags,0.1404745470756899
w_xgb_without_lags,0.16199451078489316
w_xgb_with_lags,0.0007638008520343123
w_lgbm_without_lags,0.033337869270967775
w_lgbm_with_lags,0.003824895309746965
