model,weight
w_holt_winters_full,0.009570615412840095
w_holt_winters_cleaned,0.05163339347255595
w_rf_without_lags,0.004358494304596712
w_rf_with_lags,0.07240679649448321
w_knn_without_lags,0.017561693058968094
w_knn_with_lags,0.024707922445427778
w_xgb_without_lags,0.23751513088443815
w_xgb_with_lags,0.1513171927687863
w_lgbm_without_lags,0.20340145949995236
w_lgbm_with_lags,0.22752730165795132
