model,weight
w_holt_winters_full,0.04322241382799286
w_holt_winters_cleaned,0.09583500913309562
w_rf_without_lags,0.011898003291169187
w_rf_with_lags,0.26079079451545906
w_knn_without_lags,0.003210754392136324
w_knn_with_lags,0.05851332766813291
w_xgb_without_lags,0.0229164781099478
w_xgb_with_lags,0.028827209586599185
w_lgbm_without_lags,0.09599426088089408
w_lgbm_with_lags,0.37879174859457304
