model,weight
w_holt_winters_full,0.009116890655663096
w_holt_winters_cleaned,0.0003167522670604437
w_rf_without_lags,0.2509692895452332
w_rf_with_lags,0.13871156668531354
w_knn_without_lags,0.015662371429892817
w_knn_with_lags,0.018030971469731896
w_xgb_without_lags,0.17079841981280336
w_xgb_with_lags,0.007259162963785344
w_lgbm_without_lags,0.26260966923706647
w_lgbm_with_lags,0.12652490593344987
