model,weight
w_holt_winters_full,0.005437300498262164
w_holt_winters_cleaned,0.09268359263520698
w_rf_without_lags,0.18115877272648115
w_rf_with_lags,0.0030881207763574265
w_knn_without_lags,0.24622191201668986
w_knn_with_lags,0.08152575830177418
w_xgb_without_lags,0.11666134624145792
w_xgb_with_lags,0.006907847030691746
w_lgbm_without_lags,0.22254290412044214
w_lgbm_with_lags,0.04377244565263654
