model,weight
w_holt_winters_full,0.006531675308772098
w_holt_winters_cleaned,0.06606228822787748
w_rf_without_lags,0.007786895573102659
w_rf_with_lags,0.00809895215930066
w_knn_without_lags,0.2633391066406922
w_knn_with_lags,0.11588417488060339
w_xgb_without_lags,0.01775667659799931
w_xgb_with_lags,0.32027156311670096
w_lgbm_without_lags,0.17068046720914662
w_lgbm_with_lags,0.023588200285804745
