model,weight
w_holt_winters_full,0.040168161172347734
w_holt_winters_cleaned,0.2488990090141692
w_rf_without_lags,0.2061128954246686
w_rf_with_lags,0.005920271914172599
w_knn_without_lags,0.2233575026197956
w_knn_with_lags,0.22271526149094373
w_xgb_without_lags,0.007887045466726667
w_xgb_with_lags,0.0012253513837768846
w_lgbm_without_lags,0.0002461222505754547
w_lgbm_with_lags,0.04346837926282352
