model,weight
w_holt_winters_full,0.035552720371600836
w_holt_winters_cleaned,0.02496037495271139
w_rf_without_lags,0.0002614497178231073
w_rf_with_lags,0.007568650669801234
w_knn_without_lags,0.07536452733455894
w_knn_with_lags,0.29082898637122323
w_xgb_without_lags,0.2788868781815804
w_xgb_with_lags,0.21772275641829594
w_lgbm_without_lags,0.0625301633773261
w_lgbm_with_lags,0.0063234926050786885
