model,weight
w_holt_winters_full,0.006379864207540262
w_holt_winters_cleaned,0.19417653962841927
w_rf_without_lags,0.1455870106953404
w_rf_with_lags,0.015281920872556124
w_knn_without_lags,0.04129828761524331
w_knn_with_lags,0.10759715448330955
w_xgb_without_lags,0.18079276733726468
w_xgb_with_lags,0.147026368262503
w_lgbm_without_lags,0.15411605597743278
w_lgbm_with_lags,0.007744030920390632
