model,weight
w_holt_winters_full,0.03649107357875134
w_holt_winters_cleaned,0.007738792217357673
w_rf_without_lags,0.0820951840220974
w_rf_with_lags,0.02486609388791617
w_knn_without_lags,0.3477566207020941
w_knn_with_lags,0.10633003248217443
w_xgb_without_lags,0.35491611944993856
w_xgb_with_lags,0.00040426003632355103
w_lgbm_without_lags,0.023751110112210462
w_lgbm_with_lags,0.01565071351113634
