model,weight
w_holt_winters_full,0.019311399327141848
w_holt_winters_cleaned,0.005969693923578009
w_rf_without_lags,0.19327341729374498
w_rf_with_lags,0.11883955410213437
w_knn_without_lags,0.25347931041470295
w_knn_with_lags,0.12703058602515943
w_xgb_without_lags,0.2155499600519563
w_xgb_with_lags,0.02287725401277357
w_lgbm_without_lags,0.006179849116581396
w_lgbm_with_lags,0.03748897573222707
