model,weight
w_holt_winters_full,0.00013014787859347805
w_holt_winters_cleaned,0.0004676797001001691
w_rf_without_lags,0.16822766267304312
w_rf_with_lags,0.16236433310070061
w_knn_without_lags,0.11013797437345552
w_knn_with_lags,0.21793070244586596
w_xgb_without_lags,0.013803231304763953
w_xgb_with_lags,0.011548382838491153
w_lgbm_without_lags,0.25364412609648523
w_lgbm_with_lags,0.06174575958850083
