model,weight
w_holt_winters_full,0.05826969578033359
w_holt_winters_cleaned,0.01103443339695517
w_rf_without_lags,0.18932137174393862
w_rf_with_lags,0.13073444648817548
w_knn_without_lags,0.11775842790782337
w_knn_with_lags,0.00019171668857117898
w_xgb_without_lags,0.00025098104333068816
w_xgb_with_lags,0.14505899439734507
w_lgbm_without_lags,0.17356238379117353
w_lgbm_with_lags,0.17381754876235334
