model,weight
w_holt_winters_full,0.1402478498889666
w_holt_winters_cleaned,0.07622068973963841
w_rf_without_lags,0.0013780571476095596
w_rf_with_lags,0.02707546135829925
w_knn_without_lags,0.03885631078228023
w_knn_with_lags,0.15235331607265323
w_xgb_without_lags,0.0013099278612824455
w_xgb_with_lags,0.24867069349221935
w_lgbm_without_lags,0.0337631627511902
w_lgbm_with_lags,0.2801245309058606
