model,weight
w_holt_winters_full,0.09510883102505158
w_holt_winters_cleaned,0.005712282786333764
w_rf_without_lags,0.01032252317867394
w_rf_with_lags,0.005305791228275191
w_knn_without_lags,0.20722368823533466
w_knn_with_lags,0.20909523618338086
w_xgb_without_lags,0.16962073035537859
w_xgb_with_lags,0.15837534934304526
w_lgbm_without_lags,0.13075348848374488
w_lgbm_with_lags,0.008482079180781267
