model,weight
w_holt_winters_full,0.0053651147319671594
w_holt_winters_cleaned,0.01895560786617787
w_rf_without_lags,0.2196640379977934
w_rf_with_lags,0.21798651859014376
w_knn_without_lags,0.19390601683649647
w_knn_with_lags,0.002203884895522317
w_xgb_without_lags,0.002637435678028416
w_xgb_with_lags,0.028863297924528703
w_lgbm_without_lags,0.12304858458355086
w_lgbm_with_lags,0.18736950089579094
