model,weight
w_holt_winters_full,0.030347915227657216
w_holt_winters_cleaned,0.18838381743001031
w_rf_without_lags,0.1795234484294455
w_rf_with_lags,0.16471900738969666
w_knn_without_lags,0.1535005281198341
w_knn_with_lags,0.002852473120723784
w_xgb_without_lags,0.16842546812380588
w_xgb_with_lags,0.0003379328005176803
w_lgbm_without_lags,0.08049956362446767
w_lgbm_with_lags,0.03140984573384122
