model,weight
w_holt_winters_full,0.18330144651511476
w_holt_winters_cleaned,0.34280280315849404
w_rf_without_lags,0.14068913714747752
w_rf_with_lags,0.006908454817149908
w_knn_without_lags,0.06531657464601254
w_knn_with_lags,0.0003239851399508561
w_xgb_without_lags,0.16952547339793866
w_xgb_with_lags,0.0070860850354874
w_lgbm_without_lags,0.050857325298823156
w_lgbm_with_lags,0.03318871484355101
