model,weight
w_holt_winters_full,0.0002551298867102882
w_holt_winters_cleaned,0.005636004742186567
w_rf_without_lags,0.132151759195785
w_rf_with_lags,0.20498640270550814
w_knn_without_lags,0.02993433542892741
w_knn_with_lags,0.031303837745606196
w_xgb_without_lags,0.011503933300024744
w_xgb_with_lags,0.32369561048946144
w_lgbm_without_lags,0.09485206919400332
w_lgbm_with_lags,0.16568091731178683
