model,weight
w_holt_winters_full,0.01664098981482998
w_holt_winters_cleaned,0.13369461006831734
w_rf_without_lags,0.25405958185527566
w_rf_with_lags,0.022833703917104566
w_knn_without_lags,0.012107915100210613
w_knn_with_lags,0.036214427534871474
w_xgb_without_lags,0.2403662331329218
w_xgb_with_lags,0.11579332194047137
w_lgbm_without_lags,0.01755658882317424
w_lgbm_with_lags,0.15073262781282282
