model,weight
w_holt_winters_full,0.00996262246770057
w_holt_winters_cleaned,0.08504473118820885
w_rf_without_lags,0.21369560909677393
w_rf_with_lags,0.00041293790869020646
w_knn_without_lags,0.2143102396356588
w_knn_with_lags,0.028203646409302778
w_xgb_without_lags,0.0011164673964121426
w_xgb_with_lags,0.17777129596951496
w_lgbm_without_lags,0.0770452000475556
w_lgbm_with_lags,0.19243724988018213
