model,weight
w_holt_winters_full,0.13053272481636985
w_holt_winters_cleaned,0.21028238725335938
w_rf_without_lags,0.13373855104595567
w_rf_with_lags,0.060955550228482466
w_knn_without_lags,0.010291422455732165
w_knn_with_lags,0.00394931229286137
w_xgb_without_lags,0.015473142264963921
w_xgb_with_lags,0.23793574150325966
w_lgbm_without_lags,0.1608717041557977
w_lgbm_with_lags,0.03596946398321773
