model,weight
w_holt_winters_full,0.21478121291056856
w_holt_winters_cleaned,0.09638625097742183
w_rf_without_lags,0.0012223395502565986
w_rf_with_lags,0.018492056836083178
w_knn_without_lags,0.2696281352689818
w_knn_with_lags,0.20703110145122952
w_xgb_without_lags,0.03284732341919354
w_xgb_with_lags,0.13061214865524068
w_lgbm_without_lags,0.009253955575745949
w_lgbm_with_lags,0.0197454753552783
