model,weight
w_holt_winters_full,0.1535026582110686
w_holt_winters_cleaned,0.09696988351525078
w_rf_without_lags,0.21698907194499234
w_rf_with_lags,0.009865499907171662
w_knn_without_lags,0.07250825328702122
w_knn_with_lags,0.02846261072989446
w_xgb_without_lags,0.16404742619063836
w_xgb_with_lags,0.0246844656244803
w_lgbm_without_lags,0.029963237666240507
w_lgbm_with_lags,0.2030068929232418
