model,weight
w_holt_winters_full,0.04899097607629802
w_holt_winters_cleaned,0.026166796374600333
w_rf_without_lags,0.1655878639491758
w_rf_with_lags,0.04664411429382877
w_knn_without_lags,0.01656846221898995
w_knn_with_lags,0.187197439343293
w_xgb_without_lags,0.00034433670137865675
w_xgb_with_lags,0.24995872632473334
w_lgbm_without_lags,0.008405512122578737
w_lgbm_with_lags,0.25013577259512343
