model,weight
w_holt_winters_full,0.17481510532491965
w_holt_winters_cleaned,0.20821014011859726
w_rf_without_lags,0.018680017899062984
w_rf_with_lags,0.1920634523379654
w_knn_without_lags,0.013929338458383119
w_knn_with_lags,0.05740497916658095
w_xgb_without_lags,0.0005322908623641759
w_xgb_with_lags,0.2137497436303235
w_lgbm_without_lags,0.008352202038442646
w_lgbm_with_lags,0.1122627301633605
