model,weight
w_holt_winters_full,0.21429331957327297
w_holt_winters_cleaned,0.05528372013578332
w_rf_without_lags,0.2532187098983531
w_rf_with_lags,0.005693657476037861
w_knn_without_lags,0.02716846552393313
w_knn_with_lags,0.13141747327482034
w_xgb_without_lags,0.21563779394321672
w_xgb_with_lags,0.03201307526852969
w_lgbm_without_lags,0.04474684109515754
w_lgbm_with_lags,0.020526943810895218
