model,weight
w_holt_winters_full,0.011234032129854228
w_holt_winters_cleaned,0.1617534117525822
w_rf_without_lags,0.016363874765918177
w_rf_with_lags,0.09776984301562705
w_knn_without_lags,0.003976105552746233
w_knn_with_lags,0.0006780860867453787
w_xgb_without_lags,0.12199711528196278
w_xgb_with_lags,0.2085027829782721
w_lgbm_without_lags,0.2163400543791641
w_lgbm_with_lags,0.16138469405712785
