model,weight
w_holt_winters_full,0.06410111363023806
w_holt_winters_cleaned,0.226124729820357
w_rf_without_lags,0.08296345047462488
w_rf_with_lags,0.01887459896478612
w_knn_without_lags,0.012647745524598132
w_knn_with_lags,0.0224656192259314
w_xgb_without_lags,0.18934020481452193
w_xgb_with_lags,0.0013645991278379696
w_lgbm_without_lags,0.19532174359094895
w_lgbm_with_lags,0.18679619482615564
