model,weight
w_holt_winters_full,0.0006879690926116819
w_holt_winters_cleaned,8.416699422135023e-05
w_rf_without_lags,0.24288419660816654
w_rf_with_lags,0.029328558301831977
w_knn_without_lags,0.05093896871690053
w_knn_with_lags,0.32812474228041466
w_xgb_without_lags,0.0021791926979115635
w_xgb_with_lags,0.28197382508341035
w_lgbm_without_lags,0.009208405835600744
w_lgbm_with_lags,0.05458997438893053
