model,weight
w_holt_winters_full,0.13027032151591558
w_holt_winters_cleaned,0.2588609736269438
w_rf_without_lags,0.013025799669792006
w_rf_with_lags,0.02947176378866704
w_knn_without_lags,0.17376264870312189
w_knn_with_lags,0.016730217012353724
w_xgb_without_lags,0.19734127333747292
w_xgb_with_lags,0.12194485326286124
w_lgbm_without_lags,0.05834222626303641
w_lgbm_with_lags,0.0002499228198354244
