model,weight
w_holt_winters_full,7.47158407332753e-05
w_holt_winters_cleaned,0.004728561729726774
w_rf_without_lags,0.19310011799173882
w_rf_with_lags,0.13296032815979755
w_knn_without_lags,0.16273989152376866
w_knn_with_lags,0.17612019435764184
w_xgb_without_lags,0.00013383484905914593
w_xgb_with_lags,0.13389127955002036
w_lgbm_without_lags,0.12802855726424442
w_lgbm_with_lags,0.06822251873326925
