model,weight
w_holt_winters_full,0.29619075973265063
w_holt_winters_cleaned,0.19987983520723784
w_rf_without_lags,0.020436825345886714
w_rf_with_lags,0.011550355854359332
w_knn_without_lags,0.11496737877236288
w_knn_with_lags,0.004289500834089413
w_xgb_without_lags,0.0596619271329135
w_xgb_with_lags,0.26361170808779133
w_lgbm_without_lags,0.017117144306301405
w_lgbm_with_lags,0.01229456472640685
