model,weight
w_holt_winters_full,0.07193587727489734
w_holt_winters_cleaned,0.008588581285126065
w_rf_without_lags,0.06901977279518144
w_rf_with_lags,0.20025129048078047
w_knn_without_lags,0.010527091105749259
w_knn_with_lags,0.0033632682510865916
w_xgb_without_lags,0.015218439941749614
w_xgb_with_lags,0.21877606376930114
w_lgbm_without_lags,0.24897329734384738
w_lgbm_with_lags,0.15334631775228072
