model,weight
w_holt_winters_full,0.17870782250214934
w_holt_winters_cleaned,0.022852957666679226
w_rf_without_lags,0.028415082489383615
w_rf_with_lags,0.20202524482885464
w_knn_without_lags,0.2826543112196835
w_knn_with_lags,0.011320455935542826
w_xgb_without_lags,0.006857694350932369
w_xgb_with_lags,0.1209715469795129
w_lgbm_without_lags,0.07799841827568262
w_lgbm_with_lags,0.06819646575157898
