model,weight
w_holt_winters_full,0.24587647417023298
w_holt_winters_cleaned,0.00606327328624958
w_rf_without_lags,0.21070077739594387
w_rf_with_lags,0.028404012587164667
w_knn_without_lags,0.2432849190148044
w_knn_with_lags,0.000249487915538673
w_xgb_without_lags,0.10492134988054073
w_xgb_with_lags,0.13149285238781416
w_lgbm_without_lags,0.0055879040267472315
w_lgbm_with_lags,0.023418949334963694
