model,weight
w_holt_winters_full,0.02264193068200918
w_holt_winters_cleaned,0.038317101714730885
w_rf_without_lags,0.055218355476932685
w_rf_with_lags,0.00154894518194982
w_knn_without_lags,0.25201682424622784
w_knn_with_lags,0.1445659332801068
w_xgb_without_lags,0.19049677949803684
w_xgb_with_lags,2.2415179761341783e-05
w_lgbm_without_lags,0.287094097382356
w_lgbm_with_lags,0.008077617357888525
