model,weight
w_holt_winters_full,0.0758588652772277
w_holt_winters_cleaned,0.0004869109833454723
w_rf_without_lags,0.13313559566727862
w_rf_with_lags,0.23370262031527386
w_knn_without_lags,0.21746364668571389
w_knn_with_lags,0.13731495793492196
w_xgb_without_lags,0.17702086801155234
w_xgb_with_lags,0.00611257083337252
w_lgbm_without_lags,0.017209606405829983
w_lgbm_with_lags,0.001694357885483639
