model,weight
w_holt_winters_full,0.21663663695811042
w_holt_winters_cleaned,0.0010581864317393828
w_rf_without_lags,0.09714533777377451
w_rf_with_lags,0.131451906259327
w_knn_without_lags,0.00670462856741628
w_knn_with_lags,0.01330122094621451
w_xgb_without_lags,0.3157420966002548
w_xgb_with_lags,0.07892155856287408
w_lgbm_without_lags,0.12640378097553803
w_lgbm_with_lags,0.012634646924750931
