model,weight
w_holt_winters_full,0.2534002536431382
w_holt_winters_cleaned,0.17090458282363952
w_rf_without_lags,0.01619401632734772
w_rf_with_lags,0.197225211709073
w_knn_without_lags,0.21557140106539982
w_knn_with_lags,0.0736025350191117
w_xgb_without_lags,0.02571967413594169
w_xgb_with_lags,0.011477907093359272
w_lgbm_without_lags,8.742246688594362e-05
w_lgbm_with_lags,0.035816995716103035
