model,weight
w_holt_winters_full,0.21506381576347292
w_holt_winters_cleaned,0.02505251773214745
w_rf_without_lags,0.08081237547541695
w_rf_with_lags,0.0006976909215485404
w_knn_without_lags,0.16536356963609938
w_knn_with_lags,0.03253552290551518
w_xgb_without_lags,0.0072664544338916105
w_xgb_with_lags,0.20829804676573033
w_lgbm_without_lags,0.000686991875167357
w_lgbm_with_lags,0.26422301449101027
