model,weight
w_holt_winters_full,0.2526284151562809
w_holt_winters_cleaned,0.08089373889914016
w_rf_without_lags,0.0534501005007469
w_rf_with_lags,0.05386339441071186
w_knn_without_lags,0.13891471922102638
w_knn_with_lags,0.14483054272747647
w_xgb_without_lags,0.08993021164495175
w_xgb_with_lags,0.09166335530987062
w_lgbm_without_lags,0.029580932245168605
w_lgbm_with_lags,0.06424458988462628
