model,weight
w_holt_winters_full,0.3040973215200519
w_holt_winters_cleaned,0.33559284348640056
w_rf_without_lags,5.6239594593469047e-05
w_rf_with_lags,0.08934482112642932
w_knn_without_lags,0.02267142874220957
w_knn_with_lags,0.02121542345188815
w_xgb_without_lags,0.007807161339536398
w_xgb_with_lags,0.0013691489957283428
w_lgbm_without_lags,0.032427638539493986
w_lgbm_with_lags,0.1854179732036682
