model,weight
w_holt_winters_full,0.16933389127116819
w_holt_winters_cleaned,0.060389504556346535
w_rf_without_lags,0.03232994143619847
w_rf_with_lags,0.013898443361664781
w_knn_without_lags,0.06978216003494048
w_knn_with_lags,0.22710303519331845
w_xgb_without_lags,0.008557732976229589
w_xgb_with_lags,0.3698207565085071
w_lgbm_without_lags,0.0016498001967074427
w_lgbm_with_lags,0.04713473446491889
