model,weight
w_holt_winters_full,0.18449338386986924
w_holt_winters_cleaned,0.0749163392690003
w_rf_without_lags,0.005022263135335018
w_rf_with_lags,0.0135951273168926
w_knn_without_lags,0.023434058977692525
w_knn_with_lags,0.00575484901271262
w_xgb_without_lags,0.05816700049749537
w_xgb_with_lags,0.26420740975906504
w_lgbm_without_lags,0.09038418748181554
w_lgbm_with_lags,0.2800253806801217
