model,weight
w_holt_winters_full,0.28035722140541763
w_holt_winters_cleaned,0.26492476193341497
w_rf_without_lags,0.10423162782138226
w_rf_with_lags,0.00627360182693255
w_knn_without_lags,0.05231010750344867
w_knn_with_lags,0.08629916339568618
w_xgb_without_lags,0.07417782061916178
w_xgb_with_lags,0.01265412244693584
w_lgbm_without_lags,0.056276252382686937
w_lgbm_with_lags,0.06249532066493315
