model,weight
w_holt_winters_full,0.33562853336398635
w_holt_winters_cleaned,0.04270040834075916
w_rf_without_lags,0.026233062363584265
w_rf_with_lags,0.1671310925018147
w_knn_without_lags,0.10458793054724458
w_knn_with_lags,0.03426087748051715
w_xgb_without_lags,9.562353546594622e-05
w_xgb_with_lags,0.02670831219248228
w_lgbm_without_lags,0.0013730834435764817
w_lgbm_with_lags,0.2612810762305691
