model,weight
w_holt_winters_full,0.012631773898666536
w_holt_winters_cleaned,0.033030927420082304
w_rf_without_lags,0.0799989751458441
w_rf_with_lags,0.004863072405215258
w_knn_without_lags,0.21175019492444647
w_knn_with_lags,0.2506096808384305
w_xgb_without_lags,0.04381028235555199
w_xgb_with_lags,0.13191162763573783
w_lgbm_without_lags,0.22528338306743623
w_lgbm_with_lags,0.006110082308588692
