model,weight
w_holt_winters_full,0.042044572968620166
w_holt_winters_cleaned,0.004570138290496663
w_rf_without_lags,0.14304301313626933
w_rf_with_lags,0.1567901277590101
w_knn_without_lags,0.05494830034837285
w_knn_with_lags,0.0083272212968917
w_xgb_without_lags,0.26321008844729743
w_xgb_with_lags,0.005682778315305466
w_lgbm_without_lags,0.0592025931099963
w_lgbm_with_lags,0.26218116632774
