model,weight
w_holt_winters_full,0.20536001431782708
w_holt_winters_cleaned,0.010985391623875955
w_rf_without_lags,0.12585036857979887
w_rf_with_lags,0.1952857333450252
w_knn_without_lags,0.006320228873046574
w_knn_with_lags,0.00046848670387373095
w_xgb_without_lags,0.070560992276063
w_xgb_with_lags,0.2192212734724059
w_lgbm_without_lags,0.1382072212252723
w_lgbm_with_lags,0.02774028958281151
