model,weight
w_holt_winters_full,0.0118288697459654
w_holt_winters_cleaned,0.14055901668367063
w_rf_without_lags,0.13016868240993562
w_rf_with_lags,0.01034982187791208
w_knn_without_lags,0.2704621099203406
w_knn_with_lags,0.27284864203606346
w_xgb_without_lags,0.060134422093826724
w_xgb_with_lags,0.007366259473045968
w_lgbm_without_lags,0.06035997627383514
w_lgbm_with_lags,0.0359221994854044
