model,weight
w_holt_winters_full,0.23069434353120497
w_holt_winters_cleaned,0.0017459054412948365
w_rf_without_lags,0.1251620257231994
w_rf_with_lags,0.006781816554120157
w_knn_without_lags,0.24641555719969924
w_knn_with_lags,0.2498595505694481
w_xgb_without_lags,0.044323107050774954
w_xgb_with_lags,0.08831385990345555
w_lgbm_without_lags,0.0023459502798097737
w_lgbm_with_lags,0.004357883746992993
