model,weight
w_holt_winters_full,0.08750011800403455
w_holt_winters_cleaned,0.21235021081907016
w_rf_without_lags,0.22507797476859218
w_rf_with_lags,0.030698202127486005
w_knn_without_lags,0.004456654409034338
w_knn_with_lags,0.0013227793262603079
w_xgb_without_lags,0.04613279950335728
w_xgb_with_lags,0.2010547290985388
w_lgbm_without_lags,0.007217451050269437
w_lgbm_with_lags,0.1841890808933568
