model,weight
w_holt_winters_full,0.20558033965148054
w_holt_winters_cleaned,0.14105272559274093
w_rf_without_lags,0.0147269230134779
w_rf_with_lags,0.05741220033289487
w_knn_without_lags,0.15534839913015813
w_knn_with_lags,0.0003104684840407981
w_xgb_without_lags,0.11839105412655386
w_xgb_with_lags,0.208266464914526
w_lgbm_without_lags,0.0930357397174841
w_lgbm_with_lags,0.005875685036642746
