model,weight
w_holt_winters_full,0.03469816659402514
w_holt_winters_cleaned,0.07600144402668596
w_rf_without_lags,0.2436763088517268
w_rf_with_lags,0.0697944198188513
w_knn_without_lags,0.2658609214615591
w_knn_with_lags,0.22145369575953314
w_xgb_without_lags,0.012794463732812133
w_xgb_with_lags,0.02278679027762975
w_lgbm_without_lags,0.0025916056053977496
w_lgbm_with_lags,0.05034218387177886
