model,weight
w_holt_winters_full,0.043999385792988566
w_holt_winters_cleaned,0.018262075900058544
w_rf_without_lags,0.41668285976758307
w_rf_with_lags,0.026074592581746728
w_knn_without_lags,0.07127810679833048
w_knn_with_lags,0.009240167054538867
w_xgb_without_lags,0.2533756681790237
w_xgb_with_lags,0.009405109752275964
w_lgbm_without_lags,0.12416438287002653
w_lgbm_with_lags,0.02751765130342765
