model,weight
w_holt_winters_full,0.23780092080350623
w_holt_winters_cleaned,0.2211794457651679
w_rf_without_lags,0.01932624419117211
w_rf_with_lags,0.009292049584398067
w_knn_without_lags,0.17363569410840377
w_knn_with_lags,0.015946533348531074
w_xgb_without_lags,0.15920021057856693
w_xgb_with_lags,0.12344737474297501
w_lgbm_without_lags,0.039907536786945835
w_lgbm_with_lags,0.0002639900903331099
