model,weight
w_holt_winters_full,0.22957401650328213
w_holt_winters_cleaned,0.027429145057980733
w_rf_without_lags,0.04555781347152696
w_rf_with_lags,0.21400724641836538
w_knn_without_lags,0.030572736177735187
w_knn_with_lags,2.6651827679525496e-05
w_xgb_without_lags,0.05490933108418722
w_xgb_with_lags,0.12936481733204513
w_lgbm_without_lags,0.05706484146992007
w_lgbm_with_lags,0.2114934006572776
