model,weight
w_holt_winters_full,0.009593441844114764
w_holt_winters_cleaned,0.3070330159305357
w_rf_without_lags,0.16386618195188382
w_rf_with_lags,0.06616754909476386
w_knn_without_lags,0.026016915214317978
w_knn_with_lags,0.22730286135692315
w_xgb_without_lags,0.08773264257727921
w_xgb_with_lags,0.008304344623692055
w_lgbm_without_lags,0.07938891726409893
w_lgbm_with_lags,0.024594130142390577
