model,weight
w_holt_winters_full,0.2915172016457081
w_holt_winters_cleaned,0.2113347228509917
w_rf_without_lags,0.06928452897185601
w_rf_with_lags,0.020085218862183566
w_knn_without_lags,0.05297941593135791
w_knn_with_lags,0.02818814260597192
w_xgb_without_lags,0.05226911443003105
w_xgb_with_lags,0.06380256212545163
w_lgbm_without_lags,0.11899449782034922
w_lgbm_with_lags,0.09154459475609879
