model,weight
w_holt_winters_full,0.05259330867434982
w_holt_winters_cleaned,0.026890677994418313
w_rf_without_lags,0.010773578296554715
w_rf_with_lags,0.2668395810677624
w_knn_without_lags,0.22593710341597925
w_knn_with_lags,0.1686721027590416
w_xgb_without_lags,0.0077991173480400095
w_xgb_with_lags,0.010980061158704917
w_lgbm_without_lags,0.22436133038185616
w_lgbm_with_lags,0.0051531389032927885
