model,weight
w_holt_winters_full,0.12604804483290558
w_holt_winters_cleaned,0.16814287504217704
w_rf_without_lags,0.03830736772910005
w_rf_with_lags,0.00030734997388890263
w_knn_without_lags,0.24892091519468135
w_knn_with_lags,0.10557533289106483
w_xgb_without_lags,0.015558478868931276
w_xgb_with_lags,0.28511244783354656
w_lgbm_without_lags,0.011467528871679695
w_lgbm_with_lags,0.0005596587620249207
