model,weight
w_holt_winters_full,0.2786135820078089
w_holt_winters_cleaned,0.39083101444928353
w_rf_without_lags,0.011564623698108307
w_rf_with_lags,0.00993016289979462
w_knn_without_lags,0.011892848977239686
w_knn_with_lags,0.02805981910594715
w_xgb_without_lags,0.03692970909429918
w_xgb_with_lags,0.1866484372074383
w_lgbm_without_lags,0.04527946571917099
w_lgbm_with_lags,0.0002503368409093478
