model,weight
w_holt_winters_full,0.00459445165271328
w_holt_winters_cleaned,0.0003492522982253989
w_rf_without_lags,0.1720660299138952
w_rf_with_lags,0.11397665054719555
w_knn_without_lags,0.004544900861541818
w_knn_with_lags,0.03964746660155827
w_xgb_without_lags,0.17824920397680494
w_xgb_with_lags,0.13951516969373373
w_lgbm_without_lags,0.17153999941355763
w_lgbm_with_lags,0.1755168750407743
