model,weight
w_holt_winters_full,0.059676840758673196
w_holt_winters_cleaned,0.2428276849366965
w_rf_without_lags,0.0033712808589429137
w_rf_with_lags,0.00028438621142191635
w_knn_without_lags,0.2054921529201574
w_knn_with_lags,7.263328541811606e-05
w_xgb_without_lags,0.1801498248214277
w_xgb_with_lags,0.2658684913136653
w_lgbm_without_lags,0.012085806664849978
w_lgbm_with_lags,0.030170898228747047
