model,weight
w_holt_winters_full,0.026453901061783712
w_holt_winters_cleaned,0.01898811803972189
w_rf_without_lags,0.01724134087208337
w_rf_with_lags,0.004962308067413381
w_knn_without_lags,0.22429609822836852
w_knn_with_lags,4.0764185698395955e-05
w_xgb_without_lags,0.24256728033551625
w_xgb_with_lags,0.046347500528850685
w_lgbm_without_lags,0.16058047532641473
w_lgbm_with_lags,0.2585222133541491
