model,weight
w_holt_winters_full,0.20551654377438594
w_holt_winters_cleaned,0.20808998586342192
w_rf_without_lags,0.17171406004501064
w_rf_with_lags,0.05855157335140193
w_knn_without_lags,0.005075253357399773
w_knn_with_lags,0.009316087366370539
w_xgb_without_lags,0.019566328926543714
w_xgb_with_lags,0.014048900599100949
w_lgbm_without_lags,0.18396422133133908
w_lgbm_with_lags,0.12415704538502556
