model,weight
w_holt_winters_full,0.08527508386688062
w_holt_winters_cleaned,0.06091598574058731
w_rf_without_lags,0.11303525553636612
w_rf_with_lags,0.14857095589534655
w_knn_without_lags,0.1008464077139651
w_knn_with_lags,0.04447860884357699
w_xgb_without_lags,0.033145740377369046
w_xgb_with_lags,0.37297784537987116
w_lgbm_without_lags,0.008529335655526746
w_lgbm_with_lags,0.032224780990510245
