model,weight
w_holt_winters_full,0.08233743164911907
w_holt_winters_cleaned,0.03176998470671464
w_rf_without_lags,0.18595662748834307
w_rf_with_lags,0.0352095024911059
w_knn_without_lags,0.19510111351793194
w_knn_with_lags,0.2653893275510821
w_xgb_without_lags,0.0055192382486059476
w_xgb_with_lags,0.05338033852521867
w_lgbm_without_lags,0.1446863627940241
w_lgbm_with_lags,0.0006500730278546036
