model,weight
w_holt_winters_full,0.1139834844069683
w_holt_winters_cleaned,0.022194397397219037
w_rf_without_lags,0.22312711027365548
w_rf_with_lags,0.0007958902680728943
w_knn_without_lags,0.19707381535333732
w_knn_with_lags,0.16134754019669253
w_xgb_without_lags,0.03572182272536373
w_xgb_with_lags,0.03280523801450668
w_lgbm_without_lags,0.03710765403384428
w_lgbm_with_lags,0.17584304733033987
