model,weight
w_holt_winters_full,0.195090065810462
w_holt_winters_cleaned,0.04779985155881998
w_rf_without_lags,0.19315794192231647
w_rf_with_lags,0.02771442169809375
w_knn_without_lags,0.1018427461900544
w_knn_with_lags,0.1745439925128213
w_xgb_without_lags,0.0006268073025858839
w_xgb_with_lags,0.18091811117590825
w_lgbm_without_lags,0.07790235702373384
w_lgbm_with_lags,0.00040370480520402754
