model,weight
w_holt_winters_full,0.09778021350040982
w_holt_winters_cleaned,0.13940336707554896
w_rf_without_lags,0.004262155102025601
w_rf_with_lags,0.035522242335161186
w_knn_without_lags,0.2013791628104315
w_knn_with_lags,0.15782337590850862
w_xgb_without_lags,0.033943374339477465
w_xgb_with_lags,0.11343925628239547
w_lgbm_without_lags,0.18882129557342467
w_lgbm_with_lags,0.027625557072616744
