model,weight
w_holt_winters_full,0.16554306090977813
w_holt_winters_cleaned,0.12620183559166037
w_rf_without_lags,0.02132505272564548
w_rf_with_lags,0.0019625255280813093
w_knn_without_lags,0.00751692583874568
w_knn_with_lags,0.025425796787242185
w_xgb_without_lags,0.17538998940534054
w_xgb_with_lags,0.05437034559632578
w_lgbm_without_lags,0.3725089999363236
w_lgbm_with_lags,0.04975546768085711
