model,weight
w_holt_winters_full,0.07408943662157362
w_holt_winters_cleaned,0.053482833771088395
w_rf_without_lags,0.21018463675166293
w_rf_with_lags,0.14137937663664166
w_knn_without_lags,0.20828043209710964
w_knn_with_lags,0.004266963504647372
w_xgb_without_lags,0.01292007847569938
w_xgb_with_lags,0.09313168380718435
w_lgbm_without_lags,0.19068629102532203
w_lgbm_with_lags,0.011578267309070791
