model,weight
w_holt_winters_full,0.27800175555007783
w_holt_winters_cleaned,0.2511853504651321
w_rf_without_lags,0.0018656977862013021
w_rf_with_lags,0.09080959381889564
w_knn_without_lags,0.08970193233689462
w_knn_with_lags,0.006514924413856117
w_xgb_without_lags,0.055057974887596894
w_xgb_with_lags,0.11030485898185495
w_lgbm_without_lags,0.0277292033817543
w_lgbm_with_lags,0.08882870837773628
