model,weight
w_holt_winters_full,0.3527145996634919
w_holt_winters_cleaned,0.3322500664622264
w_rf_without_lags,0.030897737024931652
w_rf_with_lags,0.03215764167835071
w_knn_without_lags,0.14698834083594536
w_knn_with_lags,0.01199797300145251
w_xgb_without_lags,0.0005598710111979115
w_xgb_with_lags,0.042103817348580944
w_lgbm_without_lags,0.030525606291876336
w_lgbm_with_lags,0.019804346681946267
