model,weight
w_holt_winters_full,0.06793296323092729
w_holt_winters_cleaned,0.1373409765557119
w_rf_without_lags,0.17992323023744772
w_rf_with_lags,0.1516751160768372
w_knn_without_lags,0.18729830055431124
w_knn_with_lags,0.18900288573777727
w_xgb_without_lags,0.0027605891898190398
w_xgb_with_lags,0.0013602258469185176
w_lgbm_without_lags,0.04588342921395355
w_lgbm_with_lags,0.03682228335629635
