model,weight
w_holt_winters_full,0.02748740729469979
w_holt_winters_cleaned,0.00627037753362174
w_rf_without_lags,0.195864687706129
w_rf_with_lags,0.01015375873490552
w_knn_without_lags,0.2461740523748104
w_knn_with_lags,0.0054975068836892165
w_xgb_without_lags,0.1414839442820629
w_xgb_with_lags,0.039200971665379065
w_lgbm_without_lags,0.044639510257192344
w_lgbm_with_lags,0.2832277832675101
