model,weight
w_holt_winters_full,0.011409733172329017
w_holt_winters_cleaned,0.15261538283575013
w_rf_without_lags,0.1791392893211197
w_rf_with_lags,0.12514159813109424
w_knn_without_lags,0.028716492262238366
w_knn_with_lags,0.0707393704082495
w_xgb_without_lags,0.043760118431675286
w_xgb_with_lags,0.01864777917802208
w_lgbm_without_lags,0.19337181086683175
w_lgbm_with_lags,0.17645842539268994
