model,weight
w_holt_winters_full,0.43599536961813823
w_holt_winters_cleaned,0.2302469605370917
w_rf_without_lags,0.009158785123064757
w_rf_with_lags,0.005153887804011303
w_knn_without_lags,0.09798965457155856
w_knn_with_lags,0.06021932234448213
w_xgb_without_lags,0.017019906124299045
w_xgb_with_lags,0.02050984531458898
w_lgbm_without_lags,0.10242047468673977
w_lgbm_with_lags,0.02128579387602549
