model,weight
w_holt_winters_full,0.03489189961337097
w_holt_winters_cleaned,0.10019460081060255
w_rf_without_lags,0.11325152057336287
w_rf_with_lags,0.11302706924498726
w_knn_without_lags,0.3624831640163838
w_knn_with_lags,0.03710823764562204
w_xgb_without_lags,0.011416505592406215
w_xgb_with_lags,0.15965523207952165
w_lgbm_without_lags,0.026129811500567743
w_lgbm_with_lags,0.041841958923174875
