model,weight
w_holt_winters_full,0.31942722376207305
w_holt_winters_cleaned,0.2969791609341032
w_rf_without_lags,0.020606026025481877
w_rf_with_lags,0.06238576000635382
w_knn_without_lags,0.0799107375055182
w_knn_with_lags,0.015432024271506861
w_xgb_without_lags,0.006295951845007412
w_xgb_with_lags,0.15291239796413794
w_lgbm_without_lags,0.0217958232098129
w_lgbm_with_lags,0.024254894476004776
