model,weight
w_holt_winters_full,0.2640611173331795
w_holt_winters_cleaned,0.26945063549068343
w_rf_without_lags,0.06018584229715531
w_rf_with_lags,0.10773035432590672
w_knn_without_lags,0.17677801412468735
w_knn_with_lags,0.0365954056975921
w_xgb_without_lags,0.020728343062673158
w_xgb_with_lags,0.004230357139810017
w_lgbm_without_lags,0.015566882275215896
w_lgbm_with_lags,0.04467304825309644
