model,weight
w_holt_winters_full,0.013915535909308285
w_holt_winters_cleaned,0.027771175242613286
w_rf_without_lags,0.25816057338991627
w_rf_with_lags,0.0017993418077630844
w_knn_without_lags,0.15725922761258285
w_knn_with_lags,0.001209303373532334
w_xgb_without_lags,0.009085778930413357
w_xgb_with_lags,0.22163121131731403
w_lgbm_without_lags,0.04718014950116431
w_lgbm_with_lags,0.26198770291539214
