model,weight
w_holt_winters_full,0.17514608237444848
w_holt_winters_cleaned,0.01081607255502831
w_rf_without_lags,0.1471017438469011
w_rf_with_lags,0.00038298224879411186
w_knn_without_lags,0.1933224134769752
w_knn_with_lags,0.053431591558914165
w_xgb_without_lags,0.19110217980470517
w_xgb_with_lags,0.0706852065130514
w_lgbm_without_lags,0.024908898592314672
w_lgbm_with_lags,0.13310282902886744
