model,weight
w_holt_winters_full,0.32249889527497083
w_holt_winters_cleaned,0.01914068908103771
w_rf_without_lags,0.1717667937235578
w_rf_with_lags,0.06050851066807209
w_knn_without_lags,0.04259417144218531
w_knn_with_lags,0.014377512205482548
w_xgb_without_lags,0.09852061904543073
w_xgb_with_lags,0.03246951687803386
w_lgbm_without_lags,0.23691704566969776
w_lgbm_with_lags,0.0012062460115313052
