model,weight
w_holt_winters_full,0.3281630939431142
w_holt_winters_cleaned,0.017819635982412388
w_rf_without_lags,0.049648620368906264
w_rf_with_lags,0.006106123171807204
w_knn_without_lags,0.2892733194939224
w_knn_with_lags,0.11808210753233107
w_xgb_without_lags,0.0608987196846538
w_xgb_with_lags,0.08887954133534144
w_lgbm_without_lags,0.023487000245116827
w_lgbm_with_lags,0.017641838242394438
