model,weight
w_holt_winters_full,0.007959797819595733
w_holt_winters_cleaned,0.029820889404306817
w_rf_without_lags,0.0966915988401087
w_rf_with_lags,0.0006531760315890443
w_knn_without_lags,0.178700730157285
w_knn_with_lags,0.23796122535109265
w_xgb_without_lags,0.1512553021974972
w_xgb_with_lags,0.02159904961573588
w_lgbm_without_lags,0.26906905052092916
w_lgbm_with_lags,0.006289180061859958
