model,weight
w_holt_winters_full,0.006354533229514239
w_holt_winters_cleaned,0.0007627852720364149
w_rf_without_lags,0.03986720836275165
w_rf_with_lags,0.005495444936195197
w_knn_without_lags,0.2649755119840595
w_knn_with_lags,0.26735833793723307
w_xgb_without_lags,0.16703490791738096
w_xgb_with_lags,0.060517898087507606
w_lgbm_without_lags,0.07888529653945504
w_lgbm_with_lags,0.10874807573386626
