model,weight
w_holt_winters_full,0.020043043811935245
w_holt_winters_cleaned,0.0006261249408050277
w_rf_without_lags,0.02369738874816838
w_rf_with_lags,0.11212160432534334
w_knn_without_lags,0.10007345206998652
w_knn_with_lags,0.21343383238830257
w_xgb_without_lags,0.22477325323425806
w_xgb_with_lags,0.2314067492984466
w_lgbm_without_lags,0.0504995275207813
w_lgbm_with_lags,0.023325023661972862
