model,weight
w_holt_winters_full,0.20587844234463346
w_holt_winters_cleaned,0.15488709685197868
w_rf_without_lags,0.05719030313940849
w_rf_with_lags,0.012558625800476834
w_knn_without_lags,0.005192374804077092
w_knn_with_lags,0.21408148072197278
w_xgb_without_lags,0.11313588676018224
w_xgb_with_lags,0.025567174636489543
w_lgbm_without_lags,0.11216323464799657
w_lgbm_with_lags,0.09934538029278422
