model,weight
w_holt_winters_full,0.34744782234534544
w_holt_winters_cleaned,0.013540775757052858
w_rf_without_lags,0.016452559541556652
w_rf_with_lags,0.06668753492666299
w_knn_without_lags,0.04477117681300262
w_knn_with_lags,0.007069636150399239
w_xgb_without_lags,0.005753132703751813
w_xgb_with_lags,0.2560945179470235
w_lgbm_without_lags,0.009938112967729833
w_lgbm_with_lags,0.23224473084747493
