model,weight
w_holt_winters_full,0.09656367410899531
w_holt_winters_cleaned,0.03499255715136095
w_rf_without_lags,0.021706370554871287
w_rf_with_lags,0.004272363133418173
w_knn_without_lags,0.011324974955435557
w_knn_with_lags,0.04982689835636937
w_xgb_without_lags,0.2495262203205872
w_xgb_with_lags,0.25222045182480307
w_lgbm_without_lags,0.05124010831014091
w_lgbm_with_lags,0.22832638128401817
