model,weight
w_holt_winters_full,0.24412646207398842
w_holt_winters_cleaned,0.23438310457530234
w_rf_without_lags,0.1429029880307937
w_rf_with_lags,0.02725037755354398
w_knn_without_lags,0.09480022627015122
w_knn_with_lags,0.01358169757947433
w_xgb_without_lags,0.01902220681455426
w_xgb_with_lags,0.08410087832090565
w_lgbm_without_lags,0.004431971667172866
w_lgbm_with_lags,0.13540008711411336
