model,weight
w_holt_winters_full,0.09328003278200518
w_holt_winters_cleaned,0.2320570012558995
w_rf_without_lags,0.0019341186449579543
w_rf_with_lags,0.00799041680321765
w_knn_without_lags,0.00395725276948898
w_knn_with_lags,0.09546835084199606
w_xgb_without_lags,0.24872071816383579
w_xgb_with_lags,0.01928768282477542
w_lgbm_without_lags,0.014073340566262455
w_lgbm_with_lags,0.28323108534756103
