model,weight
w_holt_winters_full,0.22678023276389858
w_holt_winters_cleaned,0.173161466254697
w_rf_without_lags,0.00016226833191892033
w_rf_with_lags,0.1347347351274017
w_knn_without_lags,0.035300227340682215
w_knn_with_lags,0.007193841524680381
w_xgb_without_lags,0.010796561245654016
w_xgb_with_lags,0.15742277480520886
w_lgbm_without_lags,0.008773473470713685
w_lgbm_with_lags,0.24567441913514465
