model,weight
w_holt_winters_full,0.3271851794931546
w_holt_winters_cleaned,0.22185038641746788
w_rf_without_lags,0.014916396620092054
w_rf_with_lags,0.007281814124643452
w_knn_without_lags,0.21421089492008383
w_knn_with_lags,0.001022825612725686
w_xgb_without_lags,0.001855050642201271
w_xgb_with_lags,0.00014347190045180543
w_lgbm_without_lags,0.08256050888912755
w_lgbm_with_lags,0.12897347138005186
