model,weight
w_holt_winters_full,0.0007162065763101456
w_holt_winters_cleaned,0.0006010749835612377
w_rf_without_lags,0.1790728205093498
w_rf_with_lags,0.008535640435145014
w_knn_without_lags,0.054097020217096586
w_knn_with_lags,0.20482913917085005
w_xgb_without_lags,0.04160010401641623
w_xgb_with_lags,0.0741908429121344
w_lgbm_without_lags,0.17443133476011896
w_lgbm_with_lags,0.26192581641901763
