model,weight
w_holt_winters_full,0.305343807144863
w_holt_winters_cleaned,0.21803195135139253
w_rf_without_lags,0.010168691108580846
w_rf_with_lags,0.017815744490336672
w_knn_without_lags,0.24912862380452166
w_knn_with_lags,0.04353471326192432
w_xgb_without_lags,0.02213087302023111
w_xgb_with_lags,0.019327868872150246
w_lgbm_without_lags,0.10403104601770632
w_lgbm_with_lags,0.010486680928293282
