model,weight
w_holt_winters_full,0.14195262032237368
w_holt_winters_cleaned,0.1809963975940897
w_rf_without_lags,0.05952336213744236
w_rf_with_lags,0.0008930339796962715
w_knn_without_lags,0.005758625035400932
w_knn_with_lags,0.03850055955996634
w_xgb_without_lags,0.153121548732934
w_xgb_with_lags,0.045535614636206576
w_lgbm_without_lags,0.1769854314486578
w_lgbm_with_lags,0.1967328065532324
