model,weight
w_holt_winters_full,0.03610687716602132
w_holt_winters_cleaned,0.0216079091754741
w_rf_without_lags,0.14128171354187688
w_rf_with_lags,0.19754245260622516
w_knn_without_lags,0.1694554543141521
w_knn_with_lags,0.00030911837433453184
w_xgb_without_lags,0.23320217841432841
w_xgb_with_lags,0.019347743935214084
w_lgbm_without_lags,0.18031988555174377
w_lgbm_with_lags,0.0008266669206296611
