model,weight
w_holt_winters_full,7.718043154622695e-05
w_holt_winters_cleaned,0.029904823835204392
w_rf_without_lags,0.020405942966595265
w_rf_with_lags,0.3311333743524521
w_knn_without_lags,0.26194807915034285
w_knn_with_lags,0.007938314778137431
w_xgb_without_lags,0.20712782468250865
w_xgb_with_lags,0.07703942560579494
w_lgbm_without_lags,0.06100713543758917
w_lgbm_with_lags,0.003417898759828894
