model,weight
w_holt_winters_full,0.0011818887371512685
w_holt_winters_cleaned,0.016341617476071373
w_rf_without_lags,0.05186581975609957
w_rf_with_lags,0.16773353720736645
w_knn_without_lags,0.2693260406379092
w_knn_with_lags,0.20773164227811766
w_xgb_without_lags,0.007701636969089321
w_xgb_with_lags,0.028004761847933053
w_lgbm_without_lags,0.03341497773497906
w_lgbm_with_lags,0.2166980773552831
