model,weight
w_holt_winters_full,0.1845415840922451
w_holt_winters_cleaned,0.09593569220277445
w_rf_without_lags,0.025989957271752132
w_rf_with_lags,0.025537963234167318
w_knn_without_lags,0.012570105388866075
w_knn_with_lags,0.0055331287717051685
w_xgb_without_lags,0.32080901860695366
w_xgb_with_lags,0.22863776356519042
w_lgbm_without_lags,0.010193230310684441
w_lgbm_with_lags,0.09025155655566147
