model,weight
w_holt_winters_full,0.05996494514643303
w_holt_winters_cleaned,0.12144316169865575
w_rf_without_lags,0.10374756202636276
w_rf_with_lags,0.2008907115874001
w_knn_without_lags,0.0020202776634527025
w_knn_with_lags,0.014023383526862566
w_xgb_without_lags,0.07724000873365687
w_xgb_with_lags,0.24987534054165786
w_lgbm_without_lags,0.16954714403446589
w_lgbm_with_lags,0.0012474650410524593
