model,weight
w_holt_winters_full,0.0007042428648591902
w_holt_winters_cleaned,0.007284157740773636
w_rf_without_lags,0.20858738137794275
w_rf_with_lags,0.17296506176673063
w_knn_without_lags,0.19581070122908778
w_knn_with_lags,0.35953985509911185
w_xgb_without_lags,0.02414954060140023
w_xgb_with_lags,0.00020263691358976793
w_lgbm_without_lags,0.02551356404708334
w_lgbm_with_lags,0.005242858359420733
