model,weight
w_holt_winters_full,0.3334943877048221
w_holt_winters_cleaned,0.02037535741552528
w_rf_without_lags,0.024546487882357724
w_rf_with_lags,0.21775953989712798
w_knn_without_lags,0.0021876731163135003
w_knn_with_lags,0.14262811686598734
w_xgb_without_lags,0.011119821432713301
w_xgb_with_lags,0.05535811377123144
w_lgbm_without_lags,0.01108840520199716
w_lgbm_with_lags,0.18144209671192424
