model,weight
w_holt_winters_full,0.040215339999907035
w_holt_winters_cleaned,0.012390486937896255
w_rf_without_lags,0.018098141963612965
w_rf_with_lags,0.011212253771784671
w_knn_without_lags,0.19054802480598332
w_knn_with_lags,0.093498518697817
w_xgb_without_lags,0.29355775096894077
w_xgb_with_lags,0.10172945892124391
w_lgbm_without_lags,0.23193534897698107
w_lgbm_with_lags,0.006814674955832959
