model,weight
w_holt_winters_full,0.19150613135833874
w_holt_winters_cleaned,0.23940816776343832
w_rf_without_lags,0.04394731060654391
w_rf_with_lags,0.3142935689894649
w_knn_without_lags,0.15068245286479157
w_knn_with_lags,0.014440004959946238
w_xgb_without_lags,0.008023949598742058
w_xgb_with_lags,0.008997119027559687
w_lgbm_without_lags,0.02655055600805606
w_lgbm_with_lags,0.0021507388231185405
