model,weight
w_holt_winters_full,0.1944351599284883
w_holt_winters_cleaned,0.215458474015528
w_rf_without_lags,0.0009834406553398665
w_rf_with_lags,0.011230780265605743
w_knn_without_lags,0.05864624744254462
w_knn_with_lags,0.038806807468201754
w_xgb_without_lags,0.24845436523309203
w_xgb_with_lags,0.0037383444843995914
w_lgbm_without_lags,0.2212153063492611
w_lgbm_with_lags,0.007031074157539002
