model,weight
w_holt_winters_full,0.19319639643635164
w_holt_winters_cleaned,0.19270651245208503
w_rf_without_lags,0.0251237880425588
w_rf_with_lags,0.04853237181734449
w_knn_without_lags,0.16823890931331484
w_knn_with_lags,0.1729888872522202
w_xgb_without_lags,0.1343331788776034
w_xgb_with_lags,0.01603710158761992
w_lgbm_without_lags,0.02806418145608779
w_lgbm_with_lags,0.02077867276481394
