model,weight
w_holt_winters_full,0.2760133809213233
w_holt_winters_cleaned,0.27973656399118413
w_rf_without_lags,0.01393963068506388
w_rf_with_lags,0.09296998611570728
w_knn_without_lags,0.07344748337467541
w_knn_with_lags,0.06521867329758825
w_xgb_without_lags,0.015758992989063657
w_xgb_with_lags,0.038731447576508836
w_lgbm_without_lags,0.08741608237667094
w_lgbm_with_lags,0.056767758672214334
