model,weight
w_holt_winters_full,0.0009402340751891406
w_holt_winters_cleaned,0.0024162865521158592
w_rf_without_lags,0.02379515557752313
w_rf_with_lags,0.08568394452789703
w_knn_without_lags,0.05456192503416044
w_knn_with_lags,0.023642248092216257
w_xgb_without_lags,0.23018431937978875
w_xgb_with_lags,0.2604863329104681
w_lgbm_without_lags,0.13018145417624521
w_lgbm_with_lags,0.18810809967439612
