model,weight
w_holt_winters_full,0.09696000867193533
w_holt_winters_cleaned,0.17914385526631765
w_rf_without_lags,0.013113317518023799
w_rf_with_lags,0.02816988154414892
w_knn_without_lags,0.27589036444051124
w_knn_with_lags,0.2753632447638124
w_xgb_without_lags,0.009341197601768915
w_xgb_with_lags,0.09429350899605629
w_lgbm_without_lags,0.01601346789015324
w_lgbm_with_lags,0.011711153307272076
