model,weight
w_holt_winters_full,0.02122791065922973
w_holt_winters_cleaned,0.016393992879578052
w_rf_without_lags,0.043017969145471194
w_rf_with_lags,0.03758350878969831
w_knn_without_lags,0.07603580372775659
w_knn_with_lags,0.019122312514271073
w_xgb_without_lags,0.26211521760927065
w_xgb_with_lags,0.1532322723743783
w_lgbm_without_lags,0.31820533367830983
w_lgbm_with_lags,0.053065678622036316
