model,weight
w_holt_winters_full,0.21513457825712015
w_holt_winters_cleaned,0.21059923515388426
w_rf_without_lags,0.03801457619683573
w_rf_with_lags,0.033742595043403295
w_knn_without_lags,0.06528868223484122
w_knn_with_lags,0.02481268199168624
w_xgb_without_lags,0.01762194448426969
w_xgb_with_lags,0.2396019776004399
w_lgbm_without_lags,0.11579437353047886
w_lgbm_with_lags,0.03938935550704071
