model,weight
w_holt_winters_full,0.01271728693365782
w_holt_winters_cleaned,0.22102856853288483
w_rf_without_lags,0.05291285294559479
w_rf_with_lags,0.2170251101124834
w_knn_without_lags,0.08168644054818663
w_knn_with_lags,0.2701358466764874
w_xgb_without_lags,0.019356583558414173
w_xgb_with_lags,0.061505422767211736
w_lgbm_without_lags,0.009840516735946828
w_lgbm_with_lags,0.053791371189132464
