model,weight
w_holt_winters_full,0.30955095093936247
w_holt_winters_cleaned,0.31134874142259
w_rf_without_lags,0.04840056749762513
w_rf_with_lags,0.016764179056003692
w_knn_without_lags,0.06309635105490125
w_knn_with_lags,0.03591894558753181
w_xgb_without_lags,0.08573570848899138
w_xgb_with_lags,0.08496047686770397
w_lgbm_without_lags,0.013269312619237136
w_lgbm_with_lags,0.03095476646605325
