model,weight
w_holt_winters_full,0.0045274122065886175
w_holt_winters_cleaned,0.02480066430963068
w_rf_without_lags,0.005591967699206471
w_rf_with_lags,0.2939557038922037
w_knn_without_lags,0.003658039829651789
w_knn_with_lags,0.0073564237668754286
w_xgb_without_lags,0.07068621782975223
w_xgb_with_lags,0.26276381280975414
w_lgbm_without_lags,0.008888697099417246
w_lgbm_with_lags,0.31777106055691967
