model,weight
w_holt_winters_full,0.11615701425974967
w_holt_winters_cleaned,0.0006879854494950012
w_rf_without_lags,0.3552351775943305
w_rf_with_lags,0.012013657821144951
w_knn_without_lags,0.002653358282148984
w_knn_with_lags,0.0015165637440018567
w_xgb_without_lags,0.3259266785814932
w_xgb_with_lags,0.0019351760965682883
w_lgbm_without_lags,0.07214684813847441
w_lgbm_with_lags,0.11172754003259315
