model,weight
w_holt_winters_full,0.3781460428778383
w_holt_winters_cleaned,0.21536106291948912
w_rf_without_lags,0.13003645204440825
w_rf_with_lags,0.11110707186078317
w_knn_without_lags,0.0005082919978311979
w_knn_with_lags,0.04542193974296453
w_xgb_without_lags,0.018067100189920176
w_xgb_with_lags,0.04040346083919604
w_lgbm_without_lags,0.027144483354180512
w_lgbm_with_lags,0.03380409417338877
