model,weight
w_holt_winters_full,0.01746786875976145
w_holt_winters_cleaned,0.017540756316320107
w_rf_without_lags,0.36318795165832146
w_rf_with_lags,0.08799670784433405
w_knn_without_lags,0.0007864629258121039
w_knn_with_lags,0.04768219213788182
w_xgb_without_lags,0.32695994549897994
w_xgb_with_lags,0.1039787081135185
w_lgbm_without_lags,0.014866874996473895
w_lgbm_with_lags,0.01953253174859675
