model,weight
w_holt_winters_full,0.006610442223471253
w_holt_winters_cleaned,0.0010687608231243642
w_rf_without_lags,0.10256910940441268
w_rf_with_lags,0.0024334616842860294
w_knn_without_lags,0.14139434185330177
w_knn_with_lags,0.00036495685212329087
w_xgb_without_lags,0.2465645792408329
w_xgb_with_lags,0.015488421223115405
w_lgbm_without_lags,0.2771621411540122
w_lgbm_with_lags,0.20634378554132016
