model,weight
w_holt_winters_full,0.2342672601389962
w_holt_winters_cleaned,0.3142255611982198
w_rf_without_lags,0.10206487057337636
w_rf_with_lags,0.02644726413723894
w_knn_without_lags,0.033489247404579314
w_knn_with_lags,0.02347910367250552
w_xgb_without_lags,0.16843775586364879
w_xgb_with_lags,0.033879292073030615
w_lgbm_without_lags,0.0532215515765869
w_lgbm_with_lags,0.010488093361817528
