model,weight
w_holt_winters_full,0.26304851015945024
w_holt_winters_cleaned,0.2148093638426299
w_rf_without_lags,0.043514901768993454
w_rf_with_lags,0.059643180968610876
w_knn_without_lags,0.020594200185711307
w_knn_with_lags,0.00014861563567967256
w_xgb_without_lags,0.042239095309135354
w_xgb_with_lags,0.2070554403368146
w_lgbm_without_lags,0.050618714235936946
w_lgbm_with_lags,0.09832797755703777
