model,weight
w_holt_winters_full,0.013976735419961708
w_holt_winters_cleaned,0.0611804347912206
w_rf_without_lags,0.1998475682521811
w_rf_with_lags,0.0010856537330960559
w_knn_without_lags,0.15725262606152982
w_knn_with_lags,0.1207835693006922
w_xgb_without_lags,0.1690134417461229
w_xgb_with_lags,0.013798580643921865
w_lgbm_without_lags,0.2597899277384266
w_lgbm_with_lags,0.0032714623128472157
