model,weight
w_holt_winters_full,0.311495783120602
w_holt_winters_cleaned,0.15577981472331978
w_rf_without_lags,0.028038282556072266
w_rf_with_lags,0.022145721284108553
w_knn_without_lags,0.06602571212250971
w_knn_with_lags,0.007545998682169014
w_xgb_without_lags,0.07006269624811788
w_xgb_with_lags,0.007278518098975662
w_lgbm_without_lags,0.32113671105030517
w_lgbm_with_lags,0.010490762113819996
