model,weight
w_holt_winters_full,0.1416662950982118
w_holt_winters_cleaned,0.16809965313772623
w_rf_without_lags,0.01139865347917721
w_rf_with_lags,0.02652764878809938
w_knn_without_lags,0.21610564943616833
w_knn_with_lags,0.00810346587094771
w_xgb_without_lags,0.013817216276632491
w_xgb_with_lags,0.008873363475763
w_lgbm_without_lags,0.1649863782662212
w_lgbm_with_lags,0.24042167617105262
