model,weight
w_holt_winters_full,0.09747619493917992
w_holt_winters_cleaned,0.20853592612490088
w_rf_without_lags,0.001092681578687142
w_rf_with_lags,0.1868362647620874
w_knn_without_lags,0.1265542772815331
w_knn_with_lags,0.025780171167562243
w_xgb_without_lags,0.16769862691532336
w_xgb_with_lags,0.013843590242704745
w_lgbm_without_lags,0.16759814461270456
w_lgbm_with_lags,0.004584122375316661
