model,weight
w_holt_winters_full,0.02145699717759018
w_holt_winters_cleaned,0.0007252324490938968
w_rf_without_lags,0.22922205869860526
w_rf_with_lags,0.006015640839099212
w_knn_without_lags,0.13996320242908436
w_knn_with_lags,0.1925378293637202
w_xgb_without_lags,0.22892859862839898
w_xgb_with_lags,0.14594936387386376
w_lgbm_without_lags,0.008238787834991167
w_lgbm_with_lags,0.026962288705552954
