model,weight
w_holt_winters_full,0.025848899386204546
w_holt_winters_cleaned,0.055745922521084804
w_rf_without_lags,0.04929327382436412
w_rf_with_lags,0.30603054515325245
w_knn_without_lags,0.3443043545370841
w_knn_with_lags,0.1431822440516451
w_xgb_without_lags,0.00011074970915127426
w_xgb_with_lags,0.008850043375558423
w_lgbm_without_lags,0.007643447911640961
w_lgbm_with_lags,0.0589905195300143
