model,weight
w_holt_winters_full,0.1225787033151613
w_holt_winters_cleaned,0.31478475106965553
w_rf_without_lags,0.22895030391343582
w_rf_with_lags,0.00913928428313361
w_knn_without_lags,0.15640647522702955
w_knn_with_lags,0.03529199155985593
w_xgb_without_lags,0.0025832554904103664
w_xgb_with_lags,0.07351466164595394
w_lgbm_without_lags,0.0004924489907896875
w_lgbm_with_lags,0.056258124504574444
