model,weight
w_holt_winters_full,0.012887404581456749
w_holt_winters_cleaned,0.015301102265829043
w_rf_without_lags,0.2533632262876899
w_rf_with_lags,0.10420469929609767
w_knn_without_lags,0.20239064939683954
w_knn_with_lags,0.009730274931785245
w_xgb_without_lags,0.020940440585090914
w_xgb_with_lags,0.1208841202414075
w_lgbm_without_lags,0.24779381897361472
w_lgbm_with_lags,0.012504263440188627
