model,weight
w_holt_winters_full,0.19031075938286343
w_holt_winters_cleaned,0.21149841121936166
w_rf_without_lags,0.08794562577813798
w_rf_with_lags,0.20540804985902644
w_knn_without_lags,0.014582456175744335
w_knn_with_lags,0.2351583828815274
w_xgb_without_lags,0.007041766730205977
w_xgb_with_lags,0.046720622083770966
w_lgbm_without_lags,0.0008017206863944124
w_lgbm_with_lags,0.0005322052029672835
