model,weight
w_holt_winters_full,0.1532982492910277
w_holt_winters_cleaned,0.26921528628677305
w_rf_without_lags,0.17536221732889923
w_rf_with_lags,0.09517404342227853
w_knn_without_lags,0.07372071629708986
w_knn_with_lags,0.009900693656375805
w_xgb_without_lags,0.17431956884444783
w_xgb_with_lags,0.006837888535504096
w_lgbm_without_lags,0.03851025599055775
w_lgbm_with_lags,0.0036610803470461493
