model,weight
w_holt_winters_full,0.13734331645173456
w_holt_winters_cleaned,0.13936732522399886
w_rf_without_lags,0.2488394959162274
w_rf_with_lags,0.0340202895765968
w_knn_without_lags,0.18800588699034324
w_knn_with_lags,0.08306773756665689
w_xgb_without_lags,0.016724714438542974
w_xgb_with_lags,0.0015026625077995317
w_lgbm_without_lags,0.13294638691052527
w_lgbm_with_lags,0.018182184417574496
