model,weight
w_holt_winters_full,0.19993402330466012
w_holt_winters_cleaned,0.022652918970959713
w_rf_without_lags,0.01470265385458812
w_rf_with_lags,0.11051734196486047
w_knn_without_lags,0.02412935174957778
w_knn_with_lags,0.005654595925235348
w_xgb_without_lags,0.15069244383718303
w_xgb_with_lags,0.183075354289108
w_lgbm_without_lags,0.09483173527678752
w_lgbm_with_lags,0.19380958082703975
