model,weight
w_holt_winters_full,0.005543101522255676
w_holt_winters_cleaned,0.017445570632422202
w_rf_without_lags,0.17762698389312767
w_rf_with_lags,0.0378460953173577
w_knn_without_lags,0.010206735036712326
w_knn_with_lags,0.0575244707734379
w_xgb_without_lags,0.22794455808266983
w_xgb_with_lags,0.2374334749954918
w_lgbm_without_lags,0.008934475192133043
w_lgbm_with_lags,0.21949453455439183
