model,weight
w_holt_winters_full,0.021239734687178418
w_holt_winters_cleaned,0.00398813055331652
w_rf_without_lags,0.012287404278193114
w_rf_with_lags,0.2088559470887612
w_knn_without_lags,0.046272510725370794
w_knn_with_lags,0.1200751528606428
w_xgb_without_lags,0.24609472562393425
w_xgb_with_lags,0.24375555315863562
w_lgbm_without_lags,0.06442513894713672
w_lgbm_with_lags,0.033005702076830484
