model,weight
w_holt_winters_full,0.027611848257127973
w_holt_winters_cleaned,0.166383306275397
w_rf_without_lags,0.000589388460781699
w_rf_with_lags,0.0713024402592598
w_knn_without_lags,0.14500378188453367
w_knn_with_lags,0.17941656096986364
w_xgb_without_lags,0.1248317111420801
w_xgb_with_lags,0.09401350482143024
w_lgbm_without_lags,0.18686420591748323
w_lgbm_with_lags,0.00398325201204279
