model,weight
w_holt_winters_full,0.30415576156178203
w_holt_winters_cleaned,0.1390198195636819
w_rf_without_lags,0.0483057782218659
w_rf_with_lags,0.0020207569778976082
w_knn_without_lags,0.010367959868934271
w_knn_with_lags,0.05766896447083231
w_xgb_without_lags,0.046347615998773455
w_xgb_with_lags,0.12187566913159921
w_lgbm_without_lags,0.0475285809542312
w_lgbm_with_lags,0.22270909325040208
