model,weight
w_holt_winters_full,0.0004558750488624032
w_holt_winters_cleaned,0.005153258734064118
w_rf_without_lags,0.2068630033215324
w_rf_with_lags,0.13121641399205616
w_knn_without_lags,0.19690425202812428
w_knn_with_lags,0.010665951694597624
w_xgb_without_lags,0.13508859168658344
w_xgb_with_lags,0.10385480092639866
w_lgbm_without_lags,0.1992091559864225
w_lgbm_with_lags,0.010588696581358378
