model,weight
w_holt_winters_full,0.2563596908538095
w_holt_winters_cleaned,0.0824586925671643
w_rf_without_lags,0.0008268328703641781
w_rf_with_lags,0.027919651249383715
w_knn_without_lags,0.007464529756315938
w_knn_with_lags,0.11200257046180868
w_xgb_without_lags,0.03465046721165516
w_xgb_with_lags,0.014508879518500292
w_lgbm_without_lags,0.2071354867078985
w_lgbm_with_lags,0.25667319880309974
