model,weight
w_holt_winters_full,0.30845334511146566
w_holt_winters_cleaned,0.22733948006269
w_rf_without_lags,0.0018407290395502651
w_rf_with_lags,0.01839415384292897
w_knn_without_lags,0.028934002047586033
w_knn_with_lags,0.18027047951976838
w_xgb_without_lags,0.03544251270677679
w_xgb_with_lags,0.037865429756878316
w_lgbm_without_lags,0.15418626015506812
w_lgbm_with_lags,0.007273607757287466
