model,weight
w_holt_winters_full,0.23560036032324322
w_holt_winters_cleaned,0.011728117713251272
w_rf_without_lags,0.03407466093670542
w_rf_with_lags,0.009799232224438428
w_knn_without_lags,0.2325374473818502
w_knn_with_lags,0.020327243278294344
w_xgb_without_lags,0.24411620281099372
w_xgb_with_lags,0.025625532698812663
w_lgbm_without_lags,0.02293415690813718
w_lgbm_with_lags,0.16325704572427352
