model,weight
w_holt_winters_full,0.24579355832890035
w_holt_winters_cleaned,0.24224379773408777
w_rf_without_lags,0.01073988464312291
w_rf_with_lags,0.08915442125536024
w_knn_without_lags,0.06815519000167032
w_knn_with_lags,0.003197636395644843
w_xgb_without_lags,0.14104428224864066
w_xgb_with_lags,0.03435266274215255
w_lgbm_without_lags,0.13865178875704953
w_lgbm_with_lags,0.02666677789337073
