model,weight
w_holt_winters_full,0.07682639387056976
w_holt_winters_cleaned,0.004393027566808951
w_rf_without_lags,0.10539349809539189
w_rf_with_lags,0.21305958595275343
w_knn_without_lags,0.2226487420350621
w_knn_with_lags,0.0377524952499096
w_xgb_without_lags,0.025690303766120158
w_xgb_with_lags,0.12132789980428615
w_lgbm_without_lags,0.005917631426174815
w_lgbm_with_lags,0.1869904222329231
