model,weight
w_holt_winters_full,0.020706349129366988
w_holt_winters_cleaned,0.0161542641647983
w_rf_without_lags,0.012697971608743613
w_rf_with_lags,0.07730097788824707
w_knn_without_lags,0.016235487430832404
w_knn_with_lags,0.07136155385524101
w_xgb_without_lags,0.011570717339810131
w_xgb_with_lags,0.27892914061735063
w_lgbm_without_lags,0.28766142732902705
w_lgbm_with_lags,0.2073821106365827
