model,weight
w_holt_winters_full,0.19728905200477742
w_holt_winters_cleaned,0.23607332177885518
w_rf_without_lags,0.018465217182375007
w_rf_with_lags,0.23130114192813955
w_knn_without_lags,0.021498357594724536
w_knn_with_lags,0.14602526290318338
w_xgb_without_lags,0.016294046452380823
w_xgb_with_lags,0.0260451716412166
w_lgbm_without_lags,0.05319652417779518
w_lgbm_with_lags,0.0538119043365523
