model,weight
w_holt_winters_full,0.13741898776538602
w_holt_winters_cleaned,0.01630063930364463
w_rf_without_lags,0.09324853408780522
w_rf_with_lags,0.016164798374336993
w_knn_without_lags,0.017301592177306823
w_knn_with_lags,0.37824122839506125
w_xgb_without_lags,0.17280233807232137
w_xgb_with_lags,0.019140366574423775
w_lgbm_without_lags,0.0679862005383748
w_lgbm_with_lags,0.08139531471133911
