model,weight
w_holt_winters_full,0.15250739773501887
w_holt_winters_cleaned,0.00035166733634920116
w_rf_without_lags,0.02448363988494273
w_rf_with_lags,0.07609229346522921
w_knn_without_lags,0.17528058626953147
w_knn_with_lags,0.010641244048416409
w_xgb_without_lags,0.20911929840064772
w_xgb_with_lags,0.16708053476451232
w_lgbm_without_lags,0.17864475765912627
w_lgbm_with_lags,0.0057985804362259115
