model,weight
w_holt_winters_full,0.19396352027711108
w_holt_winters_cleaned,0.20363905659455653
w_rf_without_lags,7.090872717128528e-05
w_rf_with_lags,0.0849084186532165
w_knn_without_lags,0.05697374797484349
w_knn_with_lags,0.11750654336937472
w_xgb_without_lags,0.028512543361018033
w_xgb_with_lags,0.05055646890336539
w_lgbm_without_lags,0.02167446782045021
w_lgbm_with_lags,0.2421943243188928
