model,weight
w_holt_winters_full,0.06391286823489978
w_holt_winters_cleaned,0.0059514404836573135
w_rf_without_lags,0.23942063007014053
w_rf_with_lags,0.010300469379496044
w_knn_without_lags,0.016168570145920245
w_knn_with_lags,0.0016293222227309143
w_xgb_without_lags,0.1823344129743752
w_xgb_with_lags,0.08884020417299501
w_lgbm_without_lags,0.22431267331000038
w_lgbm_with_lags,0.16712940900578474
