model,weight
w_holt_winters_full,0.20795445565414783
w_holt_winters_cleaned,0.3169873688903467
w_rf_without_lags,0.0008087319115616007
w_rf_with_lags,0.08166062086643486
w_knn_without_lags,0.32242454760670924
w_knn_with_lags,0.001174243487788907
w_xgb_without_lags,0.01847212079953543
w_xgb_with_lags,0.028017294442544596
w_lgbm_without_lags,0.022177708988898596
w_lgbm_with_lags,0.0003229073520322327
