model,weight
w_holt_winters_full,0.006787337613025721
w_holt_winters_cleaned,0.0351481454303243
w_rf_without_lags,0.24925661137723001
w_rf_with_lags,0.06746210707933724
w_knn_without_lags,0.0049313217538962196
w_knn_with_lags,0.04552828974659496
w_xgb_without_lags,0.15310625103430167
w_xgb_with_lags,0.010287367537904069
w_lgbm_without_lags,0.25934761203416173
w_lgbm_with_lags,0.16814495639322416
