model,weight
w_holt_winters_full,0.00792201993889418
w_holt_winters_cleaned,0.04043330357736755
w_rf_without_lags,0.13707120522504093
w_rf_with_lags,0.13817859948040365
w_knn_without_lags,0.24884883732283994
w_knn_with_lags,0.31213961826849895
w_xgb_without_lags,0.0017497344439491426
w_xgb_with_lags,0.034145098231371344
w_lgbm_without_lags,0.00971110419340071
w_lgbm_with_lags,0.06980047931823366
