model,weight
w_holt_winters_full,0.3075444596159754
w_holt_winters_cleaned,0.25700824986088444
w_rf_without_lags,0.001522745244017168
w_rf_with_lags,0.03176129654818257
w_knn_without_lags,0.017075460653321977
w_knn_with_lags,0.027745840752672547
w_xgb_without_lags,0.0007088313120609874
w_xgb_with_lags,0.07311940965350222
w_lgbm_without_lags,0.22466572330814275
w_lgbm_with_lags,0.05884798305123981
