model,weight
w_holt_winters_full,0.0027347508220965763
w_holt_winters_cleaned,0.014003430083611594
w_rf_without_lags,0.01689371766178417
w_rf_with_lags,0.00032957530344942875
w_knn_without_lags,0.04321768294254232
w_knn_with_lags,0.4095814850927352
w_xgb_without_lags,0.4447809372251023
w_xgb_with_lags,0.046374384469968735
w_lgbm_without_lags,0.02149676060692438
w_lgbm_with_lags,0.0005872757917852974
