model,weight
w_holt_winters_full,0.044467533414211356
w_holt_winters_cleaned,0.004669632204230358
w_rf_without_lags,0.07234948481865093
w_rf_with_lags,0.019357717025839008
w_knn_without_lags,0.1899656473869028
w_knn_with_lags,0.0050649131420721985
w_xgb_without_lags,0.23479796386629376
w_xgb_with_lags,0.09130132317244112
w_lgbm_without_lags,0.09804137530704687
w_lgbm_with_lags,0.23998440966231158
