model,weight
w_holt_winters_full,0.001288172379714161
w_holt_winters_cleaned,0.026963779207047477
w_rf_without_lags,0.1826007541255409
w_rf_with_lags,0.05313976141657775
w_knn_without_lags,0.2781075823887575
w_knn_with_lags,0.0873078554915561
w_xgb_without_lags,0.2977926871854483
w_xgb_with_lags,0.02487115316223028
w_lgbm_without_lags,0.02029128606528552
w_lgbm_with_lags,0.027636968577841998
