model,weight
w_holt_winters_full,0.19199344809086766
w_holt_winters_cleaned,0.0966465682283884
w_rf_without_lags,0.07388427291221197
w_rf_with_lags,0.07184275297047958
w_knn_without_lags,0.2189309662669332
w_knn_with_lags,0.2106043713379728
w_xgb_without_lags,0.00023500982183119657
w_xgb_with_lags,0.004767675030576647
w_lgbm_without_lags,0.04433025097076971
w_lgbm_with_lags,0.08676468436996891
