model,weight
w_holt_winters_full,0.15211881931490723
w_holt_winters_cleaned,0.18515417600666953
w_rf_without_lags,0.04987102702657361
w_rf_with_lags,0.03689902976161052
w_knn_without_lags,0.12576700307454586
w_knn_with_lags,0.008100955246674629
w_xgb_without_lags,0.22243809391964495
w_xgb_with_lags,0.030669281025987875
w_lgbm_without_lags,0.16368378398756434
w_lgbm_with_lags,0.025297830635821625
