parameter,value
max_depth,2.0
min_child_weight,2.0
reg_alpha,0.0022793761253636228
reg_lambda,0.12499896832617738
subsample,0.7702144642790985
colsample_bytree,0.796757138529204
gamma,4.283119303421195
learning_rate,0.03929145885981112
n_estimators,200.0
