parameter,value
max_depth,6.0
min_child_weight,19.0
reg_alpha,0.00015304151944950178
reg_lambda,0.7430039081255388
subsample,0.8476780564915433
colsample_bytree,0.2617455952204679
gamma,40.17548303804243
learning_rate,0.08149249592483296
n_estimators,200.0
