parameter,value
max_depth,2.0
min_child_weight,9.0
reg_alpha,3.237893509474857
reg_lambda,0.00013309666003514901
subsample,0.20087969936858804
colsample_bytree,0.2950959884020038
gamma,88.91740211855804
learning_rate,0.027845985722115118
n_estimators,200.0
