parameter,value
max_depth,2.0
min_child_weight,9.0
reg_alpha,0.08128749891039119
reg_lambda,2.9164866869694936
subsample,0.8548235362752071
colsample_bytree,0.9993482890919797
gamma,27.009915548991774
learning_rate,0.14392480971211094
n_estimators,200.0
