parameter,value
max_depth,6.0
min_child_weight,79.0
reg_alpha,0.07067263622156202
reg_lambda,0.0005677003900141316
subsample,0.23397653365748355
colsample_bytree,0.32669190503148315
gamma,36.56395091984304
learning_rate,0.319619719546839
n_estimators,200.0
