parameter,value
max_depth,3.0
min_child_weight,58.0
reg_alpha,1.1061825827065006
reg_lambda,0.02904911334386217
subsample,0.24124703884739535
colsample_bytree,0.3312323622707934
gamma,17.854483657932445
learning_rate,0.16455188319926897
n_estimators,150.0
