parameter,value
max_depth,5.0
min_child_weight,0.0
reg_alpha,0.008052200043197547
reg_lambda,5.975243792664843
subsample,0.9491473292611963
colsample_bytree,0.2670390564625088
gamma,18.879248683243667
learning_rate,0.03649729915932134
n_estimators,200.0
