parameter,value
max_depth,5.0
min_child_weight,24.0
reg_alpha,2.385736921967686
reg_lambda,0.03777851588142622
subsample,0.6444683067254678
colsample_bytree,0.5625320822374238
gamma,18.802446549192815
learning_rate,0.03599773746087782
n_estimators,150.0
