parameter,value
max_depth,8.0
min_child_weight,3.0
reg_alpha,0.0892904187973843
reg_lambda,0.00824382874373037
subsample,0.33188836650098186
colsample_bytree,0.7958145409365144
gamma,0.20963793262165176
learning_rate,0.003357639556294318
n_estimators,200.0
