parameter,value
max_depth,8.0
min_child_weight,0.0
reg_alpha,0.0072718445774728495
reg_lambda,0.00010094111308162678
subsample,0.6816568032690925
colsample_bytree,0.34009455133707467
gamma,88.33168362599865
learning_rate,0.011706293921372785
n_estimators,200.0
