parameter,value
max_depth,5.0
min_child_weight,6.0
reg_alpha,0.20943530066491675
reg_lambda,3.7639759492180596
subsample,0.9809491668467516
colsample_bytree,0.5047332387575635
gamma,23.44345549874252
learning_rate,0.032773971192471385
n_estimators,200.0
