parameter,value
max_depth,4.0
min_child_weight,0.0
reg_alpha,0.0019461329036227792
reg_lambda,0.00023859159697247782
subsample,0.28033816203868656
colsample_bytree,0.9483875943931163
gamma,4.11393344670326
learning_rate,0.019602452555414443
n_estimators,200.0
