parameter,value
max_depth,4.0
min_child_weight,95.0
reg_alpha,0.00028681415014666857
reg_lambda,0.022263373563607053
subsample,0.47070030659713263
colsample_bytree,0.22859103779725004
gamma,34.86180610471584
learning_rate,0.028571846954437343
n_estimators,150.0
