parameter,value
max_depth,3.0
min_child_weight,4.0
reg_alpha,0.07796285176657436
reg_lambda,0.026900379748059554
subsample,0.5209215626243616
colsample_bytree,0.246632756015348
gamma,5.503238563153676
learning_rate,0.042682008761291836
n_estimators,200.0
