parameter,value
max_depth,6.0
min_child_weight,63.0
reg_alpha,0.001419608838062211
reg_lambda,0.036861664739147496
subsample,0.39778731443813975
colsample_bytree,0.22975998000654352
gamma,0.09731575863749242
learning_rate,0.04612119855355505
n_estimators,200.0
