parameter,value
max_depth,4.0
min_child_weight,0.0
reg_alpha,0.042010990334206466
reg_lambda,0.009740758649674023
subsample,0.24913562325713895
colsample_bytree,0.9691412003726915
gamma,17.139033238013766
learning_rate,0.014074330420860042
n_estimators,200.0
