parameter,value
max_depth,6.0
min_child_weight,100.0
reg_alpha,0.03981776507020048
reg_lambda,1.201983642338296
subsample,0.4135864682629701
colsample_bytree,0.9108592501501688
gamma,66.44368309962442
learning_rate,0.030003989885867804
n_estimators,150.0
