parameter,value
max_depth,3.0
min_child_weight,2.0
reg_alpha,0.010009767441053485
reg_lambda,0.008333585858846937
subsample,0.4707273064451629
colsample_bytree,0.6492339011130609
gamma,13.848704594998782
learning_rate,0.04260898630287957
n_estimators,150.0
