parameter,value
max_depth,7.0
min_child_weight,36.0
reg_alpha,1.4786530293035762
reg_lambda,1.0443527606041165
subsample,0.6328542364635356
colsample_bytree,0.2327402918905436
gamma,30.97706512992278
learning_rate,0.03533850818791033
n_estimators,200.0
