parameter,value
max_depth,5.0
min_child_weight,95.0
reg_alpha,0.00045017424813699865
reg_lambda,0.1998632520124978
subsample,0.5238123447912649
colsample_bytree,0.927082923863568
gamma,2.098112775600604
learning_rate,0.34274563347418563
n_estimators,200.0
