parameter,value
max_depth,5.0
min_child_weight,25.0
reg_alpha,2.870850342626413
reg_lambda,1.7603885370228773
subsample,0.9158094576714306
colsample_bytree,0.8974977662388027
gamma,95.66804088587276
learning_rate,0.03749556927360005
n_estimators,200.0
