parameter,value
max_depth,4.0
min_child_weight,37.0
reg_alpha,0.002403812689019832
reg_lambda,0.09660822424864694
subsample,0.20085083859134711
colsample_bytree,0.21979818619623756
gamma,6.777691513383566
learning_rate,0.13347147537633156
n_estimators,150.0
