parameter,value
max_depth,7.0
min_child_weight,97.0
reg_alpha,0.04403150840152951
reg_lambda,0.10370225561045922
subsample,0.4738772255278406
colsample_bytree,0.2266982097087891
gamma,2.2846137562772895
learning_rate,0.041772028953215024
n_estimators,200.0
