parameter,value
max_depth,5.0
min_child_weight,48.0
reg_alpha,0.7941793337588867
reg_lambda,0.001980249993941887
subsample,0.21292664933870478
colsample_bytree,0.20130999298252086
gamma,93.66540033696724
learning_rate,0.03422946505717895
n_estimators,200.0
