parameter,value
max_depth,7.0
min_child_weight,2.0
reg_alpha,0.16938458891233765
reg_lambda,0.0002826918320795554
subsample,0.6240876481489438
colsample_bytree,0.9651091540327501
gamma,30.5594443777611
learning_rate,0.02584305135955393
n_estimators,200.0
