parameter,value
max_depth,5.0
min_child_weight,1.0
reg_alpha,0.00011638329088923784
reg_lambda,0.11972625932252913
subsample,0.6112138850132115
colsample_bytree,0.8901050844060674
gamma,82.06336945297922
learning_rate,0.022730189521735715
n_estimators,200.0
