parameter,value
max_depth,8.0
min_child_weight,59.0
reg_alpha,0.003473123511151316
reg_lambda,1.7726514890021519
subsample,0.20233625351440532
colsample_bytree,0.24038487206318646
gamma,13.49532585496
learning_rate,0.009897331825881948
n_estimators,150.0
