parameter,value
max_depth,5.0
min_child_weight,33.0
reg_alpha,2.904718139106035
reg_lambda,0.006886015305320993
subsample,0.227396766333455
colsample_bytree,0.8458907374587055
gamma,4.016147063696936
learning_rate,0.07327100490769974
n_estimators,200.0
