parameter,value
max_depth,5.0
min_child_weight,0.0
reg_alpha,9.933482518613427
reg_lambda,8.724330378784405
subsample,0.6105433878352119
colsample_bytree,0.7058383683098555
gamma,75.01592761289973
learning_rate,0.49362490723219477
n_estimators,200.0
