parameter,value
max_depth,6.0
min_child_weight,12.0
reg_alpha,3.074611428876917
reg_lambda,0.007703462288736668
subsample,0.5905719803015476
colsample_bytree,0.7477835011623372
gamma,20.844273989233795
learning_rate,0.029622972877396236
n_estimators,150.0
