parameter,value
max_depth,2.0
min_child_weight,0.0
reg_alpha,0.0822631606409656
reg_lambda,0.10474691603489596
subsample,0.6812321469588313
colsample_bytree,0.6863184927223623
gamma,69.43716523111407
learning_rate,0.021481698402887987
n_estimators,200.0
