parameter,value
max_depth,7.0
min_child_weight,6.0
reg_alpha,0.0009932509600721613
reg_lambda,1.219200308952631
subsample,0.35747094684871955
colsample_bytree,0.6873141086549834
gamma,97.66139083184723
learning_rate,0.027622895802593892
n_estimators,200.0
