parameter,value
max_depth,6.0
min_child_weight,26.0
reg_alpha,0.0019126292474641647
reg_lambda,0.04708126282908487
subsample,0.9000933358923199
colsample_bytree,0.891655800396747
gamma,40.25760635107115
learning_rate,0.02662382768609907
n_estimators,150.0
