parameter,value
max_depth,5.0
min_child_weight,0.0
reg_alpha,0.21992155317088535
reg_lambda,0.004247907640026663
subsample,0.5380520422700703
colsample_bytree,0.8011440826174139
gamma,67.47172427618285
learning_rate,0.010038347160316183
n_estimators,150.0
