parameter,value
max_depth,4.0
min_child_weight,23.0
reg_alpha,0.002136836079846709
reg_lambda,0.012562443209842991
subsample,0.3095716218240588
colsample_bytree,0.4177738580718644
gamma,86.07850889688042
learning_rate,0.4996493072358522
n_estimators,200.0
