parameter,value
max_depth,5.0
min_child_weight,5.0
reg_alpha,0.010395691807780709
reg_lambda,0.0013354323888925073
subsample,0.4652253456706756
colsample_bytree,0.9079320736576464
gamma,92.78198399142035
learning_rate,0.006837572938849085
n_estimators,200.0
