parameter,value
max_depth,6.0
min_child_weight,76.0
reg_alpha,0.00035490924050208194
reg_lambda,0.06943235906214118
subsample,0.35970492554866146
colsample_bytree,0.4239185021169941
gamma,33.84813444986566
learning_rate,0.015938697936853097
n_estimators,200.0
