parameter,value
max_depth,5.0
min_child_weight,6.0
reg_alpha,0.2190855873499145
reg_lambda,0.00011374312337025993
subsample,0.6010701967146359
colsample_bytree,0.9633581654064622
gamma,84.12157749963829
learning_rate,0.012556273385097346
n_estimators,200.0
