parameter,value
max_depth,2.0
min_child_weight,2.0
reg_alpha,0.016533223762640596
reg_lambda,0.00013246952830521787
subsample,0.2637180769858365
colsample_bytree,0.7939007304896899
gamma,69.71474285975236
learning_rate,0.02117244991213665
n_estimators,200.0
