parameter,value
max_depth,2.0
min_child_weight,98.0
reg_alpha,0.006001535801025774
reg_lambda,0.0006112418127877205
subsample,0.4719970134786536
colsample_bytree,0.38144796006207116
gamma,54.546438631367
learning_rate,0.019667991533261608
n_estimators,200.0
