parameter,value
max_depth,4.0
min_child_weight,96.0
reg_alpha,0.14418315262794387
reg_lambda,0.0005256829184559605
subsample,0.36782864934458603
colsample_bytree,0.47965203311574284
gamma,96.60970081523836
learning_rate,0.08769967378068473
n_estimators,150.0
