parameter,value
max_depth,8.0
min_child_weight,4.0
reg_alpha,0.00030150857120901154
reg_lambda,0.007224584060014868
subsample,0.29603161176218834
colsample_bytree,0.9400759467238983
gamma,92.5712627112853
learning_rate,0.5993614416522566
n_estimators,150.0
