parameter,value
max_depth,2.0
min_child_weight,2.0
reg_alpha,0.0007536429437108241
reg_lambda,0.003534398536928177
subsample,0.4652118355549646
colsample_bytree,0.7990162073400421
gamma,77.49758824232373
learning_rate,0.05170264608923875
n_estimators,200.0
