parameter,value
max_depth,5.0
min_child_weight,97.0
reg_alpha,0.19104266000508907
reg_lambda,0.0001211212576398267
subsample,0.5480188222065221
colsample_bytree,0.9692514999586995
gamma,89.682732146147
learning_rate,0.01795252070450784
n_estimators,200.0
