parameter,value
max_depth,2.0
min_child_weight,100.0
reg_alpha,0.01696667290464465
reg_lambda,0.0005556357337970528
subsample,0.7058369413202136
colsample_bytree,0.9567748032406366
gamma,93.06333716534922
learning_rate,0.021910504402258398
n_estimators,150.0
