parameter,value
max_depth,5.0
min_child_weight,57.0
reg_alpha,9.787583995998617
reg_lambda,0.0005090666388049091
subsample,0.8621206354590412
colsample_bytree,0.9494933613865706
gamma,98.10006218935618
learning_rate,0.4021756764483069
n_estimators,200.0
