parameter,value
max_depth,4.0
min_child_weight,97.0
reg_alpha,0.02139182836002713
reg_lambda,0.0011738340322685343
subsample,0.6433236066807356
colsample_bytree,0.8099468159563425
gamma,90.58931002958951
learning_rate,0.0393026567088955
n_estimators,150.0
