parameter,value
max_depth,4.0
min_child_weight,5.0
reg_alpha,0.11990479172070906
reg_lambda,0.00015091080918261794
subsample,0.9590683890692577
colsample_bytree,0.902044012426843
gamma,33.309555720265244
learning_rate,0.007689345304201271
n_estimators,200.0
