parameter,value
max_depth,2.0
min_child_weight,55.0
reg_alpha,0.0004280464178671443
reg_lambda,0.03183820998128127
subsample,0.25567400940000107
colsample_bytree,0.496530877573526
gamma,88.82313535183127
learning_rate,0.03229162481419378
n_estimators,150.0
