parameter,value
max_depth,3.0
min_child_weight,8.0
reg_alpha,0.5999863395985316
reg_lambda,0.003870089664994603
subsample,0.652145952542781
colsample_bytree,0.5161709610240545
gamma,61.88437224083748
learning_rate,0.021599844050908
n_estimators,200.0
