parameter,value
max_depth,3.0
min_child_weight,22.0
reg_alpha,0.00614648481035009
reg_lambda,0.00019142318032355917
subsample,0.7410451409266474
colsample_bytree,0.6745546240002467
gamma,61.96996296778387
learning_rate,0.14874894933029773
n_estimators,150.0
