parameter,value
max_depth,6.0
min_child_weight,22.0
reg_alpha,0.025321681975465773
reg_lambda,0.0001778448324089662
subsample,0.7161411857208009
colsample_bytree,0.9805385306832154
gamma,36.1964908710204
learning_rate,0.02107368482710167
n_estimators,150.0
