parameter,value
max_depth,6.0
min_child_weight,88.0
reg_alpha,0.27815047201945314
reg_lambda,0.006821775220322571
subsample,0.420454848248224
colsample_bytree,0.21310842501883914
gamma,95.54554397132448
learning_rate,0.02444620417198882
n_estimators,150.0
