parameter,value
max_depth,3.0
min_child_weight,7.0
reg_alpha,0.06174964626648695
reg_lambda,0.10443892801991098
subsample,0.25568686536978685
colsample_bytree,0.7017762914688361
gamma,72.85186279035449
learning_rate,0.016244901456729265
n_estimators,200.0
