parameter,value
max_depth,5.0
min_child_weight,87.0
reg_alpha,0.00018334178142315189
reg_lambda,1.5977226924005719
subsample,0.5850470951082722
colsample_bytree,0.6245633027473112
gamma,86.51581749154593
learning_rate,0.19599118306539343
n_estimators,200.0
