parameter,value
max_depth,4.0
min_child_weight,18.0
reg_alpha,0.39888638663435344
reg_lambda,0.00027386556674637274
subsample,0.960176416260196
colsample_bytree,0.807710194014319
gamma,85.86247229863591
learning_rate,0.004473689277242766
n_estimators,200.0
