parameter,value
max_depth,2.0
min_child_weight,99.0
reg_alpha,0.5708327805649246
reg_lambda,0.0016670483163633359
subsample,0.20992371764621687
colsample_bytree,0.669039846203749
gamma,0.5361007160518998
learning_rate,0.05781382413288552
n_estimators,200.0
