parameter,value
max_depth,5.0
min_child_weight,0.0
reg_alpha,0.43189293925386046
reg_lambda,0.7386552629568129
subsample,0.8954279356395383
colsample_bytree,0.600869227687914
gamma,23.213979753098076
learning_rate,0.00442549472718777
n_estimators,200.0
