parameter,value
max_depth,8.0
min_child_weight,71.0
reg_alpha,0.0059342711320314375
reg_lambda,0.0152444597188563
subsample,0.3402362497982676
colsample_bytree,0.21727870929362814
gamma,67.68712866719531
learning_rate,0.029577913905219584
n_estimators,200.0
