parameter,value
max_depth,5.0
min_child_weight,98.0
reg_alpha,0.0016819239393652487
reg_lambda,0.03990614707004457
subsample,0.4884886173046517
colsample_bytree,0.21762976452229582
gamma,11.009090665080498
learning_rate,0.04236654540094422
n_estimators,150.0
