parameter,value
max_depth,4.0
min_child_weight,43.0
reg_alpha,0.0028788464241520334
reg_lambda,0.5162090960142175
subsample,0.7293104165031106
colsample_bytree,0.7727073603416033
gamma,14.353199060727473
learning_rate,0.29262885920347714
n_estimators,200.0
