parameter,value
max_depth,5.0
min_child_weight,94.0
reg_alpha,0.012911387391618883
reg_lambda,0.00025577712588001984
subsample,0.2382743639162976
colsample_bytree,0.6645561840405995
gamma,2.108515368711922
learning_rate,0.07107212414539055
n_estimators,150.0
