parameter,value
max_depth,7.0
min_child_weight,52.0
reg_alpha,0.16080507014804696
reg_lambda,0.000122033167555674
subsample,0.7870290681110998
colsample_bytree,0.834989280906221
gamma,51.864012995395846
learning_rate,0.07074341413334301
n_estimators,150.0
