parameter,value
max_depth,2.0
min_child_weight,7.0
reg_alpha,0.0009455019110527506
reg_lambda,0.00010159463638047194
subsample,0.941630502677548
colsample_bytree,0.7077201298943055
gamma,74.76758147840198
learning_rate,0.04595449039560818
n_estimators,200.0
