parameter,value
max_depth,4.0
min_child_weight,0.0
reg_alpha,0.039519928480388045
reg_lambda,0.014003972186929543
subsample,0.4064404255576882
colsample_bytree,0.7899141933693293
gamma,60.83925751021142
learning_rate,0.03733756758499206
n_estimators,150.0
