parameter,value
max_depth,3.0
min_child_weight,100.0
reg_alpha,9.675342663374265
reg_lambda,0.0008274958866755314
subsample,0.6931906572208538
colsample_bytree,0.9556251846883135
gamma,22.84836015555792
learning_rate,0.067136383970203
n_estimators,200.0
