parameter,value
max_depth,2.0
min_child_weight,35.0
reg_alpha,0.0909726954474827
reg_lambda,0.013311243611048431
subsample,0.9333263592730553
colsample_bytree,0.9664177155831868
gamma,2.54385879621991
learning_rate,0.032854769091091654
n_estimators,200.0
