parameter,value
max_depth,5.0
min_child_weight,15.0
reg_alpha,6.193674510912327
reg_lambda,1.7206373400711243
subsample,0.7583904055612228
colsample_bytree,0.7382590598946065
gamma,46.39124943975511
learning_rate,0.012517556535670032
n_estimators,200.0
