parameter,value
max_depth,4.0
min_child_weight,2.0
reg_alpha,0.001513599571269817
reg_lambda,1.6491815405730756
subsample,0.35159311933162
colsample_bytree,0.418294276415871
gamma,85.84965083536821
learning_rate,0.023524012638035708
n_estimators,200.0
