parameter,value
max_depth,3.0
min_child_weight,6.0
reg_alpha,0.35438323295520463
reg_lambda,5.4667723816207054
subsample,0.6081638758205227
colsample_bytree,0.7747393967462848
gamma,3.434216106421891
learning_rate,0.06458426370202694
n_estimators,200.0
