parameter,value
max_depth,2.0
min_child_weight,97.0
reg_alpha,0.0012878318754963882
reg_lambda,0.06800447594653279
subsample,0.5141089736708656
colsample_bytree,0.5997458678276945
gamma,15.057531174193509
learning_rate,0.1472007945006213
n_estimators,200.0
