parameter,value
max_depth,3.0
min_child_weight,0.0
reg_alpha,0.0006213777765811744
reg_lambda,0.00038390060249737155
subsample,0.5868528629095007
colsample_bytree,0.9079260382391175
gamma,12.097588975580233
learning_rate,0.04492243761529507
n_estimators,150.0
