parameter,value
max_depth,6.0
min_child_weight,54.0
reg_alpha,0.234915903917809
reg_lambda,0.024440338906832965
subsample,0.26291947631506135
colsample_bytree,0.3550773203876709
gamma,18.05964356699464
learning_rate,0.5940079319906814
n_estimators,150.0
