parameter,value
max_depth,8.0
min_child_weight,0.0
reg_alpha,0.6118893362739368
reg_lambda,0.011629370306248539
subsample,0.7200893032748287
colsample_bytree,0.35653887629375264
gamma,99.94341985748585
learning_rate,0.1381343858736889
n_estimators,200.0
