parameter,value
max_depth,4.0
min_child_weight,7.0
reg_alpha,0.016697833341426018
reg_lambda,0.5506937301749497
subsample,0.963062453145941
colsample_bytree,0.9542257881893643
gamma,39.42636384017768
learning_rate,0.014795033684955107
n_estimators,200.0
