parameter,value
max_depth,7.0
min_child_weight,16.0
reg_alpha,1.4725172734257104
reg_lambda,0.9996163806493829
subsample,0.9250492867487123
colsample_bytree,0.2032074658573759
gamma,44.83927117384964
learning_rate,0.03762686670228428
n_estimators,200.0
