parameter,value
max_depth,8.0
min_child_weight,11.0
reg_alpha,0.0010559001468410832
reg_lambda,0.03856582135643955
subsample,0.8738829486460219
colsample_bytree,0.8531105632731423
gamma,41.41484459569391
learning_rate,0.03367546149135812
n_estimators,150.0
