parameter,value
max_depth,2.0
min_child_weight,4.0
reg_alpha,0.0002231882554808069
reg_lambda,0.7855876007063155
subsample,0.6865683405925183
colsample_bytree,0.4582058791018556
gamma,65.91802977710782
learning_rate,0.055484039166327714
n_estimators,150.0
