parameter,value
max_depth,7.0
min_child_weight,0.0
reg_alpha,9.630833290485912
reg_lambda,0.552679082240679
subsample,0.8032178403210377
colsample_bytree,0.4582859790061879
gamma,27.572129521990753
learning_rate,0.015186238236771236
n_estimators,200.0
