parameter,value
max_depth,4.0
min_child_weight,10.0
reg_alpha,0.8335526233787278
reg_lambda,0.00018202483024877552
subsample,0.23487117503139165
colsample_bytree,0.3337439578273181
gamma,17.79457503950601
learning_rate,0.005204036711243928
n_estimators,200.0
