parameter,value
max_depth,2.0
min_child_weight,98.0
reg_alpha,0.004122930012520219
reg_lambda,0.006265586300455618
subsample,0.47240659980967126
colsample_bytree,0.21251024960070355
gamma,35.65311827910699
learning_rate,0.02964768948945834
n_estimators,200.0
