parameter,value
max_depth,2.0
min_child_weight,1.0
reg_alpha,3.225777659816626
reg_lambda,0.0032211819142830677
subsample,0.961635944679806
colsample_bytree,0.40093317603824763
gamma,64.25173731151718
learning_rate,0.04472482889126197
n_estimators,200.0
