parameter,value
max_depth,7.0
min_child_weight,2.0
reg_alpha,9.993475913269751
reg_lambda,0.006275224054822221
subsample,0.5696413052699834
colsample_bytree,0.3307936890511107
gamma,65.47397876920864
learning_rate,0.005141950242421236
n_estimators,200.0
