parameter,value
max_depth,2.0
min_child_weight,91.0
reg_alpha,0.003025155650238032
reg_lambda,0.00011626543994715574
subsample,0.3720427240858357
colsample_bytree,0.22958581456228933
gamma,82.58397601857651
learning_rate,0.23312177212071294
n_estimators,200.0
