parameter,value
max_depth,5.0
min_child_weight,0.0
reg_alpha,0.022959766814821512
reg_lambda,6.2791809929856734
subsample,0.7792752878058616
colsample_bytree,0.8700177526397845
gamma,75.47802981420335
learning_rate,0.04289481341612986
n_estimators,150.0
