parameter,value
max_depth,3.0
min_child_weight,17.0
reg_alpha,0.02077113205194722
reg_lambda,0.03805308221983036
subsample,0.8642797404455076
colsample_bytree,0.24549469073938987
gamma,87.56268206210594
learning_rate,0.04567981477466103
n_estimators,200.0
