parameter,value
max_depth,4.0
min_child_weight,3.0
reg_alpha,0.0005250856562908321
reg_lambda,6.621438066547028
subsample,0.5104231457025336
colsample_bytree,0.5211540993059638
gamma,43.02922210578893
learning_rate,0.08318496259683163
n_estimators,200.0
