parameter,value
max_depth,2.0
min_child_weight,43.0
reg_alpha,3.6751150739565883
reg_lambda,0.527609109950132
subsample,0.9997537057702054
colsample_bytree,0.9708156639539071
gamma,84.61363794432089
learning_rate,0.010213351233336155
n_estimators,150.0
