parameter,value
max_depth,7.0
min_child_weight,1.0
reg_alpha,0.20339071851321727
reg_lambda,0.00308446736888281
subsample,0.9838798409299999
colsample_bytree,0.24562569971099107
gamma,21.656667387492305
learning_rate,0.06886722672053057
n_estimators,200.0
