parameter,value
max_depth,2.0
min_child_weight,9.0
reg_alpha,7.9080664476991815
reg_lambda,0.00019518381129439514
subsample,0.5531612295085909
colsample_bytree,0.7340505562844143
gamma,50.567014422653166
learning_rate,0.06328588863476654
n_estimators,200.0
