parameter,value
max_depth,4.0
min_child_weight,21.0
reg_alpha,0.8071093345415625
reg_lambda,0.01904113087797731
subsample,0.500730677604073
colsample_bytree,0.6894624963171367
gamma,39.574300547174815
learning_rate,0.022583954139867125
n_estimators,200.0
