parameter,value
max_depth,8.0
min_child_weight,22.0
reg_alpha,0.00013892191073069262
reg_lambda,0.005792034025099164
subsample,0.934427522668839
colsample_bytree,0.9110942530744529
gamma,17.87393274203066
learning_rate,0.05623727533792328
n_estimators,200.0
