parameter,value
max_depth,3.0
min_child_weight,89.0
reg_alpha,0.00014816456712048596
reg_lambda,0.06333469317423737
subsample,0.27458457649287615
colsample_bytree,0.8671549758433655
gamma,80.44485504084015
learning_rate,0.032235711071235115
n_estimators,150.0
