parameter,value
max_depth,4.0
min_child_weight,3.0
reg_alpha,1.450164454526235
reg_lambda,0.00025832676349391405
subsample,0.3301617867407346
colsample_bytree,0.9145377226348356
gamma,22.477100005488968
learning_rate,0.02214402973294137
n_estimators,200.0
