parameter,value
max_depth,2.0
min_child_weight,0.0
reg_alpha,1.0263768475901403
reg_lambda,0.0004177216599802047
subsample,0.39607281188299637
colsample_bytree,0.29439391363427436
gamma,49.200170430427875
learning_rate,0.06626025081261323
n_estimators,200.0
