parameter,value
max_depth,4.0
min_child_weight,14.0
reg_alpha,2.86206054608758
reg_lambda,0.00014732006076195316
subsample,0.5909914779675687
colsample_bytree,0.9861398998930963
gamma,95.80964845617751
learning_rate,0.012868655926291524
n_estimators,200.0
