parameter,value
max_depth,4.0
min_child_weight,94.0
reg_alpha,3.301300544149342
reg_lambda,0.26023548622783194
subsample,0.6232832230689545
colsample_bytree,0.35548471687784733
gamma,85.15241999752014
learning_rate,0.4986541762182843
n_estimators,200.0
