parameter,value
max_depth,7.0
min_child_weight,2.0
reg_alpha,0.04646427631398971
reg_lambda,0.29641678882006967
subsample,0.20757163981239707
colsample_bytree,0.6882336624020081
gamma,1.8720130072901453
learning_rate,0.014779542862562427
n_estimators,200.0
