parameter,value
max_depth,8.0
min_child_weight,60.0
reg_alpha,0.00030436970340608384
reg_lambda,1.6427380329901464
subsample,0.2666744561210826
colsample_bytree,0.7028305124065549
gamma,89.59184086533651
learning_rate,0.011303039136693898
n_estimators,200.0
