parameter,value
max_depth,5.0
min_child_weight,72.0
reg_alpha,0.0007115978761243841
reg_lambda,0.8639941741808644
subsample,0.21255510813448245
colsample_bytree,0.23293013962528264
gamma,51.984429461705425
learning_rate,0.4445677587874536
n_estimators,200.0
