parameter,value
max_depth,4.0
min_child_weight,2.0
reg_alpha,0.08662253465583195
reg_lambda,0.0014325168396326464
subsample,0.5811030108674372
colsample_bytree,0.833010768476651
gamma,67.54807164939304
learning_rate,0.023235657932037586
n_estimators,150.0
