parameter,value
max_depth,5.0
min_child_weight,93.0
reg_alpha,0.00018879240170619656
reg_lambda,0.22367104601375082
subsample,0.4422697136143063
colsample_bytree,0.2001820750130208
gamma,36.94123843911696
learning_rate,0.031852957393363385
n_estimators,150.0
