parameter,value
max_depth,4.0
min_child_weight,28.0
reg_alpha,0.15511465772718558
reg_lambda,0.0002865144499293237
subsample,0.970941365300337
colsample_bytree,0.21738211230500545
gamma,49.485926420650046
learning_rate,0.03146336479935311
n_estimators,150.0
