parameter,value
max_depth,4.0
min_child_weight,58.0
reg_alpha,0.048838989742867024
reg_lambda,0.0003801644235353283
subsample,0.2634397602509456
colsample_bytree,0.33491090965950704
gamma,34.677954598029785
learning_rate,0.41278213585339074
n_estimators,200.0
