parameter,value
max_depth,5.0
min_child_weight,6.0
reg_alpha,0.8872615650822158
reg_lambda,0.00029780752196272643
subsample,0.885017503787519
colsample_bytree,0.9238344008235551
gamma,89.13966027708695
learning_rate,0.030809949953083792
n_estimators,200.0
