parameter,value
max_depth,8.0
min_child_weight,4.0
reg_alpha,0.12297317950671438
reg_lambda,0.00028416954858892474
subsample,0.7181794752353229
colsample_bytree,0.8039426985038832
gamma,59.073331761524926
learning_rate,0.020491380692645538
n_estimators,200.0
