parameter,value
max_depth,3.0
min_child_weight,90.0
reg_alpha,0.0021664242384445208
reg_lambda,0.6772446943467295
subsample,0.47361826628770404
colsample_bytree,0.2783607751130699
gamma,40.067605177347815
learning_rate,0.44383515616372365
n_estimators,200.0
