parameter,value
max_depth,5.0
min_child_weight,72.0
reg_alpha,1.7372347791237839
reg_lambda,0.7473775747244533
subsample,0.2949920135244364
colsample_bytree,0.22662732272113528
gamma,40.430301159733695
learning_rate,0.0375340087219332
n_estimators,200.0
