parameter,value
max_depth,2.0
min_child_weight,4.0
reg_alpha,4.715211027080265
reg_lambda,0.015233339935040644
subsample,0.498821023927822
colsample_bytree,0.9397701811191054
gamma,67.9670110091712
learning_rate,0.028228816244866915
n_estimators,200.0
