parameter,value
max_depth,4.0
min_child_weight,59.0
reg_alpha,0.0011500188957090677
reg_lambda,0.05062265074694658
subsample,0.9051970132014335
colsample_bytree,0.6968608207387555
gamma,93.29510272773646
learning_rate,0.5991027078364626
n_estimators,150.0
