parameter,value
max_depth,8.0
min_child_weight,0.0
reg_alpha,0.025718540299254973
reg_lambda,1.3740541787040725
subsample,0.7743707792162664
colsample_bytree,0.6262226450552197
gamma,19.65878994518149
learning_rate,0.10829919993159617
n_estimators,200.0
