parameter,value
max_depth,8.0
min_child_weight,100.0
reg_alpha,0.0020625139312751687
reg_lambda,0.10039579240303137
subsample,0.6307575976397165
colsample_bytree,0.6358793411491122
gamma,65.08746038546629
learning_rate,0.0470103503925511
n_estimators,200.0
