parameter,value
max_depth,3.0
min_child_weight,2.0
reg_alpha,0.00025362339774231903
reg_lambda,0.02022237400122614
subsample,0.5811424466382638
colsample_bytree,0.6086029476344301
gamma,50.97594993523224
learning_rate,0.44737895251320925
n_estimators,150.0
