parameter,value
max_depth,2.0
min_child_weight,78.0
reg_alpha,0.0760815347669951
reg_lambda,0.0004228564642665992
subsample,0.32255551019088846
colsample_bytree,0.21917755269267603
gamma,17.754569471848775
learning_rate,0.28052103460136296
n_estimators,150.0
