parameter,value
max_depth,2.0
min_child_weight,50.0
reg_alpha,0.09481790897284845
reg_lambda,0.7348534759341553
subsample,0.6478964486671657
colsample_bytree,0.5546446559576669
gamma,93.98517562319991
learning_rate,0.037842097859334324
n_estimators,200.0
