parameter,value
max_depth,2.0
min_child_weight,4.0
reg_alpha,0.00013799104755404302
reg_lambda,0.0019504698851740257
subsample,0.26530454143772986
colsample_bytree,0.5510420617177727
gamma,75.28111382813934
learning_rate,0.01169038163300969
n_estimators,200.0
