parameter,value
max_depth,2.0
min_child_weight,40.0
reg_alpha,0.0042406809998124595
reg_lambda,0.00017490616155510912
subsample,0.20002478980467897
colsample_bytree,0.8446300946640005
gamma,93.10247504804417
learning_rate,0.12284570927227412
n_estimators,150.0
