parameter,value
max_depth,2.0
min_child_weight,95.0
reg_alpha,0.01217951342465054
reg_lambda,0.00010041067256730591
subsample,0.4715449806378773
colsample_bytree,0.29529779823986996
gamma,3.1689663339479908
learning_rate,0.028173303741430816
n_estimators,150.0
