parameter,value
max_depth,6.0
min_child_weight,86.0
reg_alpha,0.5604362417258252
reg_lambda,0.0022764968817291257
subsample,0.2474668895685934
colsample_bytree,0.21665903115467577
gamma,55.68570908056173
learning_rate,0.051918302650674354
n_estimators,200.0
