parameter,value
max_depth,5.0
min_child_weight,62.0
reg_alpha,0.0660987727374129
reg_lambda,0.008484914500274228
subsample,0.5344969592513645
colsample_bytree,0.22201773678253556
gamma,27.479685696485017
learning_rate,0.013040489575765783
n_estimators,200.0
