parameter,value
max_depth,5.0
min_child_weight,2.0
reg_alpha,3.00903160549486
reg_lambda,0.017672852727155026
subsample,0.27216810797768504
colsample_bytree,0.8855994196821481
gamma,59.40234315543021
learning_rate,0.014572712602722497
n_estimators,200.0
