parameter,value
max_depth,3.0
min_child_weight,3.0
reg_alpha,0.1520560461431963
reg_lambda,0.07653254340432614
subsample,0.8194949464083707
colsample_bytree,0.9503785442880706
gamma,63.815559568207355
learning_rate,0.01740979130430125
n_estimators,200.0
