parameter,value
max_depth,8.0
min_child_weight,79.0
reg_alpha,0.016129280492728534
reg_lambda,0.41846874939259365
subsample,0.39067336718143275
colsample_bytree,0.49628908903661695
gamma,33.254811251484
learning_rate,0.03804981243297747
n_estimators,200.0
