parameter,value
max_depth,2.0
min_child_weight,0.0
reg_alpha,0.0024325470731933374
reg_lambda,0.11864502627268342
subsample,0.8065416411201427
colsample_bytree,0.304677397873174
gamma,9.86785101303873
learning_rate,0.021979301700226026
n_estimators,150.0
