parameter,value
max_depth,2.0
min_child_weight,100.0
reg_alpha,2.473449242395069
reg_lambda,0.0008888681868501265
subsample,0.4949094122383796
colsample_bytree,0.855156711529032
gamma,53.89447042341186
learning_rate,0.0327088546045738
n_estimators,200.0
