parameter,value
max_depth,4.0
min_child_weight,95.0
reg_alpha,0.0004889660739938895
reg_lambda,0.09395649156294582
subsample,0.4738839487262177
colsample_bytree,0.6985066899902487
gamma,94.6451622812346
learning_rate,0.02010096864164345
n_estimators,200.0
