parameter,value
max_depth,2.0
min_child_weight,1.0
reg_alpha,6.232455076167747
reg_lambda,9.06832642577524
subsample,0.9362030161229435
colsample_bytree,0.9712842610074
gamma,53.32264392916661
learning_rate,0.0215002119284107
n_estimators,200.0
