parameter,value
max_depth,5.0
min_child_weight,9.0
reg_alpha,0.00016624547197840382
reg_lambda,3.413136244211154
subsample,0.5407705634063983
colsample_bytree,0.9114889550312626
gamma,5.483639150230413
learning_rate,0.0353766529903255
n_estimators,200.0
