parameter,value
max_depth,2.0
min_child_weight,0.0
reg_alpha,0.0040839352707957854
reg_lambda,0.01046211879290413
subsample,0.8168730209105002
colsample_bytree,0.21378046994172195
gamma,11.915972562738485
learning_rate,0.5566785979741365
n_estimators,150.0
