parameter,value
max_depth,3.0
min_child_weight,44.0
reg_alpha,0.0008447191271129088
reg_lambda,0.0002509379635831889
subsample,0.9997873196519567
colsample_bytree,0.8389781612365034
gamma,35.724502876937294
learning_rate,0.007673570527805624
n_estimators,200.0
