parameter,value
max_depth,5.0
min_child_weight,82.0
reg_alpha,0.00045297358353885755
reg_lambda,0.026984370896646584
subsample,0.368562167192262
colsample_bytree,0.29796013893061024
gamma,85.22286992674
learning_rate,0.06903406963434351
n_estimators,150.0
