parameter,value
max_depth,5.0
min_child_weight,2.0
reg_alpha,0.015130639905999162
reg_lambda,0.08520085627896572
subsample,0.6059722242756325
colsample_bytree,0.2623516250814804
gamma,91.70859390483642
learning_rate,0.016694398229034305
n_estimators,200.0
