parameter,value
max_depth,8.0
min_child_weight,60.0
reg_alpha,0.0033383177857641724
reg_lambda,4.516004619131952
subsample,0.9998140318380964
colsample_bytree,0.45570305753552565
gamma,98.00503176826876
learning_rate,0.019900882714231922
n_estimators,200.0
