parameter,value
max_depth,4.0
min_child_weight,93.0
reg_alpha,8.15123516874014
reg_lambda,0.05786721273953763
subsample,0.4188335973883145
colsample_bytree,0.7023396966209884
gamma,96.96376507190197
learning_rate,0.15553474178790352
n_estimators,200.0
