parameter,value
max_depth,7.0
min_child_weight,100.0
reg_alpha,0.02224517099802166
reg_lambda,0.23286211835196335
subsample,0.5891826388595752
colsample_bytree,0.21805030276166348
gamma,3.346038153717134
learning_rate,0.03876346247955059
n_estimators,200.0
