parameter,value
max_depth,2.0
min_child_weight,96.0
reg_alpha,0.00015615408866744167
reg_lambda,0.010337475224122546
subsample,0.46439812068876163
colsample_bytree,0.20149066649810843
gamma,28.03807537451858
learning_rate,0.031744912029584134
n_estimators,150.0
