parameter,value
max_depth,5.0
min_child_weight,2.0
reg_alpha,0.02653084204794578
reg_lambda,0.05162746840079864
subsample,0.5945106311168084
colsample_bytree,0.7858903064727524
gamma,31.78253370348162
learning_rate,0.023121489380662517
n_estimators,200.0
