parameter,value
max_depth,5.0
min_child_weight,100.0
reg_alpha,0.00010273919746195408
reg_lambda,7.195507987541627
subsample,0.5091969927839676
colsample_bytree,0.2538851398009538
gamma,31.691986261831847
learning_rate,0.060233866069176877
n_estimators,200.0
