parameter,value
max_depth,5.0
min_child_weight,97.0
reg_alpha,0.004942632217265018
reg_lambda,0.004333075420139166
subsample,0.7070697938983747
colsample_bytree,0.8755193795987859
gamma,3.095221806518251
learning_rate,0.030306921972786963
n_estimators,200.0
