parameter,value
max_depth,5.0
min_child_weight,3.0
reg_alpha,0.013121536540272342
reg_lambda,6.856110514216947
subsample,0.586807258631481
colsample_bytree,0.5591737447481134
gamma,30.897168973654622
learning_rate,0.04131770690081417
n_estimators,150.0
