parameter,value
max_depth,5.0
min_child_weight,0.0
reg_alpha,0.03704041103181545
reg_lambda,0.030706149114941864
subsample,0.22937441108104414
colsample_bytree,0.3744249419781743
gamma,10.944196060810498
learning_rate,0.044699134775005325
n_estimators,200.0
