parameter,value
max_depth,4.0
min_child_weight,12.0
reg_alpha,0.010827809297235591
reg_lambda,0.002520585814068563
subsample,0.9380350223295391
colsample_bytree,0.8720322781818262
gamma,40.390501613248894
learning_rate,0.04005502933789716
n_estimators,150.0
