parameter,value
max_depth,7.0
min_child_weight,52.0
reg_alpha,0.130150697532225
reg_lambda,0.00019027295650267135
subsample,0.8458404832902522
colsample_bytree,0.5059849140134255
gamma,10.186230329896768
learning_rate,0.022801747684299933
n_estimators,200.0
