parameter,value
max_depth,4.0
min_child_weight,0.0
reg_alpha,0.0004975959342018164
reg_lambda,0.0255933412637278
subsample,0.7297222912246327
colsample_bytree,0.8232080375516564
gamma,58.34532542778812
learning_rate,0.00977830070136129
n_estimators,200.0
