parameter,value
max_depth,2.0
min_child_weight,6.0
reg_alpha,6.751975397917176
reg_lambda,8.357635143311434
subsample,0.7674997324464662
colsample_bytree,0.5988490040454133
gamma,26.234076325605553
learning_rate,0.010753083662298872
n_estimators,200.0
