parameter,value
max_depth,2.0
min_child_weight,5.0
reg_alpha,8.007204111859231
reg_lambda,0.00015445833280794212
subsample,0.2436029636984772
colsample_bytree,0.8760534100872504
gamma,17.64824283613407
learning_rate,0.02613467766898281
n_estimators,200.0
