parameter,value
max_depth,2.0
min_child_weight,5.0
reg_alpha,0.0002985957730651324
reg_lambda,0.5236306750061268
subsample,0.7947442492062512
colsample_bytree,0.6568698927506178
gamma,2.0889522478991482
learning_rate,0.10207575998467769
n_estimators,200.0
