parameter,value
max_depth,5.0
min_child_weight,0.0
reg_alpha,0.222993425751419
reg_lambda,0.0013929993995438796
subsample,0.24757580192000972
colsample_bytree,0.6597577110915317
gamma,2.8348553154817977
learning_rate,0.022369944407709362
n_estimators,200.0
