parameter,value
max_depth,8.0
min_child_weight,74.0
reg_alpha,1.1082349469526112
reg_lambda,0.887283197369156
subsample,0.20049991234118128
colsample_bytree,0.7310843127562403
gamma,61.5831841609856
learning_rate,0.3200428939694983
n_estimators,200.0
