parameter,value
max_depth,3.0
min_child_weight,21.0
reg_alpha,0.0007219200526671539
reg_lambda,0.17292755169370064
subsample,0.71046665771538
colsample_bytree,0.573712133950166
gamma,2.2182388315716017
learning_rate,0.04059796739402264
n_estimators,200.0
