parameter,value
max_depth,5.0
min_child_weight,100.0
reg_alpha,0.1340460254375866
reg_lambda,4.287423997481183
subsample,0.5033466035652965
colsample_bytree,0.312279659642268
gamma,0.08629783660438828
learning_rate,0.24731949188073324
n_estimators,200.0
