parameter,value
max_depth,5.0
min_child_weight,37.0
reg_alpha,1.8936505840743219
reg_lambda,0.002805253262579111
subsample,0.3193404076272315
colsample_bytree,0.5748879109211367
gamma,55.94878479446036
learning_rate,0.12463555301586109
n_estimators,200.0
