parameter,value
max_depth,4.0
min_child_weight,5.0
reg_alpha,6.528705080620541
reg_lambda,6.459295058686917
subsample,0.9062743513600978
colsample_bytree,0.3569835720461451
gamma,14.32514280620692
learning_rate,0.04920732840851193
n_estimators,200.0
