parameter,value
max_depth,5.0
min_child_weight,96.0
reg_alpha,0.25248065090771
reg_lambda,0.0009644569912326517
subsample,0.4512017570140683
colsample_bytree,0.3354324317903958
gamma,21.559636646849032
learning_rate,0.18986564664516006
n_estimators,200.0
