parameter,value
max_depth,5.0
min_child_weight,5.0
reg_alpha,0.020945264138512706
reg_lambda,0.0010116057265858807
subsample,0.9112382409784545
colsample_bytree,0.41060456595737443
gamma,62.930496873218054
learning_rate,0.049900657988807454
n_estimators,150.0
