parameter,value
max_depth,4.0
min_child_weight,6.0
reg_alpha,2.8130354801797894
reg_lambda,0.01019206799655012
subsample,0.9849807088018466
colsample_bytree,0.8967726450957632
gamma,4.606514532995719
learning_rate,0.0035928952146664817
n_estimators,200.0
