parameter,value
max_depth,4.0
min_child_weight,15.0
reg_alpha,2.185459483397197
reg_lambda,0.8641594490844177
subsample,0.7160386004710022
colsample_bytree,0.7746332032994612
gamma,67.38798526095024
learning_rate,0.021722536221354515
n_estimators,150.0
