parameter,value
max_depth,3.0
min_child_weight,0.0
reg_alpha,0.04607417761423715
reg_lambda,0.00010405803592858212
subsample,0.8208964759561795
colsample_bytree,0.5217806588829663
gamma,53.907400266151086
learning_rate,0.060741900800161265
n_estimators,150.0
