parameter,value
max_depth,5.0
min_child_weight,2.0
reg_alpha,8.019152174048267
reg_lambda,6.150773814952506
subsample,0.875600907890618
colsample_bytree,0.7451469486742178
gamma,41.85790545863321
learning_rate,0.08004070588600654
n_estimators,150.0
