parameter,value
max_depth,5.0
min_child_weight,0.0
reg_alpha,0.005295304067795255
reg_lambda,0.0005233856520525557
subsample,0.25879673530713576
colsample_bytree,0.7482432704898845
gamma,65.76198809790871
learning_rate,0.0097006031249675
n_estimators,150.0
