parameter,value
max_depth,8.0
min_child_weight,21.0
reg_alpha,0.000485265976882817
reg_lambda,0.08829967866278537
subsample,0.9629281639247789
colsample_bytree,0.6827311867592851
gamma,55.578409833370486
learning_rate,0.05102174786219436
n_estimators,200.0
