parameter,value
max_depth,6.0
min_child_weight,3.0
reg_alpha,0.0016050569508663157
reg_lambda,0.031489607993074785
subsample,0.5812378807564912
colsample_bytree,0.6925588427073239
gamma,56.26241684620839
learning_rate,0.018462446630232058
n_estimators,200.0
