parameter,value
max_depth,8.0
min_child_weight,0.0
reg_alpha,0.013472777757522258
reg_lambda,0.0005370200006364293
subsample,0.3109450202912974
colsample_bytree,0.5820756947121736
gamma,39.29772823330583
learning_rate,0.017298732884672027
n_estimators,200.0
