parameter,value
max_depth,3.0
min_child_weight,0.0
reg_alpha,0.0003585398470637091
reg_lambda,0.00010424511340884994
subsample,0.827732724863344
colsample_bytree,0.6898719401303353
gamma,8.194159330689493
learning_rate,0.03315879571026257
n_estimators,200.0
