parameter,value
max_depth,4.0
min_child_weight,0.0
reg_alpha,0.0002958318258409846
reg_lambda,0.01495525684524977
subsample,0.7196460162309734
colsample_bytree,0.7410727765484829
gamma,4.035531465231529
learning_rate,0.033028635282963875
n_estimators,150.0
