parameter,value
max_depth,2.0
min_child_weight,34.0
reg_alpha,0.003146151029743323
reg_lambda,0.04508018665621861
subsample,0.46328252813269094
colsample_bytree,0.21370120292570985
gamma,1.2185396840112255
learning_rate,0.03173307138669706
n_estimators,200.0
