parameter,value
max_depth,3.0
min_child_weight,2.0
reg_alpha,0.0001472317744956976
reg_lambda,1.2387895504132813
subsample,0.6586704913672796
colsample_bytree,0.7845515794685044
gamma,44.90987736240048
learning_rate,0.03274528835903661
n_estimators,200.0
