parameter,value
max_depth,5.0
min_child_weight,12.0
reg_alpha,0.00018367824022862464
reg_lambda,0.0004384516453328849
subsample,0.7729247690244258
colsample_bytree,0.4951801542133908
gamma,85.46665648255451
learning_rate,0.01964170424663769
n_estimators,150.0
