parameter,value
max_depth,8.0
min_child_weight,50.0
reg_alpha,0.019711165794689223
reg_lambda,0.00019489748696563798
subsample,0.20068476692400217
colsample_bytree,0.2299359638878482
gamma,0.406815884831906
learning_rate,0.0423586767428889
n_estimators,200.0
