parameter,value
max_depth,8.0
min_child_weight,14.0
reg_alpha,9.571056951483902
reg_lambda,0.0003124209043917643
subsample,0.9273638249940912
colsample_bytree,0.7437958364805018
gamma,82.48271590193073
learning_rate,0.4629117375069007
n_estimators,150.0
