parameter,value
max_depth,5.0
min_child_weight,2.0
reg_alpha,0.9166057219360618
reg_lambda,7.872301924082137
subsample,0.25333254232302804
colsample_bytree,0.5409931237254393
gamma,1.7017758905593035
learning_rate,0.09046434286915148
n_estimators,150.0
