parameter,value
max_depth,4.0
min_child_weight,91.0
reg_alpha,0.00015166455427325268
reg_lambda,0.07042293774692537
subsample,0.45945202279098474
colsample_bytree,0.6838454627083194
gamma,1.6429259140672379
learning_rate,0.49250794452329827
n_estimators,200.0
