parameter,value
max_depth,7.0
min_child_weight,7.0
reg_alpha,0.0024189262578653246
reg_lambda,0.000366317311072988
subsample,0.827335359553684
colsample_bytree,0.9134499440065239
gamma,26.9629547204237
learning_rate,0.033962034632389726
n_estimators,200.0
