parameter,value
max_depth,7.0
min_child_weight,98.0
reg_alpha,4.149023399235058
reg_lambda,0.054836019260344135
subsample,0.47426510096386854
colsample_bytree,0.3001200209397191
gamma,85.87313922382376
learning_rate,0.03021972366111623
n_estimators,200.0
