parameter,value
max_depth,5.0
min_child_weight,0.0
reg_alpha,6.736567101301102
reg_lambda,0.010948392936964157
subsample,0.4450536954961658
colsample_bytree,0.782069507155014
gamma,58.25142757377493
learning_rate,0.031248827559972707
n_estimators,200.0
