parameter,value
max_depth,6.0
min_child_weight,43.0
reg_alpha,0.5448157863240104
reg_lambda,0.014472202576603595
subsample,0.26611881758116984
colsample_bytree,0.23292115501495625
gamma,72.31537648119661
learning_rate,0.041446995795767036
n_estimators,200.0
