parameter,value
max_depth,4.0
min_child_weight,77.0
reg_alpha,0.15625799689010417
reg_lambda,0.005171837354683185
subsample,0.9219726306426039
colsample_bytree,0.26400456633369246
gamma,1.7496557266271742
learning_rate,0.31476688128914154
n_estimators,150.0
