parameter,value
max_depth,8.0
min_child_weight,52.0
reg_alpha,2.8607117399669812
reg_lambda,0.0001781633958394987
subsample,0.23264637339471467
colsample_bytree,0.21692772617484224
gamma,99.63392370025406
learning_rate,0.05579716971594579
n_estimators,200.0
