parameter,value
max_depth,7.0
min_child_weight,83.0
reg_alpha,0.0004885841245804882
reg_lambda,0.0010092483777624788
subsample,0.27071936875905933
colsample_bytree,0.6432364158135996
gamma,56.93098199117805
learning_rate,0.008904399902116585
n_estimators,200.0
