parameter,value
max_depth,4.0
min_child_weight,67.0
reg_alpha,0.0016662407517663998
reg_lambda,0.009587812153250953
subsample,0.9285935673027744
colsample_bytree,0.7231799657217984
gamma,46.95259913921467
learning_rate,0.19487527093314358
n_estimators,150.0
