parameter,value
max_depth,8.0
min_child_weight,95.0
reg_alpha,0.01578734579644693
reg_lambda,0.00021204669128281595
subsample,0.46401502403440137
colsample_bytree,0.7974916567700524
gamma,93.91804945353246
learning_rate,0.027341497988074778
n_estimators,200.0
