parameter,value
max_depth,7.0
min_child_weight,71.0
reg_alpha,0.0032813419018041657
reg_lambda,0.0002667715263037846
subsample,0.9866931160470855
colsample_bytree,0.5670233309368514
gamma,26.726286289634437
learning_rate,0.035237213614525725
n_estimators,200.0
