parameter,value
max_depth,2.0
min_child_weight,9.0
reg_alpha,0.0011259590286943947
reg_lambda,0.1310658997496159
subsample,0.672934922003225
colsample_bytree,0.9295211619025558
gamma,82.34977044268966
learning_rate,0.12018689814137484
n_estimators,150.0
