parameter,value
max_depth,5.0
min_child_weight,25.0
reg_alpha,0.0009379878756352498
reg_lambda,0.2568189106531878
subsample,0.5071458349443412
colsample_bytree,0.7197759070977805
gamma,87.67750641486526
learning_rate,0.018743537582628287
n_estimators,200.0
