parameter,value
max_depth,4.0
min_child_weight,19.0
reg_alpha,0.02297513734335758
reg_lambda,0.026198829679330158
subsample,0.8125506663441022
colsample_bytree,0.9225547693058859
gamma,37.532620500355605
learning_rate,0.0072848201601308634
n_estimators,150.0
