parameter,value
max_depth,8.0
min_child_weight,0.0
reg_alpha,0.6561139358176162
reg_lambda,0.0009396210585323015
subsample,0.8543240815910869
colsample_bytree,0.6709154561786135
gamma,74.28962435169396
learning_rate,0.012252212571497402
n_estimators,200.0
