parameter,value
max_depth,8.0
min_child_weight,34.0
reg_alpha,0.005106783374273044
reg_lambda,0.0015262923974513282
subsample,0.20715181636092986
colsample_bytree,0.2173891986268352
gamma,5.499343385418968
learning_rate,0.04224134478009253
n_estimators,150.0
