parameter,value
max_depth,2.0
min_child_weight,97.0
reg_alpha,2.157311632997946
reg_lambda,2.287744169016078
subsample,0.7992172293614632
colsample_bytree,0.7648431309172311
gamma,93.73724876936274
learning_rate,0.38593589019408325
n_estimators,150.0
