parameter,value
max_depth,5.0
min_child_weight,0.0
reg_alpha,0.03649535740940301
reg_lambda,0.00022786486818723728
subsample,0.30518042616372887
colsample_bytree,0.3615756022116217
gamma,92.07402565255927
learning_rate,0.038831180518049783
n_estimators,200.0
