parameter,value
max_depth,5.0
min_child_weight,77.0
reg_alpha,0.00901708892763257
reg_lambda,0.012384422854860019
subsample,0.349661827226523
colsample_bytree,0.721909002471799
gamma,74.93151962202394
learning_rate,0.23122412646748555
n_estimators,200.0
