parameter,value
max_depth,4.0
min_child_weight,69.0
reg_alpha,0.028864544314373356
reg_lambda,0.08216963112081359
subsample,0.6045234737143116
colsample_bytree,0.42531213300213305
gamma,83.90387124692019
learning_rate,0.022846759539083775
n_estimators,200.0
