parameter,value
max_depth,2.0
min_child_weight,54.0
reg_alpha,0.00029376576146631874
reg_lambda,0.0027070560073477567
subsample,0.3234362662665058
colsample_bytree,0.9417260958872963
gamma,77.52299470120667
learning_rate,0.04577658177458842
n_estimators,200.0
