parameter,value
max_depth,4.0
min_child_weight,3.0
reg_alpha,0.0003255415237061422
reg_lambda,0.005594907131583764
subsample,0.49447893944676347
colsample_bytree,0.8848418678856377
gamma,84.23766747907105
learning_rate,0.02785734516905646
n_estimators,200.0
