parameter,value
max_depth,2.0
min_child_weight,78.0
reg_alpha,0.0008732504239594395
reg_lambda,0.6229894131375915
subsample,0.29261114008481054
colsample_bytree,0.2000314932649309
gamma,35.69650840365922
learning_rate,0.2619402303875579
n_estimators,150.0
