parameter,value
max_depth,5.0
min_child_weight,0.0
reg_alpha,0.09845030487548975
reg_lambda,0.46330384113617407
subsample,0.6828322978305382
colsample_bytree,0.6194936893920945
gamma,64.29328300203412
learning_rate,0.02405090175146352
n_estimators,200.0
