parameter,value
max_depth,8.0
min_child_weight,24.0
reg_alpha,0.0014114496182242213
reg_lambda,5.0842746398317535
subsample,0.75875668050319
colsample_bytree,0.7364643480676885
gamma,1.6184996208975433
learning_rate,0.22033640854680103
n_estimators,200.0
