parameter,value
max_depth,4.0
min_child_weight,6.0
reg_alpha,0.0017904208812890403
reg_lambda,0.0006171194980973287
subsample,0.28427235412891516
colsample_bytree,0.8733537947718615
gamma,78.40727760680304
learning_rate,0.019495908798255062
n_estimators,200.0
