parameter,value
max_depth,5.0
min_child_weight,88.0
reg_alpha,0.4013294249652821
reg_lambda,0.023228325478489294
subsample,0.7176399042582465
colsample_bytree,0.962259661162226
gamma,64.2433380249969
learning_rate,0.029538635328963964
n_estimators,200.0
