parameter,value
max_depth,2.0
min_child_weight,42.0
reg_alpha,0.10600406416621055
reg_lambda,0.006064555627460033
subsample,0.20075296759324526
colsample_bytree,0.6387296795651457
gamma,94.32435120521862
learning_rate,0.21968492027578723
n_estimators,150.0
