parameter,value
max_depth,5.0
min_child_weight,2.0
reg_alpha,3.2139821258847086
reg_lambda,0.000855649015329615
subsample,0.22735560971184954
colsample_bytree,0.42492007342475113
gamma,61.33361530465502
learning_rate,0.059160684101829626
n_estimators,200.0
