parameter,value
max_depth,2.0
min_child_weight,0.0
reg_alpha,4.686840238696702
reg_lambda,0.09379310395340223
subsample,0.9494779877296484
colsample_bytree,0.6528056709684249
gamma,29.57594103035198
learning_rate,0.0503903623401613
n_estimators,200.0
