parameter,value
max_depth,8.0
min_child_weight,12.0
reg_alpha,0.008272792419505043
reg_lambda,3.961449120018738
subsample,0.2275769791430758
colsample_bytree,0.48181599273344505
gamma,35.26307675283172
learning_rate,0.2910961637050739
n_estimators,200.0
