parameter,value
max_depth,6.0
min_child_weight,80.0
reg_alpha,0.002674316404918977
reg_lambda,0.9886985673962009
subsample,0.3824027039802032
colsample_bytree,0.715002292429064
gamma,1.5826433153378665
learning_rate,0.04008076515439449
n_estimators,150.0
