parameter,value
max_depth,3.0
min_child_weight,26.0
reg_alpha,0.5241762149469457
reg_lambda,0.01001781672667829
subsample,0.9825068683772429
colsample_bytree,0.745722909584532
gamma,45.40596338226802
learning_rate,0.02195771881951934
n_estimators,200.0
