parameter,value
max_depth,5.0
min_child_weight,25.0
reg_alpha,0.037806132130372413
reg_lambda,0.00654769149793232
subsample,0.6962121669848292
colsample_bytree,0.8239498277841489
gamma,19.507545500082376
learning_rate,0.05902951752706213
n_estimators,150.0
