parameter,value
max_depth,8.0
min_child_weight,88.0
reg_alpha,0.004272466032751149
reg_lambda,4.15878281609457
subsample,0.9623978632375231
colsample_bytree,0.23201655414231095
gamma,98.29050989931089
learning_rate,0.04617945795125985
n_estimators,200.0
