parameter,value
max_depth,7.0
min_child_weight,13.0
reg_alpha,0.009257915222455908
reg_lambda,0.015431581100173042
subsample,0.9823045861389972
colsample_bytree,0.4478260789057415
gamma,93.38746256191665
learning_rate,0.1332601737746952
n_estimators,200.0
