parameter,value
max_depth,5.0
min_child_weight,14.0
reg_alpha,1.4481118841020095
reg_lambda,0.00036333394847787016
subsample,0.998256826899083
colsample_bytree,0.9322933878112618
gamma,24.813303168967465
learning_rate,0.06896507975163173
n_estimators,200.0
