parameter,value
max_depth,2.0
min_child_weight,0.0
reg_alpha,0.00172488175876227
reg_lambda,0.41630222874470024
subsample,0.8583230515271797
colsample_bytree,0.41849012479177705
gamma,41.28851411559347
learning_rate,0.07414865672894727
n_estimators,200.0
