parameter,value
max_depth,5.0
min_child_weight,97.0
reg_alpha,0.10142648734166554
reg_lambda,0.0436745854027981
subsample,0.3715744577696149
colsample_bytree,0.3073660685759005
gamma,94.32215321459634
learning_rate,0.15245032171621933
n_estimators,150.0
