parameter,value
max_depth,5.0
min_child_weight,0.0
reg_alpha,2.2819642918689516
reg_lambda,0.013502778947290196
subsample,0.9118746683346497
colsample_bytree,0.5490639117475214
gamma,28.398906826420678
learning_rate,0.024804483421162486
n_estimators,200.0
