parameter,value
max_depth,5.0
min_child_weight,1.0
reg_alpha,0.00016613305302022997
reg_lambda,0.006628461860958697
subsample,0.44884615655358673
colsample_bytree,0.9097992148544921
gamma,26.018112637995653
learning_rate,0.008866962009335564
n_estimators,200.0
