parameter,value
max_depth,3.0
min_child_weight,85.0
reg_alpha,0.05125664840537494
reg_lambda,0.0001660718669232403
subsample,0.845177542997311
colsample_bytree,0.4093907891546892
gamma,89.3837356185734
learning_rate,0.49785738347010433
n_estimators,200.0
