parameter,value
max_depth,5.0
min_child_weight,2.0
reg_alpha,0.0009684677672331428
reg_lambda,0.0868542817605881
subsample,0.791849322708597
colsample_bytree,0.2166560081726353
gamma,76.52019539491324
learning_rate,0.023128606160405515
n_estimators,200.0
