parameter,value
max_depth,2.0
min_child_weight,5.0
reg_alpha,0.29094505846192403
reg_lambda,0.0006835576506250443
subsample,0.9123270010472824
colsample_bytree,0.4503790011063531
gamma,17.81937877133756
learning_rate,0.06998245469221734
n_estimators,150.0
