parameter,value
max_depth,3.0
min_child_weight,92.0
reg_alpha,0.5566673902419588
reg_lambda,0.0003952486217434114
subsample,0.9169788434259183
colsample_bytree,0.4743405814364217
gamma,92.07924411157086
learning_rate,0.09290688345795842
n_estimators,200.0
