parameter,value
max_depth,4.0
min_child_weight,85.0
reg_alpha,0.0002551564492885724
reg_lambda,0.00022904425825310745
subsample,0.36058355605986764
colsample_bytree,0.20495917882833484
gamma,63.907472863348886
learning_rate,0.02250353813374771
n_estimators,200.0
