parameter,value
max_depth,5.0
min_child_weight,5.0
reg_alpha,0.00014493171954342826
reg_lambda,0.03556549825816077
subsample,0.9347550822503728
colsample_bytree,0.8473057009164398
gamma,54.61038254764395
learning_rate,0.033278932579353986
n_estimators,200.0
