parameter,value
max_depth,6.0
min_child_weight,0.0
reg_alpha,0.004275073787175701
reg_lambda,0.002507508299885854
subsample,0.9139952953140237
colsample_bytree,0.7781473208799174
gamma,83.42997752827166
learning_rate,0.04343339357865688
n_estimators,150.0
