parameter,value
max_depth,2.0
min_child_weight,0.0
reg_alpha,0.0002944825302976419
reg_lambda,0.00013954993224209032
subsample,0.4486650492802281
colsample_bytree,0.9579401537167747
gamma,99.94225154758352
learning_rate,0.0801969662598479
n_estimators,150.0
