parameter,value
max_depth,4.0
min_child_weight,33.0
reg_alpha,0.042997250817326395
reg_lambda,0.14507820868667487
subsample,0.5529347864374277
colsample_bytree,0.5205335167304017
gamma,84.845474627474
learning_rate,0.055170007927819224
n_estimators,150.0
