parameter,value
max_depth,5.0
min_child_weight,92.0
reg_alpha,0.2586103519565483
reg_lambda,6.058118202471273
subsample,0.6407608308499128
colsample_bytree,0.4839008716799948
gamma,98.03034951460698
learning_rate,0.02909487916052061
n_estimators,200.0
