parameter,value
max_depth,3.0
min_child_weight,0.0
reg_alpha,0.0009046918146947571
reg_lambda,0.23280867043689485
subsample,0.636103787301588
colsample_bytree,0.9386902490504355
gamma,62.573436090235084
learning_rate,0.03222748839866338
n_estimators,200.0
