parameter,value
max_depth,4.0
min_child_weight,0.0
reg_alpha,0.45161620849858725
reg_lambda,0.3290848589383345
subsample,0.9305917911320296
colsample_bytree,0.27191500088631715
gamma,10.076328853939408
learning_rate,0.03444522247822208
n_estimators,200.0
