parameter,value
max_depth,5.0
min_child_weight,50.0
reg_alpha,0.0029248096473444675
reg_lambda,0.0011983065639979405
subsample,0.3057552133315763
colsample_bytree,0.9159638334237891
gamma,68.69315179616709
learning_rate,0.03524358882271705
n_estimators,150.0
