parameter,value
max_depth,8.0
min_child_weight,57.0
reg_alpha,0.008701582286055136
reg_lambda,0.022555583051437768
subsample,0.8326686578745721
colsample_bytree,0.5104572509516851
gamma,20.46848695999598
learning_rate,0.07812029893527729
n_estimators,150.0
