parameter,value
max_depth,7.0
min_child_weight,80.0
reg_alpha,0.00013662579308366932
reg_lambda,8.591349494987846
subsample,0.3642679992170266
colsample_bytree,0.290374427362242
gamma,27.303912307580653
learning_rate,0.06801469574249816
n_estimators,150.0
