parameter,value
max_depth,6.0
min_child_weight,0.0
reg_alpha,0.00017770431683465591
reg_lambda,0.008124797226427538
subsample,0.20043876254912943
colsample_bytree,0.6225049332915219
gamma,15.003525352750273
learning_rate,0.027043361092881565
n_estimators,150.0
