parameter,value
max_depth,4.0
min_child_weight,31.0
reg_alpha,0.0015938005493842304
reg_lambda,5.598462694613174
subsample,0.9990525690358394
colsample_bytree,0.8852988458176178
gamma,90.71951129240577
learning_rate,0.011228346686816907
n_estimators,200.0
