parameter,value
max_depth,4.0
min_child_weight,0.0
reg_alpha,0.0018773850683025388
reg_lambda,0.3894380958781632
subsample,0.9415414863394069
colsample_bytree,0.7751874273320611
gamma,7.970496935687294
learning_rate,0.023566955621958718
n_estimators,200.0
