parameter,value
max_depth,2.0
min_child_weight,3.0
reg_alpha,5.72160676669879
reg_lambda,0.045280078483803894
subsample,0.6438507848275998
colsample_bytree,0.21855815074664262
gamma,38.14378947716054
learning_rate,0.09468436053671235
n_estimators,200.0
