parameter,value
max_depth,4.0
min_child_weight,76.0
reg_alpha,0.5457855664393377
reg_lambda,0.001017945912885716
subsample,0.4520695494455981
colsample_bytree,0.9506802294707594
gamma,0.34023176322433724
learning_rate,0.04147298060084274
n_estimators,150.0
