parameter,value
max_depth,2.0
min_child_weight,19.0
reg_alpha,1.218527893491881
reg_lambda,0.19457089061759134
subsample,0.8737502308017124
colsample_bytree,0.21564871152797
gamma,33.9588763035749
learning_rate,0.05127719435656477
n_estimators,150.0
