parameter,value
max_depth,3.0
min_child_weight,5.0
reg_alpha,0.04592516213098009
reg_lambda,0.032380250831565614
subsample,0.2771309200641198
colsample_bytree,0.5071716349706794
gamma,89.5206678935926
learning_rate,0.029996478139438787
n_estimators,200.0
