parameter,value
max_depth,7.0
min_child_weight,87.0
reg_alpha,0.0003754972835931257
reg_lambda,0.023490460084648633
subsample,0.6268961637878679
colsample_bytree,0.26139772345984674
gamma,70.54187732273566
learning_rate,0.04179413455872715
n_estimators,200.0
