parameter,value
max_depth,4.0
min_child_weight,0.0
reg_alpha,0.5503809105450528
reg_lambda,0.9601342222593269
subsample,0.7552523210899028
colsample_bytree,0.4320651687311438
gamma,64.51407710972572
learning_rate,0.09609522772068467
n_estimators,200.0
