parameter,value
max_depth,4.0
min_child_weight,100.0
reg_alpha,1.470160620576127
reg_lambda,0.04376323722786637
subsample,0.7361777537464468
colsample_bytree,0.885787074944753
gamma,2.053954866171436
learning_rate,0.035915004036438804
n_estimators,200.0
