parameter,value
max_depth,8.0
min_child_weight,54.0
reg_alpha,0.007572656503851524
reg_lambda,0.42592728745865294
subsample,0.3298343415504427
colsample_bytree,0.8070024554840773
gamma,16.751079918809886
learning_rate,0.05081231960810687
n_estimators,150.0
