parameter,value
max_depth,5.0
min_child_weight,13.0
reg_alpha,0.06277360321606215
reg_lambda,0.4417726761407281
subsample,0.6215342359968978
colsample_bytree,0.29154160456877715
gamma,17.34527625610394
learning_rate,0.30688440049357474
n_estimators,200.0
