parameter,value
max_depth,2.0
min_child_weight,3.0
reg_alpha,0.0007086474478192828
reg_lambda,0.030319469448490694
subsample,0.5625020923420586
colsample_bytree,0.8533840174716567
gamma,72.17558239887279
learning_rate,0.04279406847158592
n_estimators,200.0
