parameter,value
max_depth,7.0
min_child_weight,72.0
reg_alpha,1.8207847253519822
reg_lambda,0.008654521055783414
subsample,0.32765134616137587
colsample_bytree,0.20024737360830505
gamma,76.05986983813294
learning_rate,0.03791039039849882
n_estimators,150.0
