parameter,value
max_depth,5.0
min_child_weight,4.0
reg_alpha,0.0021442800104951414
reg_lambda,0.021433871526737744
subsample,0.6884519319562338
colsample_bytree,0.9498207385458778
gamma,35.73396926346092
learning_rate,0.004270212373765986
n_estimators,200.0
