parameter,value
max_depth,2.0
min_child_weight,3.0
reg_alpha,0.0001309935234366983
reg_lambda,0.02280237669761107
subsample,0.9395725845818393
colsample_bytree,0.37020921320126293
gamma,38.91533405066884
learning_rate,0.017797855736452553
n_estimators,200.0
