parameter,value
max_depth,8.0
min_child_weight,2.0
reg_alpha,0.04411935809416749
reg_lambda,0.00047376462826643703
subsample,0.616868754996973
colsample_bytree,0.8560242848030564
gamma,5.360572790415217
learning_rate,0.027749090129901465
n_estimators,200.0
