parameter,value
max_depth,7.0
min_child_weight,2.0
reg_alpha,0.004957423265808417
reg_lambda,0.0012706058497920104
subsample,0.6151236319095921
colsample_bytree,0.79001916858167
gamma,11.554088435350092
learning_rate,0.017016031896686972
n_estimators,150.0
