parameter,value
max_depth,4.0
min_child_weight,98.0
reg_alpha,5.729922972961983
reg_lambda,6.372634539199009
subsample,0.4776335902799054
colsample_bytree,0.23369104766146856
gamma,7.492746879382192
learning_rate,0.05630538195661185
n_estimators,150.0
