parameter,value
max_depth,8.0
min_child_weight,34.0
reg_alpha,0.027890733929156534
reg_lambda,0.0008961876954842508
subsample,0.7436896524420329
colsample_bytree,0.7822689471056341
gamma,79.85261176600538
learning_rate,0.19456230928551288
n_estimators,200.0
