parameter,value
max_depth,8.0
min_child_weight,4.0
reg_alpha,0.00010181110625582187
reg_lambda,0.0012202355379077952
subsample,0.6248514829167764
colsample_bytree,0.4158648825884385
gamma,23.282031250835878
learning_rate,0.08706455460039371
n_estimators,200.0
