parameter,value
max_depth,5.0
min_child_weight,82.0
reg_alpha,0.17938015862012333
reg_lambda,0.0011158601859647178
subsample,0.6676747258841124
colsample_bytree,0.9260148688609469
gamma,7.803736997515279
learning_rate,0.013855345414085394
n_estimators,200.0
