parameter,value
max_depth,2.0
min_child_weight,56.0
reg_alpha,0.07419127920387507
reg_lambda,0.00015169820814247192
subsample,0.8342850764484684
colsample_bytree,0.9541351852988202
gamma,27.40370576020467
learning_rate,0.48913653701183374
n_estimators,200.0
