parameter,value
max_depth,2.0
min_child_weight,6.0
reg_alpha,9.97527999045871
reg_lambda,0.7064525166148096
subsample,0.8123858651896416
colsample_bytree,0.5061044097194393
gamma,21.585735979465028
learning_rate,0.03759869700534444
n_estimators,200.0
