parameter,value
max_depth,6.0
min_child_weight,10.0
reg_alpha,0.00012993915257975702
reg_lambda,0.6850758047542769
subsample,0.8817614755927417
colsample_bytree,0.4299183135843196
gamma,40.10424791814986
learning_rate,0.023348320902120485
n_estimators,200.0
