parameter,value
max_depth,5.0
min_child_weight,67.0
reg_alpha,0.6181662633560195
reg_lambda,0.0945141623384248
subsample,0.21356754979341896
colsample_bytree,0.2014093721454437
gamma,14.427607923994797
learning_rate,0.015822020767538966
n_estimators,150.0
