parameter,value
max_depth,5.0
min_child_weight,4.0
reg_alpha,0.7836093162162207
reg_lambda,0.09322132829315227
subsample,0.9180790790560399
colsample_bytree,0.6790333385045777
gamma,6.065058696669391
learning_rate,0.20293623959879578
n_estimators,200.0
