parameter,value
max_depth,4.0
min_child_weight,5.0
reg_alpha,0.0002562057635482587
reg_lambda,1.2971688478029577
subsample,0.7251655963256475
colsample_bytree,0.42460096926958363
gamma,20.987698212111596
learning_rate,0.019764315696026526
n_estimators,150.0
