parameter,value
max_depth,2.0
min_child_weight,98.0
reg_alpha,5.628134847149478
reg_lambda,0.002842641308429691
subsample,0.6428434891581074
colsample_bytree,0.7750088627200433
gamma,34.989647511133214
learning_rate,0.03881289488373296
n_estimators,150.0
