parameter,value
max_depth,2.0
min_child_weight,2.0
reg_alpha,0.00026638397514643406
reg_lambda,4.71952220730445
subsample,0.6078255922436239
colsample_bytree,0.5388809996698706
gamma,53.386548254208115
learning_rate,0.05357015846296218
n_estimators,200.0
