parameter,value
max_depth,4.0
min_child_weight,0.0
reg_alpha,0.00010083078523101839
reg_lambda,0.013972582563075403
subsample,0.9793026187564438
colsample_bytree,0.8054782941529777
gamma,30.634963415596488
learning_rate,0.13058809229480348
n_estimators,200.0
