parameter,value
max_depth,8.0
min_child_weight,31.0
reg_alpha,0.026335365531593744
reg_lambda,0.0042612389497360134
subsample,0.764063598198699
colsample_bytree,0.9813302838881715
gamma,73.76109405176605
learning_rate,0.0028629794390051364
n_estimators,200.0
