parameter,value
max_depth,3.0
min_child_weight,3.0
reg_alpha,0.1265986085999262
reg_lambda,0.0009094418626887684
subsample,0.7432813667761332
colsample_bytree,0.26049089069279713
gamma,4.940362665155668
learning_rate,0.03971017468007846
n_estimators,200.0
