parameter,value
max_depth,3.0
min_child_weight,0.0
reg_alpha,0.0063344625482960526
reg_lambda,0.004964354053796231
subsample,0.9715076594501338
colsample_bytree,0.5489546377696338
gamma,72.02438293495723
learning_rate,0.038941970354250094
n_estimators,150.0
