parameter,value
max_depth,2.0
min_child_weight,53.0
reg_alpha,0.00010020297401864447
reg_lambda,0.000259168283450393
subsample,0.3436792602967358
colsample_bytree,0.24661637747575207
gamma,0.0006825664983755864
learning_rate,0.08180736717950426
n_estimators,200.0
