parameter,value
max_depth,2.0
min_child_weight,28.0
reg_alpha,0.0011963151983148033
reg_lambda,0.00017770294876892414
subsample,0.7065856050510688
colsample_bytree,0.27187399003504287
gamma,36.055160550286566
learning_rate,0.14456025532104455
n_estimators,150.0
