parameter,value
max_depth,4.0
min_child_weight,2.0
reg_alpha,0.0022429132906498115
reg_lambda,0.14829624342512615
subsample,0.9521693757086127
colsample_bytree,0.39945573632705056
gamma,40.69363631040347
learning_rate,0.03449870204523975
n_estimators,200.0
