parameter,value
max_depth,5.0
min_child_weight,15.0
reg_alpha,0.0001730621640329948
reg_lambda,0.019651320647099867
subsample,0.8903510897134467
colsample_bytree,0.7505675391673419
gamma,97.58719699039433
learning_rate,0.02248370575031664
n_estimators,150.0
