parameter,value
max_depth,7.0
min_child_weight,42.0
reg_alpha,6.406612092479751
reg_lambda,0.13025966225528676
subsample,0.21483322299964067
colsample_bytree,0.4302079013365163
gamma,0.1443981576963436
learning_rate,0.2188763534038811
n_estimators,150.0
