parameter,value
max_depth,2.0
min_child_weight,10.0
reg_alpha,0.0005609331003906987
reg_lambda,0.25970665114376545
subsample,0.7991538992336366
colsample_bytree,0.8586565453453416
gamma,38.55627773291269
learning_rate,0.04802132363588502
n_estimators,150.0
