model,weight
w_holt_winters_full,0.3273985838592354
w_holt_winters_cleaned,0.3424527888977648
w_rf_without_lags,0.012301473856128758
w_rf_with_lags,0.030776367374698684
w_knn_without_lags,0.014162497354026063
w_knn_with_lags,0.02562808638896895
w_xgb_without_lags,0.010964713665286672
w_xgb_with_lags,0.028080526248939894
w_lgbm_without_lags,0.015530882983611693
w_lgbm_with_lags,0.19270407937133902
