model,weight
w_holt_winters_full,0.10298159783605677
w_holt_winters_cleaned,0.0006944886445223395
w_rf_without_lags,0.008667933834142416
w_rf_with_lags,0.040809679449863676
w_knn_without_lags,0.06384626571397489
w_knn_with_lags,0.08290483476134917
w_xgb_without_lags,0.006348585989671008
w_xgb_with_lags,0.34811027708864856
w_lgbm_without_lags,0.06047295162410273
w_lgbm_with_lags,0.28516338505766836
