model,weight
w_holt_winters_full,0.016216041099781163
w_holt_winters_cleaned,0.0073573876074951505
w_rf_without_lags,0.3369421478139518
w_rf_with_lags,0.007704592624710944
w_knn_without_lags,0.3010700330325598
w_knn_with_lags,0.23253850291744946
w_xgb_without_lags,0.02492335962666734
w_xgb_with_lags,0.014788366989247376
w_lgbm_without_lags,0.058420590714707614
w_lgbm_with_lags,3.897757342938292e-05
