model,weight
w_holt_winters_full,0.5371940381394961
w_holt_winters_cleaned,0.160264304317463
w_rf_without_lags,0.042985499795811115
w_rf_with_lags,0.09339864708765123
w_knn_without_lags,0.0007896724242020954
w_knn_with_lags,0.08084825693653265
w_xgb_without_lags,0.00013949146631624823
w_xgb_with_lags,0.05027766683233961
w_lgbm_without_lags,0.012244387484669881
w_lgbm_with_lags,0.021858035515518282
