model,weight
w_holt_winters_full,0.08397965387482619
w_holt_winters_cleaned,0.03480444212302983
w_rf_without_lags,0.06222785300089287
w_rf_with_lags,1.5568733088026573e-05
w_knn_without_lags,0.3176290372068685
w_knn_with_lags,0.31699137812383993
w_xgb_without_lags,0.04153155795796333
w_xgb_with_lags,0.000113280640391046
w_lgbm_without_lags,0.12613776671972549
w_lgbm_with_lags,0.016569461619374712
