model,weight
w_holt_winters_full,0.22863572360667858
w_holt_winters_cleaned,0.371638207295242
w_rf_without_lags,0.009630525397300483
w_rf_with_lags,0.005701163748164635
w_knn_without_lags,0.08681647688233257
w_knn_with_lags,0.002896806625369583
w_xgb_without_lags,0.25685776282306366
w_xgb_with_lags,0.0039919729899965724
w_lgbm_without_lags,0.033216005643261076
w_lgbm_with_lags,0.0006153549885907128
