model,weight
w_holt_winters_full,0.049480265825364245
w_holt_winters_cleaned,0.0001187797455063297
w_rf_without_lags,0.015635005064192888
w_rf_with_lags,0.018034565063271595
w_knn_without_lags,0.055260727983718
w_knn_with_lags,0.0643336347301112
w_xgb_without_lags,0.35262838995869306
w_xgb_with_lags,0.0342564999945432
w_lgbm_without_lags,0.34158472095513276
w_lgbm_with_lags,0.06866741067946677
