model,weight
w_holt_winters_full,0.0054919406104836045
w_holt_winters_cleaned,0.0901128646981994
w_rf_without_lags,0.008296834605377345
w_rf_with_lags,0.004257297755421318
w_knn_without_lags,0.25187111864358686
w_knn_with_lags,0.046690164689679806
w_xgb_without_lags,0.2423440466928238
w_xgb_with_lags,0.005581227389398406
w_lgbm_without_lags,0.3139851264372252
w_lgbm_with_lags,0.03136937847780427
