model,weight
w_holt_winters_full,0.03645579051859296
w_holt_winters_cleaned,0.04710050104024875
w_rf_without_lags,0.004041087776343532
w_rf_with_lags,0.24188878314478293
w_knn_without_lags,0.1387128870803792
w_knn_with_lags,0.26689223238090604
w_xgb_without_lags,0.01251472947710441
w_xgb_with_lags,0.04968516544820368
w_lgbm_without_lags,0.00040059787623128966
w_lgbm_with_lags,0.20230822525720715
