model,weight
w_holt_winters_full,0.30453235129894285
w_holt_winters_cleaned,0.024030196998071053
w_rf_without_lags,0.15314238154191234
w_rf_with_lags,0.15453098831255258
w_knn_without_lags,0.015966020138558912
w_knn_with_lags,0.0015944831790768816
w_xgb_without_lags,0.012718257443242295
w_xgb_with_lags,0.05076438613627249
w_lgbm_without_lags,0.0006451855915644781
w_lgbm_with_lags,0.2820757493598061
