model,weight
w_holt_winters_full,0.00040400526657903096
w_holt_winters_cleaned,0.011443424032079163
w_rf_without_lags,0.03153490774845356
w_rf_with_lags,0.256210914513128
w_knn_without_lags,0.0005614596895900286
w_knn_with_lags,0.23735157352562603
w_xgb_without_lags,0.007212011236137213
w_xgb_with_lags,0.2560177081210943
w_lgbm_without_lags,0.17386396790596143
w_lgbm_with_lags,0.02540002796135127
