model,weight
w_holt_winters_full,0.24758022702843435
w_holt_winters_cleaned,0.004958426179551597
w_rf_without_lags,0.010008944058616588
w_rf_with_lags,0.21857499717013532
w_knn_without_lags,0.22999654650802254
w_knn_with_lags,0.12032556385988272
w_xgb_without_lags,0.027861575655862135
w_xgb_with_lags,0.00873901659710922
w_lgbm_without_lags,0.028015833362821714
w_lgbm_with_lags,0.10393886957956389
