model,weight
w_holt_winters_full,0.3495267213147482
w_holt_winters_cleaned,0.19670872398503803
w_rf_without_lags,0.010687923948309112
w_rf_with_lags,0.06493060532466391
w_knn_without_lags,0.01538709309396355
w_knn_with_lags,0.33339023896207287
w_xgb_without_lags,0.007581874355743351
w_xgb_with_lags,1.0180155478600925e-05
w_lgbm_without_lags,0.0012864088355393829
w_lgbm_with_lags,0.020490230024442904
