model,weight
w_holt_winters_full,0.0017855220349103208
w_holt_winters_cleaned,0.2697443144037571
w_rf_without_lags,0.03660340044050531
w_rf_with_lags,0.00024016876234790087
w_knn_without_lags,0.3860539161938076
w_knn_with_lags,0.011069953350967792
w_xgb_without_lags,0.0006054647053706214
w_xgb_with_lags,0.0007708787281912596
w_lgbm_without_lags,0.29306971434003787
w_lgbm_with_lags,5.666704010416627e-05
