model,weight
w_holt_winters_full,0.2910973825100788
w_holt_winters_cleaned,0.1385229109996641
w_rf_without_lags,0.02451092310951574
w_rf_with_lags,0.005490983250714548
w_knn_without_lags,0.23178592141815565
w_knn_with_lags,0.08341726803910707
w_xgb_without_lags,0.00026263628511802203
w_xgb_with_lags,0.006158075776071317
w_lgbm_without_lags,0.21329589327614604
w_lgbm_with_lags,0.00545800533542871
