model,weight
w_holt_winters_full,0.03433224423434405
w_holt_winters_cleaned,0.34744385294705044
w_rf_without_lags,0.017069889351822836
w_rf_with_lags,0.13816865352557742
w_knn_without_lags,0.3128988294184997
w_knn_with_lags,0.03324765352317729
w_xgb_without_lags,0.0009299703775943298
w_xgb_with_lags,0.09836073567277435
w_lgbm_without_lags,0.009039554730015964
w_lgbm_with_lags,0.008508616219143726
