model,weight
w_holt_winters_full,0.2307939213891499
w_holt_winters_cleaned,0.30090225046978125
w_rf_without_lags,0.023197721621860647
w_rf_with_lags,0.007053853500074566
w_knn_without_lags,1.5012336653298024e-05
w_knn_with_lags,0.22484682003425924
w_xgb_without_lags,0.005938361997350056
w_xgb_with_lags,0.007888280686486344
w_lgbm_without_lags,0.04877457418165026
w_lgbm_with_lags,0.1505892037827345
