model,weight
w_holt_winters_full,0.07117445321075379
w_holt_winters_cleaned,0.11999111590660043
w_rf_without_lags,0.034431820890651006
w_rf_with_lags,0.24657807728107434
w_knn_without_lags,0.21700071028156187
w_knn_with_lags,0.04172257484954288
w_xgb_without_lags,0.2529283886224793
w_xgb_with_lags,0.0004139594510482167
w_lgbm_without_lags,0.014873452136493803
w_lgbm_with_lags,0.0008854473697945709
