model,weight
w_holt_winters_full,0.24324951579170076
w_holt_winters_cleaned,0.3345077661283583
w_rf_without_lags,0.02835316091788681
w_rf_with_lags,0.05128041413488985
w_knn_without_lags,0.014174110224082683
w_knn_with_lags,0.014326576595732509
w_xgb_without_lags,0.01326842496234043
w_xgb_with_lags,0.007665753574152642
w_lgbm_without_lags,0.21696149533241701
w_lgbm_with_lags,0.07621278233843906
