model,weight
w_holt_winters_full,0.18159489822808184
w_holt_winters_cleaned,0.21167491047030837
w_rf_without_lags,0.0001188431769637816
w_rf_with_lags,0.2988575930542321
w_knn_without_lags,0.008607253776980748
w_knn_with_lags,0.2555784562558025
w_xgb_without_lags,0.020988054323355397
w_xgb_with_lags,0.022405075296676367
w_lgbm_without_lags,6.295072781554782e-05
w_lgbm_with_lags,0.00011196468978339097
