model,weight
w_holt_winters_full,0.005966197690926231
w_holt_winters_cleaned,0.00018893598091504265
w_rf_without_lags,0.02927624214140248
w_rf_with_lags,0.02115313642192479
w_knn_without_lags,0.15988820802970108
w_knn_with_lags,0.021338529235432002
w_xgb_without_lags,0.016745898943905956
w_xgb_with_lags,0.20917997313649983
w_lgbm_without_lags,0.3039161737932763
w_lgbm_with_lags,0.2323467046260163
