model,weight
w_holt_winters_full,0.04873365421099393
w_holt_winters_cleaned,0.2923367011754619
w_rf_without_lags,0.06736727804913294
w_rf_with_lags,0.014346978899950699
w_knn_without_lags,0.08131761224393041
w_knn_with_lags,0.03548883789187849
w_xgb_without_lags,0.00027608648753434995
w_xgb_with_lags,0.3139676815245914
w_lgbm_without_lags,0.12771154048668723
w_lgbm_with_lags,0.018453629029838603
