model,weight
w_holt_winters_full,0.3575149065752103
w_holt_winters_cleaned,0.23243250672705323
w_rf_without_lags,0.07330298204518343
w_rf_with_lags,0.021085311841771953
w_knn_without_lags,0.160185290557948
w_knn_with_lags,0.019633762675031443
w_xgb_without_lags,2.892784752916972e-05
w_xgb_with_lags,0.03984352652775631
w_lgbm_without_lags,0.007283381805985885
w_lgbm_with_lags,0.08868940339653024
