model,weight
w_holt_winters_full,0.1449153928727189
w_holt_winters_cleaned,0.44538739364422775
w_rf_without_lags,0.01653921268733522
w_rf_with_lags,0.0008862484689440047
w_knn_without_lags,0.08142992079429351
w_knn_with_lags,0.00035808621475404037
w_xgb_without_lags,0.017571790663481277
w_xgb_with_lags,0.00804465606357935
w_lgbm_without_lags,0.2666391877340484
w_lgbm_with_lags,0.018228110856617512
