model,weight
w_holt_winters_full,0.0064032841214787415
w_holt_winters_cleaned,0.00018472697702636833
w_rf_without_lags,0.026821848949086947
w_rf_with_lags,0.35234275351966327
w_knn_without_lags,0.1499135136481857
w_knn_with_lags,0.05475817109090085
w_xgb_without_lags,0.09501704080456942
w_xgb_with_lags,0.00020184705461925593
w_lgbm_without_lags,0.011109736671067733
w_lgbm_with_lags,0.3032470771634016
