model,weight
w_holt_winters_full,0.33149546609412944
w_holt_winters_cleaned,0.19278620372810115
w_rf_without_lags,0.008071175630452369
w_rf_with_lags,0.06069594468216439
w_knn_without_lags,0.012167518085079206
w_knn_with_lags,0.021304254501744644
w_xgb_without_lags,0.00023930770470168618
w_xgb_with_lags,0.022346821613113757
w_lgbm_without_lags,0.0007788008704616743
w_lgbm_with_lags,0.35011450709005176
