model,weight
w_holt_winters_full,0.0002990672319111851
w_holt_winters_cleaned,0.0074524270237773605
w_rf_without_lags,0.051378600322010186
w_rf_with_lags,0.015545404657226192
w_knn_without_lags,0.09741603965479706
w_knn_with_lags,0.042532424011884985
w_xgb_without_lags,0.26750871637639995
w_xgb_with_lags,0.035027206370812546
w_lgbm_without_lags,0.3976871302821624
w_lgbm_with_lags,0.08515298406901814
