model,weight
w_holt_winters_full,0.011508031194380536
w_holt_winters_cleaned,0.015529973418147176
w_rf_without_lags,0.29850770811658783
w_rf_with_lags,0.007407000468333703
w_knn_without_lags,0.18955553592262883
w_knn_with_lags,0.04942189001118561
w_xgb_without_lags,0.3138240776077303
w_xgb_with_lags,0.009293361514592076
w_lgbm_without_lags,0.0776715167981282
w_lgbm_with_lags,0.02728090494828581
