model,weight
w_holt_winters_full,0.000308139712234558
w_holt_winters_cleaned,0.0001739054434927735
w_rf_without_lags,0.21024188486324188
w_rf_with_lags,0.09255873238741798
w_knn_without_lags,0.09018133806069274
w_knn_with_lags,0.14054274920662166
w_xgb_without_lags,0.207810126548459
w_xgb_with_lags,0.06667623247351044
w_lgbm_without_lags,0.17448884064157139
w_lgbm_with_lags,0.017018050662757456
