model,weight
w_holt_winters_full,0.035267569964015234
w_holt_winters_cleaned,0.005666870538222491
w_rf_without_lags,0.1802874870750802
w_rf_with_lags,0.02800334049789559
w_knn_without_lags,0.13709403427105016
w_knn_with_lags,0.05969705044652964
w_xgb_without_lags,0.3286715921749589
w_xgb_with_lags,0.002716371395594231
w_lgbm_without_lags,0.0057210672526304875
w_lgbm_with_lags,0.21687461638402294
