model,weight
w_holt_winters_full,0.13585264418467996
w_holt_winters_cleaned,0.07054728165027019
w_rf_without_lags,0.00019828238982338756
w_rf_with_lags,0.28013950825229217
w_knn_without_lags,0.038228527699871034
w_knn_with_lags,3.283793785222284e-05
w_xgb_without_lags,0.00016783265653196524
w_xgb_with_lags,0.26675552203434344
w_lgbm_without_lags,0.010029999067952761
w_lgbm_with_lags,0.1980475641263829
