model,weight
w_holt_winters_full,0.00017148032719412835
w_holt_winters_cleaned,0.10940334353312817
w_rf_without_lags,0.0005062408895720289
w_rf_with_lags,0.24327234742753184
w_knn_without_lags,0.20130668660000747
w_knn_with_lags,0.43837707320546476
w_xgb_without_lags,0.0026537327125912944
w_xgb_with_lags,0.0014380164105868936
w_lgbm_without_lags,0.0016230547922538897
w_lgbm_with_lags,0.0012480241016695358
