model,weight
w_holt_winters_full,0.30473368855680477
w_holt_winters_cleaned,0.3139446713476371
w_rf_without_lags,0.04272067758888517
w_rf_with_lags,0.04390053983096424
w_knn_without_lags,0.023666697929471542
w_knn_with_lags,0.13156439559314195
w_xgb_without_lags,0.011725150830284362
w_xgb_with_lags,0.024509642682992515
w_lgbm_without_lags,0.039610446345902064
w_lgbm_with_lags,0.06362408929391619
