model,weight
w_holt_winters_full,0.016333286090019813
w_holt_winters_cleaned,0.12888368053569146
w_rf_without_lags,0.02278941833874733
w_rf_with_lags,0.00029157988616401655
w_knn_without_lags,0.08149208488836698
w_knn_with_lags,0.03571488604710249
w_xgb_without_lags,0.3111370213536171
w_xgb_with_lags,0.03530952222616475
w_lgbm_without_lags,0.017767760335409995
w_lgbm_with_lags,0.3502807602987162
