model,weight
w_holt_winters_full,0.01040864979684066
w_holt_winters_cleaned,0.05059558022899656
w_rf_without_lags,0.25006059754429855
w_rf_with_lags,0.013432792570723339
w_knn_without_lags,4.493256290054886e-05
w_knn_with_lags,0.024192415795491272
w_xgb_without_lags,0.2640446990546666
w_xgb_with_lags,0.09270100380131502
w_lgbm_without_lags,0.293670281025483
w_lgbm_with_lags,0.0008490476192843472
