model,weight
w_holt_winters_full,0.49205003584265916
w_holt_winters_cleaned,0.197187650765419
w_rf_without_lags,0.0005367979752112425
w_rf_with_lags,0.023668311113509657
w_knn_without_lags,0.047301495743509184
w_knn_with_lags,0.01086715114742182
w_xgb_without_lags,0.021741569018701775
w_xgb_with_lags,0.008687247811564987
w_lgbm_without_lags,0.07411006740894632
w_lgbm_with_lags,0.12384967317305678
