model,weight
w_holt_winters_full,0.26385858594215333
w_holt_winters_cleaned,0.27339572751395025
w_rf_without_lags,0.018131435295697964
w_rf_with_lags,0.038651948617472474
w_knn_without_lags,0.1790437162489809
w_knn_with_lags,0.0009197752994474207
w_xgb_without_lags,0.06148111192785308
w_xgb_with_lags,0.1448765658612253
w_lgbm_without_lags,0.0008086792324301757
w_lgbm_with_lags,0.018832454060789074
