model,weight
w_holt_winters_full,0.03520829642469038
w_holt_winters_cleaned,0.02142995639476239
w_rf_without_lags,0.050329476252235626
w_rf_with_lags,0.13221757259805247
w_knn_without_lags,0.00010884835427077606
w_knn_with_lags,0.26458577530243343
w_xgb_without_lags,0.22971645995267634
w_xgb_with_lags,0.0004115192047493398
w_lgbm_without_lags,0.2657518363563246
w_lgbm_with_lags,0.00024025915980480659
