model,weight
w_holt_winters_full,0.08857704121532001
w_holt_winters_cleaned,0.027308827406743605
w_rf_without_lags,0.008637398957368675
w_rf_with_lags,0.23185891727173707
w_knn_without_lags,3.338752006349892e-05
w_knn_with_lags,0.04225239603379388
w_xgb_without_lags,0.05246617715721735
w_xgb_with_lags,0.2847477141414464
w_lgbm_without_lags,0.04975557941548082
w_lgbm_with_lags,0.21436256088082878
