model,weight
w_holt_winters_full,0.3095049520855305
w_holt_winters_cleaned,0.013306160494437285
w_rf_without_lags,0.07677119510677162
w_rf_with_lags,0.010228015233449714
w_knn_without_lags,0.45341965116092464
w_knn_with_lags,0.016251647749576797
w_xgb_without_lags,0.007276295262971783
w_xgb_with_lags,0.028084255112424135
w_lgbm_without_lags,0.035936489836830274
w_lgbm_with_lags,0.04922133795708316
