model,weight
w_holt_winters_full,0.00011302805437212975
w_holt_winters_cleaned,0.011861695595036706
w_rf_without_lags,0.018666724827104637
w_rf_with_lags,0.04819762913160105
w_knn_without_lags,0.023893052615227773
w_knn_with_lags,0.10497664051685562
w_xgb_without_lags,0.34890589420906865
w_xgb_with_lags,0.04651849512834871
w_lgbm_without_lags,0.38649339882395456
w_lgbm_with_lags,0.010373441098430173
