model,weight
w_holt_winters_full,0.3112916338892836
w_holt_winters_cleaned,0.08835815268149126
w_rf_without_lags,0.29203334554074334
w_rf_with_lags,0.007510371533745643
w_knn_without_lags,0.023988951390424996
w_knn_with_lags,0.008530244626692845
w_xgb_without_lags,0.007608372391717477
w_xgb_with_lags,0.02117733644829793
w_lgbm_without_lags,0.06433496021206919
w_lgbm_with_lags,0.17516663128553367
