model,weight
w_holt_winters_full,0.01873178323054438
w_holt_winters_cleaned,0.19590054290463044
w_rf_without_lags,0.2580246206368315
w_rf_with_lags,0.25575473247620933
w_knn_without_lags,0.00046303060906252943
w_knn_with_lags,0.0005074651628805679
w_xgb_without_lags,0.02004703109917486
w_xgb_with_lags,0.004021944785274519
w_lgbm_without_lags,0.1640615006415327
w_lgbm_with_lags,0.08248734845385917
