model,weight
w_holt_winters_full,0.02432852037138093
w_holt_winters_cleaned,0.2326126170652818
w_rf_without_lags,0.10511188164295764
w_rf_with_lags,0.01057092923884353
w_knn_without_lags,0.012690157761181518
w_knn_with_lags,0.3031210209931072
w_xgb_without_lags,0.26372614300665725
w_xgb_with_lags,2.107727691549452e-05
w_lgbm_without_lags,0.021778189879831135
w_lgbm_with_lags,0.02603946276384359
