model,weight
w_holt_winters_full,0.016574024176142038
w_holt_winters_cleaned,0.00014049740113449471
w_rf_without_lags,0.023170119622504013
w_rf_with_lags,0.06051537630092396
w_knn_without_lags,0.04959828190123879
w_knn_with_lags,0.4178852550513152
w_xgb_without_lags,0.02162006746605343
w_xgb_with_lags,0.15396970257668108
w_lgbm_without_lags,0.2557891863032779
w_lgbm_with_lags,0.0007374892007290761
