model,weight
w_holt_winters_full,0.023389036147307925
w_holt_winters_cleaned,3.2447520234808075e-05
w_rf_without_lags,0.07074021503107787
w_rf_with_lags,0.04901105411577134
w_knn_without_lags,0.27421319363103186
w_knn_with_lags,0.05511108991251027
w_xgb_without_lags,0.00019704946422212632
w_xgb_with_lags,0.0384862080811872
w_lgbm_without_lags,0.14882511133812848
w_lgbm_with_lags,0.33999459475852817
