model,weight
w_holt_winters_full,0.30484381138166866
w_holt_winters_cleaned,0.2838656063364299
w_rf_without_lags,0.014569432777674104
w_rf_with_lags,0.29324900525654346
w_knn_without_lags,0.006891392810755032
w_knn_with_lags,0.00803262235731817
w_xgb_without_lags,0.028253894529967728
w_xgb_with_lags,0.019162476226873944
w_lgbm_without_lags,0.01150372585329325
w_lgbm_with_lags,0.029628032469475818
