model,weight
w_holt_winters_full,0.17705004975541355
w_holt_winters_cleaned,0.03565091289017183
w_rf_without_lags,0.014509622908900089
w_rf_with_lags,0.03376907726844698
w_knn_without_lags,0.03507882303121013
w_knn_with_lags,0.02050915883298108
w_xgb_without_lags,0.04270007579550601
w_xgb_with_lags,0.5450709698351481
w_lgbm_without_lags,0.021216250017186442
w_lgbm_with_lags,0.07444505966503574
