model,weight
w_holt_winters_full,3.38927797527153e-05
w_holt_winters_cleaned,0.00018668437365871248
w_rf_without_lags,0.05093421177426226
w_rf_with_lags,0.017772092819651794
w_knn_without_lags,0.261365366307801
w_knn_with_lags,0.20885905321294898
w_xgb_without_lags,0.36029762798993853
w_xgb_with_lags,0.019379430065607363
w_lgbm_without_lags,0.007583382546506804
w_lgbm_with_lags,0.0735882581298718
