model,weight
w_holt_winters_full,0.46739937212259514
w_holt_winters_cleaned,0.2808973528259122
w_rf_without_lags,0.031687020935829556
w_rf_with_lags,0.024515983923571457
w_knn_without_lags,0.00555902539118297
w_knn_with_lags,0.026098811765480474
w_xgb_without_lags,0.020475836707509732
w_xgb_with_lags,0.06919289480871031
w_lgbm_without_lags,0.013395667537313227
w_lgbm_with_lags,0.06077803398189498
