model,weight
w_holt_winters_full,0.20391185706888212
w_holt_winters_cleaned,0.33374399738711497
w_rf_without_lags,0.000618117582460889
w_rf_with_lags,0.04969909028210844
w_knn_without_lags,0.08601373040011827
w_knn_with_lags,0.007952158235236923
w_xgb_without_lags,0.2025671413223799
w_xgb_with_lags,0.07940612912229789
w_lgbm_without_lags,0.015394302227703837
w_lgbm_with_lags,0.020693476371696683
