model,weight
w_holt_winters_full,0.04934268543432515
w_holt_winters_cleaned,0.0016750244696893519
w_rf_without_lags,0.3940316012998649
w_rf_with_lags,0.016884321919534106
w_knn_without_lags,0.34266566540389026
w_knn_with_lags,0.00766743335062969
w_xgb_without_lags,0.036216551559420544
w_xgb_with_lags,0.0006340392028237571
w_lgbm_without_lags,0.1215347755646187
w_lgbm_with_lags,0.029347901795203447
