model,weight
w_holt_winters_full,0.028608031559979097
w_holt_winters_cleaned,0.12233660228786133
w_rf_without_lags,0.00035311545667789156
w_rf_with_lags,0.032862908747292266
w_knn_without_lags,0.03556031185646062
w_knn_with_lags,0.007738688532958925
w_xgb_without_lags,0.35633668990522616
w_xgb_with_lags,0.3735922087395922
w_lgbm_without_lags,0.0029085771316791557
w_lgbm_with_lags,0.039702865782272403
