model,weight
w_holt_winters_full,0.43897812653369533
w_holt_winters_cleaned,0.03966379183150912
w_rf_without_lags,0.017299467400271145
w_rf_with_lags,0.04204299888506368
w_knn_without_lags,0.010699536881004319
w_knn_with_lags,0.42167666732532777
w_xgb_without_lags,0.005604556287716343
w_xgb_with_lags,0.0021559861645297964
w_lgbm_without_lags,0.020721607280014025
w_lgbm_with_lags,0.0011572614108684082
