model,weight
w_holt_winters_full,0.07263582197195247
w_holt_winters_cleaned,0.005150346836947573
w_rf_without_lags,0.054536560210790605
w_rf_with_lags,0.01698695147144522
w_knn_without_lags,0.0005456471612508887
w_knn_with_lags,0.005760599734358952
w_xgb_without_lags,0.3032241495175498
w_xgb_with_lags,0.27807647586183604
w_lgbm_without_lags,0.26296504755621447
w_lgbm_with_lags,0.00011839967765416883
