model,weight
w_holt_winters_full,0.23623437780293915
w_holt_winters_cleaned,0.340886735744576
w_rf_without_lags,0.03309764117618148
w_rf_with_lags,0.00417240218454907
w_knn_without_lags,0.006431778873967561
w_knn_with_lags,0.05077223590581648
w_xgb_without_lags,0.01390332589318564
w_xgb_with_lags,0.05741197132946083
w_lgbm_without_lags,0.12841993690541098
w_lgbm_with_lags,0.12866959418391255
