model,weight
w_holt_winters_full,0.016922215280331335
w_holt_winters_cleaned,0.021004919024023225
w_rf_without_lags,0.29854419938458665
w_rf_with_lags,0.17990353864867029
w_knn_without_lags,0.00010310085687565153
w_knn_with_lags,0.00021189918950913144
w_xgb_without_lags,0.04258577324792724
w_xgb_with_lags,0.07478722836273188
w_lgbm_without_lags,0.3325667874267597
w_lgbm_with_lags,0.03337033857858491
