model,weight
w_holt_winters_full,0.33761198136386544
w_holt_winters_cleaned,0.4521870560457414
w_rf_without_lags,0.00036704768140268835
w_rf_with_lags,0.02378844826674226
w_knn_without_lags,0.05538382243305357
w_knn_with_lags,0.03225530887146112
w_xgb_without_lags,0.042484988487983835
w_xgb_with_lags,0.017243961442243775
w_lgbm_without_lags,0.03867055532585644
w_lgbm_with_lags,6.830081649488136e-06
