model,weight
w_holt_winters_full,0.0007248626932407586
w_holt_winters_cleaned,3.9137064814481874e-05
w_rf_without_lags,0.030121095142515934
w_rf_with_lags,0.011178619566717278
w_knn_without_lags,0.6216687137628608
w_knn_with_lags,0.10092227944700499
w_xgb_without_lags,0.052454142926239906
w_xgb_with_lags,0.03253681198469428
w_lgbm_without_lags,0.03767588351525465
w_lgbm_with_lags,0.11267845389665691
