model,weight
w_holt_winters_full,0.22730800409358845
w_holt_winters_cleaned,0.22706455574216536
w_rf_without_lags,0.00686140969536381
w_rf_with_lags,0.08325923609737593
w_knn_without_lags,0.005984504252649578
w_knn_with_lags,0.20235248026981126
w_xgb_without_lags,0.22656256458827564
w_xgb_with_lags,0.009764641974338345
w_lgbm_without_lags,0.004558309540393461
w_lgbm_with_lags,0.0062842937460383065
