model,weight
w_holt_winters_full,0.0446930854875561
w_holt_winters_cleaned,0.023405185559678687
w_rf_without_lags,0.002997108500274458
w_rf_with_lags,0.07301935508172655
w_knn_without_lags,0.0007710503298131734
w_knn_with_lags,0.017367136023828906
w_xgb_without_lags,0.38056402464709493
w_xgb_with_lags,0.00021732041272673217
w_lgbm_without_lags,0.3792285969462485
w_lgbm_with_lags,0.0777371370110518
