model,weight
w_holt_winters_full,0.03880188294052815
w_holt_winters_cleaned,0.052078454588031065
w_rf_without_lags,0.007531498656407737
w_rf_with_lags,0.0002634632880483838
w_knn_without_lags,0.014198843762751904
w_knn_with_lags,0.0002458312313613377
w_xgb_without_lags,0.3466419893687627
w_xgb_with_lags,0.2928624335795152
w_lgbm_without_lags,0.24713597955557073
w_lgbm_with_lags,0.00023962302902281942
