model,weight
w_holt_winters_full,0.0005659978178266441
w_holt_winters_cleaned,0.0010703245331359075
w_rf_without_lags,0.0007255287059620087
w_rf_with_lags,0.19537694582815107
w_knn_without_lags,0.0012261499465637353
w_knn_with_lags,0.03022855134590274
w_xgb_without_lags,0.051235531672738234
w_xgb_with_lags,0.3729148820897794
w_lgbm_without_lags,0.030525851140595885
w_lgbm_with_lags,0.3161302369193444
