model,weight
w_holt_winters_full,0.39934017568135166
w_holt_winters_cleaned,0.10862965462888702
w_rf_without_lags,0.0011451782010238692
w_rf_with_lags,0.0913194967888254
w_knn_without_lags,0.0011094948184293466
w_knn_with_lags,0.028116557798269166
w_xgb_without_lags,0.0002934416033443247
w_xgb_with_lags,0.13795389554770773
w_lgbm_without_lags,0.17853738012444098
w_lgbm_with_lags,0.05355472480772049
