model,weight
w_holt_winters_full,0.23611365350970867
w_holt_winters_cleaned,0.21963809323137273
w_rf_without_lags,0.008177622413711632
w_rf_with_lags,0.033198230830028555
w_knn_without_lags,0.09248994267294228
w_knn_with_lags,0.08311589364228354
w_xgb_without_lags,0.00023401832572556532
w_xgb_with_lags,0.008586299473537956
w_lgbm_without_lags,0.3182153744528582
w_lgbm_with_lags,0.00023087144783097945
