model,weight
w_holt_winters_full,0.004828616602439281
w_holt_winters_cleaned,0.1622988600557193
w_rf_without_lags,0.04976418167911046
w_rf_with_lags,0.015454090650415614
w_knn_without_lags,0.009608604424116315
w_knn_with_lags,0.02201387461577756
w_xgb_without_lags,0.257528366938155
w_xgb_with_lags,0.002192007038355707
w_lgbm_without_lags,0.2288562618259576
w_lgbm_with_lags,0.24745513616995307
