model,weight
w_holt_winters_full,0.0197500152688122
w_holt_winters_cleaned,0.02851381504568392
w_rf_without_lags,0.18672610722631042
w_rf_with_lags,0.00016630607949456638
w_knn_without_lags,0.27601523856305654
w_knn_with_lags,0.10205669167838412
w_xgb_without_lags,0.05144055574564966
w_xgb_with_lags,0.2701571917440636
w_lgbm_without_lags,0.06487797821577816
w_lgbm_with_lags,0.00029610043276687023
