model,weight
w_holt_winters_full,0.0007428312202029257
w_holt_winters_cleaned,0.006595893635994355
w_rf_without_lags,0.01643496352096408
w_rf_with_lags,0.07925793816560733
w_knn_without_lags,0.4193785018077196
w_knn_with_lags,0.007403472160156025
w_xgb_without_lags,0.06472740973193324
w_xgb_with_lags,0.05002509969219459
w_lgbm_without_lags,0.3378136830934422
w_lgbm_with_lags,0.017620206971785624
