model,weight
w_holt_winters_full,0.0003443756329210016
w_holt_winters_cleaned,0.006250423763393363
w_rf_without_lags,0.04461355835754738
w_rf_with_lags,0.31306899587763476
w_knn_without_lags,0.09988910578994332
w_knn_with_lags,0.03616695361273559
w_xgb_without_lags,0.0754916313361455
w_xgb_with_lags,0.024829342062336134
w_lgbm_without_lags,0.3105703855632737
w_lgbm_with_lags,0.08877522800406924
