model,weight
w_holt_winters_full,0.21518161715005008
w_holt_winters_cleaned,0.19507991060626909
w_rf_without_lags,0.014279962297909283
w_rf_with_lags,0.03839311529147341
w_knn_without_lags,0.005916987364992825
w_knn_with_lags,0.01616336463252459
w_xgb_without_lags,0.32322550868969757
w_xgb_with_lags,0.010923984598275071
w_lgbm_without_lags,0.007867365223759226
w_lgbm_with_lags,0.17296818414504886
