model,weight
w_holt_winters_full,0.4990461399541977
w_holt_winters_cleaned,0.0723167126934248
w_rf_without_lags,0.039940021089218715
w_rf_with_lags,0.0009337729635403602
w_knn_without_lags,0.03476647572190303
w_knn_with_lags,0.02389910257991082
w_xgb_without_lags,0.1794957679301465
w_xgb_with_lags,0.010129758362844242
w_lgbm_without_lags,0.12996003704709078
w_lgbm_with_lags,0.009512211657722907
