model,weight
w_holt_winters_full,0.09352559804330038
w_holt_winters_cleaned,0.015311083313552213
w_rf_without_lags,0.10818053184663971
w_rf_with_lags,0.009024562888437736
w_knn_without_lags,0.19903873743944717
w_knn_with_lags,0.09809807187689029
w_xgb_without_lags,0.19149511711501774
w_xgb_with_lags,0.010141053714419698
w_lgbm_without_lags,0.2591056485627251
w_lgbm_with_lags,0.016079595199570137
