model,weight
w_holt_winters_full,0.014171573550009826
w_holt_winters_cleaned,0.052882306387090024
w_rf_without_lags,0.21913718121362746
w_rf_with_lags,0.12280675538095165
w_knn_without_lags,0.2180730630013173
w_knn_with_lags,0.009326504608605967
w_xgb_without_lags,0.0027817090070273247
w_xgb_with_lags,0.02484920308345745
w_lgbm_without_lags,0.3359145111590192
w_lgbm_with_lags,5.719260889368214e-05
