model,weight
w_holt_winters_full,0.027827983958173957
w_holt_winters_cleaned,0.088548876848971
w_rf_without_lags,0.010007985470297602
w_rf_with_lags,0.2388269717506906
w_knn_without_lags,0.26452799179826425
w_knn_with_lags,0.00542450362588727
w_xgb_without_lags,0.015804089545536294
w_xgb_with_lags,0.08332764083074665
w_lgbm_without_lags,0.019854352741983723
w_lgbm_with_lags,0.24584960342944878
