model,weight
w_holt_winters_full,0.1346937759743074
w_holt_winters_cleaned,0.0005981451898036914
w_rf_without_lags,0.4093085662468483
w_rf_with_lags,0.2516176866434771
w_knn_without_lags,0.06579641483554395
w_knn_with_lags,0.00015114810537267192
w_xgb_without_lags,0.024307030283871222
w_xgb_with_lags,0.02041330494053225
w_lgbm_without_lags,0.02075582258504187
w_lgbm_with_lags,0.07235810519520142
