model,weight
w_holt_winters_full,0.35783726415632905
w_holt_winters_cleaned,0.3794948656851649
w_rf_without_lags,0.0006877258274389046
w_rf_with_lags,0.0485676615029281
w_knn_without_lags,0.07276927125787717
w_knn_with_lags,0.052877787290883306
w_xgb_without_lags,0.0005971009602637351
w_xgb_with_lags,0.009737600886252955
w_lgbm_without_lags,0.05509601718997729
w_lgbm_with_lags,0.022334705242884507
