model,weight
w_holt_winters_full,0.0018052102120576638
w_holt_winters_cleaned,0.042389756819908656
w_rf_without_lags,0.35421501117497567
w_rf_with_lags,0.03030769353532915
w_knn_without_lags,0.15756239110510029
w_knn_with_lags,0.000698518026969111
w_xgb_without_lags,0.26466486290179664
w_xgb_with_lags,0.03377516932117873
w_lgbm_without_lags,0.10332477882271097
w_lgbm_with_lags,0.011256608079973224
