model,weight
w_holt_winters_full,0.06577442627626082
w_holt_winters_cleaned,0.06727232609793991
w_rf_without_lags,0.10707510651237816
w_rf_with_lags,0.014466340637535633
w_knn_without_lags,0.32818343055947136
w_knn_with_lags,0.0076606101292133275
w_xgb_without_lags,0.29491671306150885
w_xgb_with_lags,0.007447395767365849
w_lgbm_without_lags,0.07509976656857857
w_lgbm_with_lags,0.032103884389747664
