model,weight
w_holt_winters_full,0.023136997132155755
w_holt_winters_cleaned,0.0007669384762300476
w_rf_without_lags,0.28416607805120087
w_rf_with_lags,0.012261660322892108
w_knn_without_lags,0.2793732810590802
w_knn_with_lags,0.009650599766581077
w_xgb_without_lags,0.24230800798053664
w_xgb_with_lags,0.12015248362147132
w_lgbm_without_lags,0.006757849582361001
w_lgbm_with_lags,0.021426104007491245
