model,weight
w_holt_winters_full,0.012082362493818857
w_holt_winters_cleaned,0.018111237355659927
w_rf_without_lags,0.000726281809512464
w_rf_with_lags,0.013673793835029629
w_knn_without_lags,0.06606627817659101
w_knn_with_lags,0.0002961492399772016
w_xgb_without_lags,0.39236450718261645
w_xgb_with_lags,0.4272847270102727
w_lgbm_without_lags,0.02688177700990057
w_lgbm_with_lags,0.04251288588662106
