model,weight
w_holt_winters_full,0.25572159672862355
w_holt_winters_cleaned,0.4795754663855821
w_rf_without_lags,0.07841117409476267
w_rf_with_lags,0.014339543349325233
w_knn_without_lags,0.024581635927176694
w_knn_with_lags,0.03776966573106681
w_xgb_without_lags,0.006500180938997427
w_xgb_with_lags,0.1005052761163987
w_lgbm_without_lags,0.0019051919053577264
w_lgbm_with_lags,0.0006902688227090712
