model,weight
w_holt_winters_full,0.290464075263501
w_holt_winters_cleaned,0.24994401081881995
w_rf_without_lags,0.01943440287166081
w_rf_with_lags,0.024188716326602324
w_knn_without_lags,0.007487391293893546
w_knn_with_lags,0.003466539239384827
w_xgb_without_lags,0.016342790111969714
w_xgb_with_lags,0.03832038454680075
w_lgbm_without_lags,0.05164878140630305
w_lgbm_with_lags,0.29870290812106404
