model,weight
w_holt_winters_full,0.33895421991966856
w_holt_winters_cleaned,0.1412714253472739
w_rf_without_lags,3.0066546182628266e-05
w_rf_with_lags,0.027081723204326797
w_knn_without_lags,0.013903274953051749
w_knn_with_lags,0.3979042238955366
w_xgb_without_lags,0.00032671165600993077
w_xgb_with_lags,0.017477273074869033
w_lgbm_without_lags,0.062481114323069374
w_lgbm_with_lags,0.0005699670800114467
