model,weight
w_holt_winters_full,0.00034278350257678064
w_holt_winters_cleaned,0.10656033440853202
w_rf_without_lags,9.818638673881128e-05
w_rf_with_lags,0.09003956166776236
w_knn_without_lags,0.31129271507247386
w_knn_with_lags,0.32407667237430143
w_xgb_without_lags,7.04763439033442e-06
w_xgb_with_lags,0.020356580696859666
w_lgbm_without_lags,0.006730530450678552
w_lgbm_with_lags,0.14049558780568627
