model,weight
w_holt_winters_full,0.006060210710546857
w_holt_winters_cleaned,0.0005332328040033028
w_rf_without_lags,0.17386140785542212
w_rf_with_lags,0.11998167554219524
w_knn_without_lags,0.027481872139442684
w_knn_with_lags,0.08008669632273893
w_xgb_without_lags,0.2532462927257614
w_xgb_with_lags,0.1580619800389528
w_lgbm_without_lags,0.0006303394270678369
w_lgbm_with_lags,0.18005629243386873
