model,weight
w_holt_winters_full,0.0006612624012473668
w_holt_winters_cleaned,0.01369647904612046
w_rf_without_lags,0.05581408753536572
w_rf_with_lags,0.06918863371193464
w_knn_without_lags,0.008897679682034266
w_knn_with_lags,0.42072169801902953
w_xgb_without_lags,0.0011688792558254128
w_xgb_with_lags,0.4003923889402132
w_lgbm_without_lags,0.012067722511316648
w_lgbm_with_lags,0.01739116889691275
