model,weight
w_holt_winters_full,0.5971231716225122
w_holt_winters_cleaned,0.21425423980882313
w_rf_without_lags,0.0019059122347834451
w_rf_with_lags,0.0009206101005768267
w_knn_without_lags,0.00998709123613148
w_knn_with_lags,0.023308706815231586
w_xgb_without_lags,0.12406010435652685
w_xgb_with_lags,0.0004712987539869487
w_lgbm_without_lags,0.0274391326434302
w_lgbm_with_lags,0.00052973242799739
