model,weight
w_holt_winters_full,0.01941067189811888
w_holt_winters_cleaned,0.1753155729857211
w_rf_without_lags,0.0010273317173404026
w_rf_with_lags,0.005738906393087841
w_knn_without_lags,0.07198330672289205
w_knn_with_lags,0.010506479983338143
w_xgb_without_lags,0.32055296240702075
w_xgb_with_lags,0.10783988015704828
w_lgbm_without_lags,0.04009126600463769
w_lgbm_with_lags,0.24753362173079485
