model,weight
w_holt_winters_full,0.13542114124631668
w_holt_winters_cleaned,0.24720275566975708
w_rf_without_lags,0.030230084241317966
w_rf_with_lags,0.0434711895784888
w_knn_without_lags,0.005870623799718615
w_knn_with_lags,0.00032485910201083347
w_xgb_without_lags,0.14337020795103933
w_xgb_with_lags,0.2299361559539076
w_lgbm_without_lags,0.08629532271773938
w_lgbm_with_lags,0.07787765973970379
