model,weight
w_holt_winters_full,0.09802026727886223
w_holt_winters_cleaned,0.05908523960068209
w_rf_without_lags,0.03332233784981721
w_rf_with_lags,0.00011188650999897628
w_knn_without_lags,0.3115645968596141
w_knn_with_lags,0.009167544061972139
w_xgb_without_lags,0.3059918414081362
w_xgb_with_lags,0.05959113613392149
w_lgbm_without_lags,0.029223197250252058
w_lgbm_with_lags,0.09392195304674346
