model,weight
w_holt_winters_full,0.002434611961001602
w_holt_winters_cleaned,0.00012563215196416218
w_rf_without_lags,0.22712003970804293
w_rf_with_lags,0.19739396411734086
w_knn_without_lags,0.026818409737876962
w_knn_with_lags,0.0193461640552342
w_xgb_without_lags,0.03080778686385202
w_xgb_with_lags,0.225838380313651
w_lgbm_without_lags,0.03662156171901969
w_lgbm_with_lags,0.23349344937201652
