model,weight
w_holt_winters_full,0.008879870136658499
w_holt_winters_cleaned,0.02785847735147887
w_rf_without_lags,0.24669994900209233
w_rf_with_lags,0.0305914967626689
w_knn_without_lags,0.006173597548482657
w_knn_with_lags,0.0012649061074375505
w_xgb_without_lags,0.02629677968767156
w_xgb_with_lags,0.20355649331162332
w_lgbm_without_lags,0.015251395178256464
w_lgbm_with_lags,0.43342703491362977
