model,weight
w_holt_winters_full,0.34037277499968316
w_holt_winters_cleaned,0.35258845811528705
w_rf_without_lags,0.0032249375964367158
w_rf_with_lags,0.0026547754333091475
w_knn_without_lags,0.0464056476629398
w_knn_with_lags,0.003432745401104418
w_xgb_without_lags,0.0653619997380869
w_xgb_with_lags,0.07137328957389498
w_lgbm_without_lags,0.011428509205464723
w_lgbm_with_lags,0.10315686227379306
