model,weight
w_holt_winters_full,0.01246885380303101
w_holt_winters_cleaned,0.000769897931796965
w_rf_without_lags,0.04498457505015533
w_rf_with_lags,0.02197812219112139
w_knn_without_lags,0.2925356763997424
w_knn_with_lags,0.1240209524894881
w_xgb_without_lags,0.46604020848733013
w_xgb_with_lags,0.017051701187821466
w_lgbm_without_lags,0.014001363769841976
w_lgbm_with_lags,0.006148648689671414
