model,weight
w_holt_winters_full,0.001497398169758966
w_holt_winters_cleaned,0.006175225136345789
w_rf_without_lags,0.010479915185871434
w_rf_with_lags,0.03382035338037606
w_knn_without_lags,0.2815361673476113
w_knn_with_lags,0.19308293294329965
w_xgb_without_lags,0.00020123411581725325
w_xgb_with_lags,0.0918392470661566
w_lgbm_without_lags,0.13975557934722882
w_lgbm_with_lags,0.2416119473075342
