model,weight
w_holt_winters_full,0.0003330482300604359
w_holt_winters_cleaned,0.025029090079707845
w_rf_without_lags,0.1520729944071646
w_rf_with_lags,0.02678820882079071
w_knn_without_lags,0.5512407981768219
w_knn_with_lags,0.06063258363068715
w_xgb_without_lags,0.03411295801179364
w_xgb_with_lags,0.006983543512170001
w_lgbm_without_lags,0.08438433462155298
w_lgbm_with_lags,0.058422440509250786
