model,weight
w_holt_winters_full,0.05494501675981441
w_holt_winters_cleaned,0.045844807582735986
w_rf_without_lags,0.3954578473964915
w_rf_with_lags,1.3720200990991194e-05
w_knn_without_lags,0.015215863524555045
w_knn_with_lags,0.039717553941700054
w_xgb_without_lags,0.015220604000205074
w_xgb_with_lags,0.08916565975900434
w_lgbm_without_lags,0.33778813883573455
w_lgbm_with_lags,0.006630787998768181
