model,weight
w_holt_winters_full,0.2195329469628508
w_holt_winters_cleaned,0.27950320778695253
w_rf_without_lags,0.14708147144189615
w_rf_with_lags,1.1676613607093834e-05
w_knn_without_lags,0.01740548141390691
w_knn_with_lags,0.029398278166663024
w_xgb_without_lags,0.25684995198723776
w_xgb_with_lags,0.01111526934133872
w_lgbm_without_lags,0.0326699749170352
w_lgbm_with_lags,0.006431741368511731
