model,weight
w_holt_winters_full,0.005041318470348597
w_holt_winters_cleaned,1.8234488950584053e-05
w_rf_without_lags,0.3214461309847198
w_rf_with_lags,0.011031972737218903
w_knn_without_lags,0.01550671743702657
w_knn_with_lags,0.016490570339126254
w_xgb_without_lags,0.010188372927675228
w_xgb_with_lags,0.2747851260757592
w_lgbm_without_lags,0.028794783427834186
w_lgbm_with_lags,0.3166967731113407
