model,weight
w_holt_winters_full,0.1459899987891796
w_holt_winters_cleaned,0.25983840590620433
w_rf_without_lags,0.017109066258396
w_rf_with_lags,4.7755816449521474e-05
w_knn_without_lags,0.2897120993512812
w_knn_with_lags,0.044845001606553525
w_xgb_without_lags,5.265983751334591e-05
w_xgb_with_lags,8.40485751672707e-05
w_lgbm_without_lags,0.015057663350963518
w_lgbm_with_lags,0.22726330050829177
