model,weight
w_holt_winters_full,0.010705758915678133
w_holt_winters_cleaned,0.4046549919820082
w_rf_without_lags,0.009302047070734076
w_rf_with_lags,0.23906281814026303
w_knn_without_lags,0.03980461589379845
w_knn_with_lags,0.1377869933775234
w_xgb_without_lags,0.11078609627814164
w_xgb_with_lags,0.009922440147593106
w_lgbm_without_lags,0.010743755371349261
w_lgbm_with_lags,0.027230482822910688
