model,weight
w_holt_winters_full,0.2526479306990268
w_holt_winters_cleaned,0.22251206143418142
w_rf_without_lags,0.006375012163580041
w_rf_with_lags,0.05584877273485179
w_knn_without_lags,0.0007738482928091213
w_knn_with_lags,0.09032622721272332
w_xgb_without_lags,0.06719268068327573
w_xgb_with_lags,0.10706866471104082
w_lgbm_without_lags,0.00020634292384877175
w_lgbm_with_lags,0.1970484591446621
