model,weight
w_holt_winters_full,0.5005656130561842
w_holt_winters_cleaned,0.11112755078057182
w_rf_without_lags,0.0004830022458515927
w_rf_with_lags,0.0009519767890212765
w_knn_without_lags,0.10972166613729042
w_knn_with_lags,0.06504737826695102
w_xgb_without_lags,0.06495813308410758
w_xgb_with_lags,0.1191340833095553
w_lgbm_without_lags,0.012969129970031064
w_lgbm_with_lags,0.015041466360435723
