model,weight
w_holt_winters_full,0.48048484263923735
w_holt_winters_cleaned,0.054883709327853254
w_rf_without_lags,0.001311937041193149
w_rf_with_lags,0.04242862940503009
w_knn_without_lags,0.03243060726322599
w_knn_with_lags,0.00040684511489399343
w_xgb_without_lags,0.008573372067371942
w_xgb_with_lags,0.257343190779209
w_lgbm_without_lags,0.09854237757662505
w_lgbm_with_lags,0.023594488785360065
