model,weight
w_holt_winters_full,0.03199922025985334
w_holt_winters_cleaned,0.1796981581265366
w_rf_without_lags,0.013389922563010663
w_rf_with_lags,0.04273954686492645
w_knn_without_lags,0.010887018618717418
w_knn_with_lags,0.007010945428079497
w_xgb_without_lags,0.046193511615750894
w_xgb_with_lags,0.39036857667676916
w_lgbm_without_lags,0.012574051453746987
w_lgbm_with_lags,0.2651390483926089
