model,weight
w_holt_winters_full,0.006296353501424109
w_holt_winters_cleaned,0.006198491113805246
w_rf_without_lags,0.15033511149081918
w_rf_with_lags,0.015765491934235747
w_knn_without_lags,0.2539570194763257
w_knn_with_lags,0.11946085085850583
w_xgb_without_lags,0.11446030759429647
w_xgb_with_lags,0.02902421990610221
w_lgbm_without_lags,0.25325499341257074
w_lgbm_with_lags,0.051247160711914735
