model,weight
w_holt_winters_full,0.037470080742521866
w_holt_winters_cleaned,0.03000842840262642
w_rf_without_lags,0.007577696051725979
w_rf_with_lags,0.09052641267913537
w_knn_without_lags,0.16191890108898246
w_knn_with_lags,0.07384162511469172
w_xgb_without_lags,0.46925652248956967
w_xgb_with_lags,0.00012316143450443763
w_lgbm_without_lags,0.095903931004311
w_lgbm_with_lags,0.03337324099193097
