model,weight
w_holt_winters_full,0.024035964029393113
w_holt_winters_cleaned,0.0008311308054099832
w_rf_without_lags,0.06692120702470321
w_rf_with_lags,0.3661155715642849
w_knn_without_lags,0.44033880211363824
w_knn_with_lags,0.02648963374210713
w_xgb_without_lags,0.0007306514397085241
w_xgb_with_lags,0.03299528502967791
w_lgbm_without_lags,0.04069935656041771
w_lgbm_with_lags,0.00084239769065917
