model,weight
w_holt_winters_full,0.03648987367725125
w_holt_winters_cleaned,0.021987494213643537
w_rf_without_lags,0.29372434989920027
w_rf_with_lags,0.016197212816733534
w_knn_without_lags,0.1864250603854501
w_knn_with_lags,0.16106388048252182
w_xgb_without_lags,1.758551958680997e-05
w_xgb_with_lags,0.004637960195583922
w_lgbm_without_lags,0.25999112077965353
w_lgbm_with_lags,0.019465462030375278
