model,weight
w_holt_winters_full,0.00840900896290365
w_holt_winters_cleaned,0.00027580501695613876
w_rf_without_lags,0.02112150468796914
w_rf_with_lags,0.04325944873229964
w_knn_without_lags,0.4289152705789041
w_knn_with_lags,0.005882373879073208
w_xgb_without_lags,0.03473605040392586
w_xgb_with_lags,0.010306476185984232
w_lgbm_without_lags,0.09069102592515185
w_lgbm_with_lags,0.35640303562683223
