model,weight
w_holt_winters_full,0.03701064263640804
w_holt_winters_cleaned,0.000518295044594056
w_rf_without_lags,0.00013654367168291988
w_rf_with_lags,0.3274644779928805
w_knn_without_lags,0.025046541068853533
w_knn_with_lags,0.007521475947280718
w_xgb_without_lags,0.04722157618318968
w_xgb_with_lags,0.435715061161286
w_lgbm_without_lags,0.038771892138376576
w_lgbm_with_lags,0.08059349415544804
