model,weight
w_holt_winters_full,0.016084287589338976
w_holt_winters_cleaned,0.03211844815370492
w_rf_without_lags,0.025890731376382654
w_rf_with_lags,0.016736017590247648
w_knn_without_lags,0.11908091310485629
w_knn_with_lags,0.32028914778189327
w_xgb_without_lags,0.004046428431533233
w_xgb_with_lags,0.18538903977944518
w_lgbm_without_lags,0.02212867441329777
w_lgbm_with_lags,0.2582363117792999
