model,weight
w_holt_winters_full,0.014312708780222857
w_holt_winters_cleaned,0.010394037713950843
w_rf_without_lags,0.4901128497532272
w_rf_with_lags,0.049362406125705346
w_knn_without_lags,0.1388584716465115
w_knn_with_lags,0.10043177256945979
w_xgb_without_lags,0.07702498265967607
w_xgb_with_lags,0.00039246459509645283
w_lgbm_without_lags,0.06065160687140839
w_lgbm_with_lags,0.058458699284741455
