model,weight
w_holt_winters_full,0.052767814320716554
w_holt_winters_cleaned,0.0685221290088285
w_rf_without_lags,0.007042550732494055
w_rf_with_lags,0.00042022372091336194
w_knn_without_lags,0.4067528408682527
w_knn_with_lags,0.030801437094474075
w_xgb_without_lags,0.000920038181464436
w_xgb_with_lags,2.1587432226836836e-06
w_lgbm_without_lags,0.03203592911998264
w_lgbm_with_lags,0.4007348782096509
