model,weight
w_holt_winters_full,0.33108359201119675
w_holt_winters_cleaned,0.0868818576232702
w_rf_without_lags,0.044973685455710885
w_rf_with_lags,0.04805132452197496
w_knn_without_lags,0.035821066456934586
w_knn_with_lags,0.007790655283373416
w_xgb_without_lags,0.06427832685816541
w_xgb_with_lags,0.012751375308172448
w_lgbm_without_lags,0.3610556905744664
w_lgbm_with_lags,0.007312425906734915
