model,weight
w_holt_winters_full,0.19098804565684865
w_holt_winters_cleaned,0.04478656535209693
w_rf_without_lags,0.034837301151577384
w_rf_with_lags,0.005834722410849446
w_knn_without_lags,0.13988367136026106
w_knn_with_lags,0.004474954739612581
w_xgb_without_lags,0.016698361089686437
w_xgb_with_lags,0.00042650409440018783
w_lgbm_without_lags,0.2721582082753932
w_lgbm_with_lags,0.2899116658692742
