model,weight
w_holt_winters_full,0.047160141911670964
w_holt_winters_cleaned,0.16686637895057885
w_rf_without_lags,0.033402996099890905
w_rf_with_lags,0.015912170194159886
w_knn_without_lags,0.00038176563982476685
w_knn_with_lags,0.0008168402368879608
w_xgb_without_lags,0.3747495702157823
w_xgb_with_lags,0.026644987910562815
w_lgbm_without_lags,0.3328013655325123
w_lgbm_with_lags,0.001263783308129227
