model,weight
w_holt_winters_full,0.2808556911874291
w_holt_winters_cleaned,0.07824237120656934
w_rf_without_lags,0.06401021908792753
w_rf_with_lags,0.0014043862741174918
w_knn_without_lags,0.2506753047557249
w_knn_with_lags,0.23431804119332847
w_xgb_without_lags,0.04396975893922838
w_xgb_with_lags,0.018459089059632325
w_lgbm_without_lags,0.005746055258910307
w_lgbm_with_lags,0.02231908303713218
