model,weight
w_holt_winters_full,0.2365541225578832
w_holt_winters_cleaned,0.2233313513584921
w_rf_without_lags,0.007095251198825936
w_rf_with_lags,0.02820602994021185
w_knn_without_lags,0.04733474581305792
w_knn_with_lags,0.011078156642603353
w_xgb_without_lags,0.015493287599876253
w_xgb_with_lags,0.2788946776836626
w_lgbm_without_lags,0.021999685754470855
w_lgbm_with_lags,0.13001269145091596
