model,weight
w_holt_winters_full,0.0002788378066422905
w_holt_winters_cleaned,0.0009343442718016464
w_rf_without_lags,0.05579926714758275
w_rf_with_lags,0.4864791399963421
w_knn_without_lags,0.0006138614174804962
w_knn_with_lags,0.15360474682926134
w_xgb_without_lags,0.10659865026700184
w_xgb_with_lags,0.19320752778034042
w_lgbm_without_lags,3.899041919818461e-05
w_lgbm_with_lags,0.0024446340643488923
