model,weight
w_holt_winters_full,0.010541972164006052
w_holt_winters_cleaned,0.020517156499503583
w_rf_without_lags,0.15926864343725716
w_rf_with_lags,0.01006779097031903
w_knn_without_lags,0.030974262168463464
w_knn_with_lags,0.023676492491306253
w_xgb_without_lags,0.015444049972857787
w_xgb_with_lags,0.15162058696323072
w_lgbm_without_lags,0.019827076243865954
w_lgbm_with_lags,0.55806196908919
