model,weight
w_holt_winters_full,0.3351567477592604
w_holt_winters_cleaned,0.07499048748668717
w_rf_without_lags,0.0004305682117731674
w_rf_with_lags,0.01725967113494648
w_knn_without_lags,0.27398412237581987
w_knn_with_lags,2.3924052736109706e-05
w_xgb_without_lags,0.1487289056537254
w_xgb_with_lags,0.06165269739046316
w_lgbm_without_lags,0.0008705822147780249
w_lgbm_with_lags,0.08690229371981018
