model,weight
w_holt_winters_full,0.05091614756036105
w_holt_winters_cleaned,0.5153490997642187
w_rf_without_lags,0.04939064752603666
w_rf_with_lags,0.008936629942625974
w_knn_without_lags,0.2025299691855714
w_knn_with_lags,0.025613078427627906
w_xgb_without_lags,0.01149511305257809
w_xgb_with_lags,0.11211059856375871
w_lgbm_without_lags,0.013702569167862812
w_lgbm_with_lags,0.009956146809358616
