model,weight
w_holt_winters_full,0.03000194810898505
w_holt_winters_cleaned,0.03556306330511375
w_rf_without_lags,0.030984434693428983
w_rf_with_lags,0.019871603434878343
w_knn_without_lags,0.035153274876611504
w_knn_with_lags,0.0005659031949989462
w_xgb_without_lags,0.60991038845006
w_xgb_with_lags,0.02175704690527971
w_lgbm_without_lags,0.09915127019707003
w_lgbm_with_lags,0.11704106683357376
