model,weight
w_holt_winters_full,0.015243879460924386
w_holt_winters_cleaned,0.008370643536270095
w_rf_without_lags,0.014610122251158007
w_rf_with_lags,0.22403664332985349
w_knn_without_lags,0.0072385196713842725
w_knn_with_lags,0.018921088520518173
w_xgb_without_lags,0.3505441214438469
w_xgb_with_lags,0.05991920981891373
w_lgbm_without_lags,0.2991061900261252
w_lgbm_with_lags,0.0020095819410058382
