model,weight
w_holt_winters_full,0.03962717901130208
w_holt_winters_cleaned,0.03139090954882169
w_rf_without_lags,0.02672692608556477
w_rf_with_lags,0.0016446827304820472
w_knn_without_lags,0.10622667685177231
w_knn_with_lags,0.3756038639594944
w_xgb_without_lags,0.02631231803243915
w_xgb_with_lags,0.006841156758808764
w_lgbm_without_lags,0.35926541797464456
w_lgbm_with_lags,0.02636086904667034
