model,weight
w_holt_winters_full,0.026422124160608414
w_holt_winters_cleaned,0.29894787112955923
w_rf_without_lags,0.013896347147991364
w_rf_with_lags,0.03891815307033959
w_knn_without_lags,0.019216926187939132
w_knn_with_lags,0.14450347115183015
w_xgb_without_lags,0.4193558721377883
w_xgb_with_lags,0.0005608376732487817
w_lgbm_without_lags,0.02161009513730852
w_lgbm_with_lags,0.016568302203386457
