model,weight
w_holt_winters_full,0.24213179074196178
w_holt_winters_cleaned,0.20668673508478302
w_rf_without_lags,0.22852275949824152
w_rf_with_lags,0.015904849814565893
w_knn_without_lags,0.012279703943931655
w_knn_with_lags,0.21257234323977217
w_xgb_without_lags,0.0005654066687226817
w_xgb_with_lags,0.021508081467173718
w_lgbm_without_lags,0.05982130471028591
w_lgbm_with_lags,7.024830561451085e-06
