model,weight
w_holt_winters_full,0.0004157470454726805
w_holt_winters_cleaned,0.0001861471239743146
w_rf_without_lags,0.37287053704894
w_rf_with_lags,0.08431694904408374
w_knn_without_lags,0.24001825319982445
w_knn_with_lags,0.19022235692064723
w_xgb_without_lags,0.0007585031094036782
w_xgb_with_lags,0.04375600083239523
w_lgbm_without_lags,0.03328740600526652
w_lgbm_with_lags,0.034168099669992326
