model,weight
w_holt_winters_full,4.371052775704247e-05
w_holt_winters_cleaned,0.022039394683327825
w_rf_without_lags,0.29809942045270943
w_rf_with_lags,0.02592378713354845
w_knn_without_lags,0.17112775006352837
w_knn_with_lags,8.713850593967846e-06
w_xgb_without_lags,0.16835240606309776
w_xgb_with_lags,0.00013384050803176144
w_lgbm_without_lags,0.05854638965396417
w_lgbm_with_lags,0.25572458706344126
