model,weight
w_holt_winters_full,0.08132610282295576
w_holt_winters_cleaned,0.01710913045488738
w_rf_without_lags,0.0013279936628795101
w_rf_with_lags,0.04605519538073353
w_knn_without_lags,0.1496964091406917
w_knn_with_lags,0.05944685685078801
w_xgb_without_lags,0.00040940510752888846
w_xgb_with_lags,0.3152470215836834
w_lgbm_without_lags,0.01819613377406825
w_lgbm_with_lags,0.3111857512217836
