model,weight
w_holt_winters_full,0.04661652758741238
w_holt_winters_cleaned,0.012093406586873866
w_rf_without_lags,0.037155951134497385
w_rf_with_lags,0.024177823596212688
w_knn_without_lags,0.663036562826613
w_knn_with_lags,0.029614729783213764
w_xgb_without_lags,0.0020800782131240795
w_xgb_with_lags,0.13471703485873657
w_lgbm_without_lags,0.028358263134345477
w_lgbm_with_lags,0.022149622278970833
