model,weight
w_holt_winters_full,0.021746294265948447
w_holt_winters_cleaned,0.0005121539053091862
w_rf_without_lags,0.20295417631749593
w_rf_with_lags,0.38376506261873217
w_knn_without_lags,0.09372644855775752
w_knn_with_lags,0.014768172816426837
w_xgb_without_lags,0.0009255744112032219
w_xgb_with_lags,0.041522580843045095
w_lgbm_without_lags,0.23375008921713178
w_lgbm_with_lags,0.006329447046949658
