model,weight
w_holt_winters_full,0.05577161813233092
w_holt_winters_cleaned,0.009229903235786308
w_rf_without_lags,0.020821851528637178
w_rf_with_lags,0.10752714744174444
w_knn_without_lags,0.3965574099260139
w_knn_with_lags,0.05704036006816552
w_xgb_without_lags,0.2625173092067533
w_xgb_with_lags,0.0005014065956183148
w_lgbm_without_lags,0.019508749403279332
w_lgbm_with_lags,0.07052424446167072
