model,weight
w_holt_winters_full,0.01966032318831117
w_holt_winters_cleaned,0.12554151208154868
w_rf_without_lags,0.02287382912579334
w_rf_with_lags,0.0007515454950911913
w_knn_without_lags,0.17463051064030607
w_knn_with_lags,0.14471430407733227
w_xgb_without_lags,0.0001229599775479266
w_xgb_with_lags,0.18041055780523646
w_lgbm_without_lags,0.10476523233348567
w_lgbm_with_lags,0.22652922527534725
