model,weight
w_holt_winters_full,0.0015533985865283308
w_holt_winters_cleaned,0.039302081027461654
w_rf_without_lags,0.06686722081017157
w_rf_with_lags,0.021916476356620133
w_knn_without_lags,0.026209980250563775
w_knn_with_lags,0.006717242082332703
w_xgb_without_lags,0.29143963287312646
w_xgb_with_lags,0.11876659849662692
w_lgbm_without_lags,0.4014884193585971
w_lgbm_with_lags,0.02573895015797125
