model,weight
w_holt_winters_full,0.025755553907508857
w_holt_winters_cleaned,0.0001367256457339022
w_rf_without_lags,0.029036962226513006
w_rf_with_lags,0.05130164117688826
w_knn_without_lags,0.02117809321573735
w_knn_with_lags,0.03802557717933659
w_xgb_without_lags,0.17157353460649902
w_xgb_with_lags,0.00028532137467605196
w_lgbm_without_lags,0.24855642026683528
w_lgbm_with_lags,0.4141501704002717
