model,weight
w_holt_winters_full,0.2849664671882175
w_holt_winters_cleaned,0.012362635435787913
w_rf_without_lags,0.055587227534736564
w_rf_with_lags,0.030381300191647403
w_knn_without_lags,0.2970069557125551
w_knn_with_lags,0.0006134037334591376
w_xgb_without_lags,0.13906196429130907
w_xgb_with_lags,0.09440182070411192
w_lgbm_without_lags,0.055400804570412424
w_lgbm_with_lags,0.03021742063776279
