model,weight
w_holt_winters_full,0.0002765628003463355
w_holt_winters_cleaned,0.018712534378626456
w_rf_without_lags,0.006441016551283049
w_rf_with_lags,0.006590558435290225
w_knn_without_lags,0.00019381882693448923
w_knn_with_lags,0.31367599505311156
w_xgb_without_lags,0.2652568998665344
w_xgb_with_lags,0.2973423247969762
w_lgbm_without_lags,0.007519402192049551
w_lgbm_with_lags,0.08399088709884786
