model,weight
w_holt_winters_full,0.0002065250703740176
w_holt_winters_cleaned,0.18864970295413167
w_rf_without_lags,0.048794817908011816
w_rf_with_lags,0.00020822882470393275
w_knn_without_lags,0.001844003053049452
w_knn_with_lags,0.22386459957757932
w_xgb_without_lags,0.2420202606077826
w_xgb_with_lags,0.17240655696595933
w_lgbm_without_lags,0.10635500319789662
w_lgbm_with_lags,0.015650301840511294
