model,weight
w_holt_winters_full,0.037819935137319134
w_holt_winters_cleaned,0.01744733353120675
w_rf_without_lags,0.023475800337011358
w_rf_with_lags,0.0010609126946133592
w_knn_without_lags,0.030912886610618744
w_knn_with_lags,0.03265321698018913
w_xgb_without_lags,0.008846209867305692
w_xgb_with_lags,0.3117547263850499
w_lgbm_without_lags,0.04575125056648463
w_lgbm_with_lags,0.49027772789020135
