model,weight
w_holt_winters_full,0.06677944265170395
w_holt_winters_cleaned,0.20877164206093524
w_rf_without_lags,0.06554758252266163
w_rf_with_lags,0.02904872376717039
w_knn_without_lags,0.3376253837443491
w_knn_with_lags,0.0036034083167351453
w_xgb_without_lags,0.24529551351795287
w_xgb_with_lags,0.015461648769899942
w_lgbm_without_lags,0.014396364723157366
w_lgbm_with_lags,0.013470289925434463
