model,weight
w_holt_winters_full,0.4192021717537524
w_holt_winters_cleaned,0.31819411348975507
w_rf_without_lags,0.11889380864614907
w_rf_with_lags,0.016113587289599083
w_knn_without_lags,0.0012764201273622105
w_knn_with_lags,0.01820849137482535
w_xgb_without_lags,0.010375586783807945
w_xgb_with_lags,6.359399572399638e-06
w_lgbm_without_lags,0.030869463884591546
w_lgbm_with_lags,0.066859997250585
