model,weight
w_holt_winters_full,0.020578589275912267
w_holt_winters_cleaned,0.0609982769838903
w_rf_without_lags,0.0068325990582068325
w_rf_with_lags,0.04379571465626059
w_knn_without_lags,0.0249602269882535
w_knn_with_lags,0.21285231627617
w_xgb_without_lags,0.017874713667584096
w_xgb_with_lags,0.29082435913514154
w_lgbm_without_lags,0.026659607264355196
w_lgbm_with_lags,0.2946235966942256
