model,weight
w_holt_winters_full,0.04354942329092022
w_holt_winters_cleaned,0.060789943894724224
w_rf_without_lags,0.071132729271234
w_rf_with_lags,0.05019317015595429
w_knn_without_lags,0.3457161059597758
w_knn_with_lags,0.3613590867403136
w_xgb_without_lags,0.00656347925257853
w_xgb_with_lags,0.0009865991635626958
w_lgbm_without_lags,0.007872909885292208
w_lgbm_with_lags,0.051836552385644455
