model,weight
w_holt_winters_full,0.0050390169303775895
w_holt_winters_cleaned,0.06444419292710431
w_rf_without_lags,0.2944550307973241
w_rf_with_lags,0.0868063541334465
w_knn_without_lags,0.08485236146837553
w_knn_with_lags,0.04399769228400677
w_xgb_without_lags,0.3447902696379726
w_xgb_with_lags,0.06257134007094745
w_lgbm_without_lags,0.011528816109042208
w_lgbm_with_lags,0.0015149256414030803
