model,weight
w_holt_winters_full,0.1073219857296518
w_holt_winters_cleaned,0.02068233263046806
w_rf_without_lags,0.0005751253287857479
w_rf_with_lags,0.06051118579182117
w_knn_without_lags,0.008171532990350458
w_knn_with_lags,0.012328193694805334
w_xgb_without_lags,0.24021304175554123
w_xgb_with_lags,0.01266572613146711
w_lgbm_without_lags,0.017769415108114403
w_lgbm_with_lags,0.5197614608389948
