model,weight
w_holt_winters_full,0.033166271662256434
w_holt_winters_cleaned,0.14843710205067118
w_rf_without_lags,0.12590758776240346
w_rf_with_lags,0.008665996971100577
w_knn_without_lags,0.5039007127376254
w_knn_with_lags,0.05409780889979368
w_xgb_without_lags,0.04438422707481335
w_xgb_with_lags,0.026969982138488717
w_lgbm_without_lags,0.04500535540342013
w_lgbm_with_lags,0.009464955299427164
