model,weight
w_holt_winters_full,0.00015948633395863833
w_holt_winters_cleaned,0.008447095147425025
w_rf_without_lags,0.015215039695266521
w_rf_with_lags,0.015046358989059748
w_knn_without_lags,0.1905399032395094
w_knn_with_lags,0.00779110639540847
w_xgb_without_lags,0.038585507951212655
w_xgb_with_lags,0.16304521778889658
w_lgbm_without_lags,0.34068699041222106
w_lgbm_with_lags,0.2204832940470418
