model,weight
w_holt_winters_full,0.2090555645982064
w_holt_winters_cleaned,0.0002816004556313878
w_rf_without_lags,0.2580426971324533
w_rf_with_lags,0.010606147733182643
w_knn_without_lags,0.2841133083751885
w_knn_with_lags,0.0801340912955171
w_xgb_without_lags,0.0650386840030478
w_xgb_with_lags,0.026174248365449522
w_lgbm_without_lags,0.06106392658712099
w_lgbm_with_lags,0.005489731454202328
