model,weight
w_holt_winters_full,0.014242583562675671
w_holt_winters_cleaned,0.007227935806589187
w_rf_without_lags,0.004210025106257503
w_rf_with_lags,0.127463725129965
w_knn_without_lags,0.10390561345289749
w_knn_with_lags,0.294233776022693
w_xgb_without_lags,0.0066345199986652765
w_xgb_with_lags,0.3069996245920722
w_lgbm_without_lags,0.0007115519043738535
w_lgbm_with_lags,0.1343706444238109
