model,weight
w_holt_winters_full,5.044416668860451e-06
w_holt_winters_cleaned,0.037954199652730114
w_rf_without_lags,0.00010181813783096212
w_rf_with_lags,0.18472729522812206
w_knn_without_lags,0.0078024819533947356
w_knn_with_lags,0.028242115403180935
w_xgb_without_lags,0.23281331706335306
w_xgb_with_lags,0.14229145509234103
w_lgbm_without_lags,0.34726129287671026
w_lgbm_with_lags,0.018800980175667982
