model,weight
w_holt_winters_full,0.32569988803130256
w_holt_winters_cleaned,0.01751931988936035
w_rf_without_lags,0.018151578652081723
w_rf_with_lags,0.0001334374127944089
w_knn_without_lags,0.12249029998627922
w_knn_with_lags,0.17356867875581963
w_xgb_without_lags,0.025024487599293065
w_xgb_with_lags,0.00603242171018148
w_lgbm_without_lags,0.3063944342086946
w_lgbm_with_lags,0.004985453754192829
