model,weight
w_holt_winters_full,0.19560287651554772
w_holt_winters_cleaned,0.0937571720118932
w_rf_without_lags,0.00015996050217651826
w_rf_with_lags,0.0004229945590797896
w_knn_without_lags,0.19261820859431356
w_knn_with_lags,0.023540283501473018
w_xgb_without_lags,0.03052594794005335
w_xgb_with_lags,0.3427173560085516
w_lgbm_without_lags,0.11020695663123205
w_lgbm_with_lags,0.01044824373567905
