model,weight
w_holt_winters_full,0.2735625472335441
w_holt_winters_cleaned,0.02165825171767055
w_rf_without_lags,0.03977747734589129
w_rf_with_lags,0.00019975333995883427
w_knn_without_lags,0.03552633767424953
w_knn_with_lags,0.2904884897394377
w_xgb_without_lags,0.006810341052358587
w_xgb_with_lags,0.00041302597548433445
w_lgbm_without_lags,0.32605647209268324
w_lgbm_with_lags,0.0055073038287219165
