model,weight
w_holt_winters_full,0.027726118463924306
w_holt_winters_cleaned,0.02479283654040269
w_rf_without_lags,0.35496485977969267
w_rf_with_lags,0.02898615702440816
w_knn_without_lags,0.009687128424708171
w_knn_with_lags,0.05234561076672196
w_xgb_without_lags,0.38228479492868933
w_xgb_with_lags,0.025339410172344878
w_lgbm_without_lags,0.06639916299534096
w_lgbm_with_lags,0.027473920903767032
