model,weight
w_holt_winters_full,0.14514078882943185
w_holt_winters_cleaned,0.07136974836559834
w_rf_without_lags,0.0007946149142488307
w_rf_with_lags,0.022289924190398262
w_knn_without_lags,0.3229661455502117
w_knn_with_lags,0.2685529537991507
w_xgb_without_lags,0.04909009570722195
w_xgb_with_lags,0.05269709115137113
w_lgbm_without_lags,0.05935687699479671
w_lgbm_with_lags,0.007741760497570541
