model,weight
w_holt_winters_full,0.5845184117171739
w_holt_winters_cleaned,0.22487277241566236
w_rf_without_lags,0.019925235395471547
w_rf_with_lags,0.0021159828179201307
w_knn_without_lags,0.04331442376248335
w_knn_with_lags,0.014375082247972197
w_xgb_without_lags,0.0023012708911964
w_xgb_with_lags,0.06060523387154908
w_lgbm_without_lags,0.013975384019611604
w_lgbm_with_lags,0.033996202860959404
