model,weight
w_holt_winters_full,0.014620474241149874
w_holt_winters_cleaned,0.026252823219761523
w_rf_without_lags,0.2398812276259513
w_rf_with_lags,0.005453545450235537
w_knn_without_lags,0.014985606327023884
w_knn_with_lags,0.2792265324627269
w_xgb_without_lags,0.0006664488592848121
w_xgb_with_lags,0.24132486823034788
w_lgbm_without_lags,0.011638465102301225
w_lgbm_with_lags,0.16595000848121708
