model,weight
w_holt_winters_full,0.2295122764158574
w_holt_winters_cleaned,0.013493603272514641
w_rf_without_lags,0.02452398115664361
w_rf_with_lags,0.2336765451749496
w_knn_without_lags,0.00852770312014353
w_knn_with_lags,0.00898953639712129
w_xgb_without_lags,0.016017873424301835
w_xgb_with_lags,0.22556034299752345
w_lgbm_without_lags,0.018397789878227547
w_lgbm_with_lags,0.22130034816271704
