model,weight
w_holt_winters_full,0.33198700144631677
w_holt_winters_cleaned,0.12822492380563058
w_rf_without_lags,0.00015709500397097822
w_rf_with_lags,0.014347440325065125
w_knn_without_lags,0.006640140809333437
w_knn_with_lags,0.20970190976313036
w_xgb_without_lags,0.28581119127476096
w_xgb_with_lags,0.006577933763667923
w_lgbm_without_lags,0.008915449608250178
w_lgbm_with_lags,0.0076369141998737485
