model,weight
w_holt_winters_full,0.23277259574045894
w_holt_winters_cleaned,0.12589003523522763
w_rf_without_lags,0.00043621115223261675
w_rf_with_lags,0.00017718705832852748
w_knn_without_lags,0.24644734840275878
w_knn_with_lags,0.023231820874134074
w_xgb_without_lags,0.00679924850371435
w_xgb_with_lags,0.21506427190619806
w_lgbm_without_lags,0.05207657065896304
w_lgbm_with_lags,0.09710471046798391
