model,weight
w_holt_winters_full,0.19574426524609637
w_holt_winters_cleaned,0.01715108957942869
w_rf_without_lags,0.30459377283650035
w_rf_with_lags,0.0004065007386444538
w_knn_without_lags,0.18413436780619666
w_knn_with_lags,4.205622544255712e-05
w_xgb_without_lags,0.08184760338397108
w_xgb_with_lags,0.035531913254287374
w_lgbm_without_lags,0.016537525834718788
w_lgbm_with_lags,0.16401090509471378
