model,weight
w_holt_winters_full,0.047534999734128044
w_holt_winters_cleaned,0.035722752672933115
w_rf_without_lags,0.05935187043874976
w_rf_with_lags,0.04930252895562628
w_knn_without_lags,0.0782709692794736
w_knn_with_lags,0.2337206977825017
w_xgb_without_lags,0.16463500443876394
w_xgb_with_lags,0.03187794809929861
w_lgbm_without_lags,0.2991237841908447
w_lgbm_with_lags,0.00045944440768013313
