model,weight
w_holt_winters_full,0.03645390507318159
w_holt_winters_cleaned,0.029717446867469705
w_rf_without_lags,0.019728441918703165
w_rf_with_lags,0.035317829589350536
w_knn_without_lags,0.40355422813246705
w_knn_with_lags,0.3810152672793743
w_xgb_without_lags,0.018083312427538193
w_xgb_with_lags,0.018517508101151225
w_lgbm_without_lags,0.03616920670637397
w_lgbm_with_lags,0.021442853904390394
