model,weight
w_holt_winters_full,0.008116394242151367
w_holt_winters_cleaned,0.024730378134244394
w_rf_without_lags,0.019896969794387105
w_rf_with_lags,0.013133583976609072
w_knn_without_lags,0.08116662916581452
w_knn_with_lags,0.35534763471455744
w_xgb_without_lags,0.41857917411412127
w_xgb_with_lags,0.0005844504687585244
w_lgbm_without_lags,0.02017683759229574
w_lgbm_with_lags,0.05826794779706043
