model,weight
w_holt_winters_full,0.031280202371583354
w_holt_winters_cleaned,2.823119337954546e-05
w_rf_without_lags,0.037204392619994406
w_rf_with_lags,0.3986769827331298
w_knn_without_lags,0.009943958953687333
w_knn_with_lags,0.02423464744321343
w_xgb_without_lags,0.3995723424425451
w_xgb_with_lags,0.0069280478775535555
w_lgbm_without_lags,0.09161622188671076
w_lgbm_with_lags,0.0005149724782027546
