model,weight
w_holt_winters_full,0.11095440145124816
w_holt_winters_cleaned,0.03091871839739495
w_rf_without_lags,0.0449504562906172
w_rf_with_lags,0.10403076833907132
w_knn_without_lags,0.3297651606827627
w_knn_with_lags,0.27875266600816967
w_xgb_without_lags,0.012319587293584278
w_xgb_with_lags,0.012789808382311287
w_lgbm_without_lags,0.07544470749807125
w_lgbm_with_lags,7.372565676929611e-05
