model,weight
w_holt_winters_full,0.3946546227388688
w_holt_winters_cleaned,0.04004119249846172
w_rf_without_lags,0.3397653586874099
w_rf_with_lags,0.008073854978449879
w_knn_without_lags,0.00257347233021136
w_knn_with_lags,0.09386457995237743
w_xgb_without_lags,0.0535111307118479
w_xgb_with_lags,0.008546630882267212
w_lgbm_without_lags,0.04975615715314229
w_lgbm_with_lags,0.009213000066963345
