model,weight
w_holt_winters_full,0.02140897503575361
w_holt_winters_cleaned,0.028025694681418252
w_rf_without_lags,0.007193690842949392
w_rf_with_lags,0.34303184649070884
w_knn_without_lags,0.15054730065312452
w_knn_with_lags,0.0007288274069028155
w_xgb_without_lags,0.3285607444995678
w_xgb_with_lags,4.611696646643206e-05
w_lgbm_without_lags,0.09041425851650141
w_lgbm_with_lags,0.03004254490660695
