model,weight
w_holt_winters_full,0.00014401852315837154
w_holt_winters_cleaned,0.03057829327004238
w_rf_without_lags,0.0007561886695977182
w_rf_with_lags,0.014678531473169509
w_knn_without_lags,0.03700228636752826
w_knn_with_lags,0.30766761124592623
w_xgb_without_lags,0.24738963676991588
w_xgb_with_lags,0.0005570771363245317
w_lgbm_without_lags,0.342040262277132
w_lgbm_with_lags,0.019186094267205082
