model,weight
w_holt_winters_full,0.00033975232941146037
w_holt_winters_cleaned,0.008495755310864418
w_rf_without_lags,0.3215073881127909
w_rf_with_lags,0.021877371099419927
w_knn_without_lags,0.027388033905161095
w_knn_with_lags,0.03534094282823076
w_xgb_without_lags,0.29806360056880266
w_xgb_with_lags,0.0006381969879777538
w_lgbm_without_lags,0.2608202259641659
w_lgbm_with_lags,0.025528732893175254
