model,weight
w_holt_winters_full,0.0075485533204571065
w_holt_winters_cleaned,0.041910758051460065
w_rf_without_lags,0.04980909028775408
w_rf_with_lags,0.00024773797447046443
w_knn_without_lags,0.28269181253273845
w_knn_with_lags,0.08090382095693761
w_xgb_without_lags,0.2779990657562661
w_xgb_with_lags,3.84941377877248e-05
w_lgbm_without_lags,0.23761529513364596
w_lgbm_with_lags,0.021235371848482447
