model,weight
w_holt_winters_full,0.3642031753373013
w_holt_winters_cleaned,0.1704916243670488
w_rf_without_lags,0.008088843789678451
w_rf_with_lags,0.013805875081461163
w_knn_without_lags,0.06387581606684573
w_knn_with_lags,0.07262341929083603
w_xgb_without_lags,0.07298126749731589
w_xgb_with_lags,0.23343594799104547
w_lgbm_without_lags,0.00013359769634672662
w_lgbm_with_lags,0.00036043288212045794
