model,weight
w_holt_winters_full,0.007401926734473754
w_holt_winters_cleaned,0.3498611980090514
w_rf_without_lags,0.007807733841350688
w_rf_with_lags,5.158159541288971e-05
w_knn_without_lags,0.20933006371535534
w_knn_with_lags,0.03710519795770514
w_xgb_without_lags,0.059329352632437105
w_xgb_with_lags,0.015042846496676733
w_lgbm_without_lags,0.13161478960482725
w_lgbm_with_lags,0.18245530941270965
