model,weight
w_holt_winters_full,0.15280247480017534
w_holt_winters_cleaned,0.4260800937174035
w_rf_without_lags,0.02017225259369785
w_rf_with_lags,0.0931705708081484
w_knn_without_lags,0.0006312838480107503
w_knn_with_lags,0.021560145808586163
w_xgb_without_lags,0.00018116227712429843
w_xgb_with_lags,0.03210381384147487
w_lgbm_without_lags,0.24371161777689682
w_lgbm_with_lags,0.009586584528482057
