model,weight
w_holt_winters_full,0.02672221365571548
w_holt_winters_cleaned,0.3804320195023224
w_rf_without_lags,0.012843306513511595
w_rf_with_lags,5.056033026263369e-05
w_knn_without_lags,0.21720666535525648
w_knn_with_lags,7.06797097306015e-05
w_xgb_without_lags,0.15463205896148413
w_xgb_with_lags,0.02026702673499094
w_lgbm_without_lags,0.18321640142199028
w_lgbm_with_lags,0.00455906781473531
