model,weight
w_holt_winters_full,0.011995808348167963
w_holt_winters_cleaned,0.01037717763251623
w_rf_without_lags,0.0007723951680744155
w_rf_with_lags,7.872512208539217e-05
w_knn_without_lags,0.01372410156000485
w_knn_with_lags,0.559613131196806
w_xgb_without_lags,0.04311686551974893
w_xgb_with_lags,0.22903547650911052
w_lgbm_without_lags,0.026989564082261393
w_lgbm_with_lags,0.10429675486122439
