model,weight
w_holt_winters_full,0.00019771409237266161
w_holt_winters_cleaned,0.19980094275520308
w_rf_without_lags,1.5110135175358543e-05
w_rf_with_lags,0.16825304233377109
w_knn_without_lags,0.11341115106171096
w_knn_with_lags,3.87489113997325e-05
w_xgb_without_lags,0.00018362699913212116
w_xgb_with_lags,0.34331831194523443
w_lgbm_without_lags,0.029477775626981517
w_lgbm_with_lags,0.14530357613901912
