model,weight
w_holt_winters_full,0.004655769226845967
w_holt_winters_cleaned,0.010000087446539645
w_rf_without_lags,0.009632090149459977
w_rf_with_lags,0.030050928895463982
w_knn_without_lags,0.11764750782801812
w_knn_with_lags,0.01197571260546626
w_xgb_without_lags,0.3187723717569652
w_xgb_with_lags,0.34068719974731854
w_lgbm_without_lags,0.15476744655029526
w_lgbm_with_lags,0.001810885793627021
