model,weight
w_holt_winters_full,0.006774620912142526
w_holt_winters_cleaned,0.0063791193639286215
w_rf_without_lags,0.24972919157224266
w_rf_with_lags,0.0411615852437912
w_knn_without_lags,0.28122965458448396
w_knn_with_lags,0.011931103376961622
w_xgb_without_lags,0.21933149520383272
w_xgb_with_lags,0.006854355927113355
w_lgbm_without_lags,0.016904408331285904
w_lgbm_with_lags,0.15970446548421763
