model,weight
w_holt_winters_full,0.000489135984284615
w_holt_winters_cleaned,0.02520638659886096
w_rf_without_lags,0.24238502974591572
w_rf_with_lags,0.002162457454289845
w_knn_without_lags,0.019680963175335294
w_knn_with_lags,0.1998185487026621
w_xgb_without_lags,0.0006912794104204367
w_xgb_with_lags,0.06154709440077943
w_lgbm_without_lags,0.3588636995489422
w_lgbm_with_lags,0.08915540497850943
