model,weight
w_holt_winters_full,0.16171974102829542
w_holt_winters_cleaned,0.39878214782541443
w_rf_without_lags,0.017691612937028707
w_rf_with_lags,0.00017560137566796278
w_knn_without_lags,0.00036476127117931816
w_knn_with_lags,0.03121245283371091
w_xgb_without_lags,0.007412597219595586
w_xgb_with_lags,0.04941937677654699
w_lgbm_without_lags,0.13162835559789182
w_lgbm_with_lags,0.20159335313466883
