model,weight
w_holt_winters_full,0.05890777995299642
w_holt_winters_cleaned,0.36620618525023857
w_rf_without_lags,0.04811961566295525
w_rf_with_lags,0.02049187556687787
w_knn_without_lags,0.046758027642647776
w_knn_with_lags,0.36213382979569303
w_xgb_without_lags,0.024880084655929145
w_xgb_with_lags,0.013730258925965145
w_lgbm_without_lags,0.035494497135494
w_lgbm_with_lags,0.023277845411202907
