model,weight
w_holt_winters_full,0.23209315977011608
w_holt_winters_cleaned,0.22750089617463842
w_rf_without_lags,0.014397337322693856
w_rf_with_lags,0.019524987253084682
w_knn_without_lags,0.004967620744508514
w_knn_with_lags,0.039492270420578075
w_xgb_without_lags,0.005952058245074125
w_xgb_with_lags,0.3216158156965199
w_lgbm_without_lags,0.006663859326246348
w_lgbm_with_lags,0.12779199504653993
