model,weight
w_holt_winters_full,0.0019691392475485346
w_holt_winters_cleaned,0.009713671785822432
w_rf_without_lags,0.027022527335393717
w_rf_with_lags,0.0010124207081373584
w_knn_without_lags,0.06594023833537441
w_knn_with_lags,0.16399794478379104
w_xgb_without_lags,0.05207068503502866
w_xgb_with_lags,0.6075080536668936
w_lgbm_without_lags,0.06091097541048146
w_lgbm_with_lags,0.00985434369152866
