model,weight
w_holt_winters_full,0.40733673644814244
w_holt_winters_cleaned,0.3283794737520228
w_rf_without_lags,0.012996045644555584
w_rf_with_lags,0.014057476419860567
w_knn_without_lags,0.0962662488558135
w_knn_with_lags,0.11250614814788554
w_xgb_without_lags,0.027608294331348458
w_xgb_with_lags,0.0006156259865576608
w_lgbm_without_lags,0.00022160337976885724
w_lgbm_with_lags,1.2347034044573312e-05
