model,weight
w_holt_winters_full,0.042885305926786764
w_holt_winters_cleaned,0.00019421412197760318
w_rf_without_lags,0.06387460170168353
w_rf_with_lags,0.0803105873208409
w_knn_without_lags,0.056169131986955986
w_knn_with_lags,0.13418397106170965
w_xgb_without_lags,0.01982313843029475
w_xgb_with_lags,6.396632228121549e-06
w_lgbm_without_lags,0.5886289236112385
w_lgbm_with_lags,0.013923729206284008
