model,weight
w_holt_winters_full,0.3404541620932081
w_holt_winters_cleaned,0.28967553131493223
w_rf_without_lags,0.02470609478721501
w_rf_with_lags,0.03881294480567617
w_knn_without_lags,0.02380886014481242
w_knn_with_lags,0.03073184918727825
w_xgb_without_lags,0.051704381414269605
w_xgb_with_lags,0.04323257040242951
w_lgbm_without_lags,0.13341791296116706
w_lgbm_with_lags,0.023455692889011764
