model,weight
w_holt_winters_full,0.22796032046593723
w_holt_winters_cleaned,0.012939146656613753
w_rf_without_lags,0.18335236396306973
w_rf_with_lags,0.0005831186184722041
w_knn_without_lags,0.008543103483221967
w_knn_with_lags,0.06805600017605035
w_xgb_without_lags,0.3535610428198332
w_xgb_with_lags,0.0005805089775673219
w_lgbm_without_lags,0.14418968434303142
w_lgbm_with_lags,0.00023471049620267634
