model,weight
w_holt_winters_full,0.38125884968177104
w_holt_winters_cleaned,0.43543287082614734
w_rf_without_lags,0.0015132394100112593
w_rf_with_lags,0.0309390690909296
w_knn_without_lags,0.011509659502040016
w_knn_with_lags,0.0019264294605303755
w_xgb_without_lags,0.0005130975149392239
w_xgb_with_lags,0.0533120797823795
w_lgbm_without_lags,0.08322392111993832
w_lgbm_with_lags,0.0003707836113134425
