model,weight
w_holt_winters_full,0.006731272515362587
w_holt_winters_cleaned,0.2954781247735557
w_rf_without_lags,0.006953984898101688
w_rf_with_lags,0.0007613043260738988
w_knn_without_lags,0.014109594994234888
w_knn_with_lags,0.34956791531991405
w_xgb_without_lags,0.03507534462298508
w_xgb_with_lags,0.008578989839197316
w_lgbm_without_lags,0.0005181932878036972
w_lgbm_with_lags,0.28222527542277115
