model,weight
w_holt_winters_full,0.03795631483977367
w_holt_winters_cleaned,0.005862765653126619
w_rf_without_lags,0.03456403163021795
w_rf_with_lags,0.132143837733619
w_knn_without_lags,0.2894042368484538
w_knn_with_lags,0.015477160795579049
w_xgb_without_lags,0.020520429462717996
w_xgb_with_lags,0.08734230070333612
w_lgbm_without_lags,0.026067972674007164
w_lgbm_with_lags,0.35066094965916866
