model,weight
w_holt_winters_full,0.0006911944998149102
w_holt_winters_cleaned,0.0672457194276191
w_rf_without_lags,0.37005402514541064
w_rf_with_lags,0.05026772517253216
w_knn_without_lags,0.022670407447588675
w_knn_with_lags,0.00011765860218321676
w_xgb_without_lags,0.03294328338983291
w_xgb_with_lags,0.07727510754530163
w_lgbm_without_lags,0.3400555032942306
w_lgbm_with_lags,0.03867937547548629
