model,weight
w_holt_winters_full,0.01705519891942489
w_holt_winters_cleaned,0.03127058690764147
w_rf_without_lags,0.2630184321868831
w_rf_with_lags,0.24700631617239152
w_knn_without_lags,0.25083801294284536
w_knn_with_lags,0.05556815748987132
w_xgb_without_lags,0.03290677255159978
w_xgb_with_lags,0.011163176555761278
w_lgbm_without_lags,0.0020016607405503348
w_lgbm_with_lags,0.08917168553303094
