model,weight
w_holt_winters_full,0.0030335510583495763
w_holt_winters_cleaned,0.024957494155823066
w_rf_without_lags,0.023339849336968237
w_rf_with_lags,0.018565063722842574
w_knn_without_lags,0.3426110142402065
w_knn_with_lags,0.028486277316610784
w_xgb_without_lags,0.2761311138149227
w_xgb_with_lags,0.06749426962932391
w_lgbm_without_lags,0.196541027080367
w_lgbm_with_lags,0.0188403396445854
