model,weight
w_holt_winters_full,0.39074132845444826
w_holt_winters_cleaned,0.019195998510482037
w_rf_without_lags,0.01656285112696892
w_rf_with_lags,0.1227408129173341
w_knn_without_lags,0.010241893598291139
w_knn_with_lags,0.0077768673466510774
w_xgb_without_lags,0.14125979059265856
w_xgb_with_lags,0.02311722438192558
w_lgbm_without_lags,0.2535182946939145
w_lgbm_with_lags,0.014844938377325952
