model,weight
w_holt_winters_full,0.31826637851158524
w_holt_winters_cleaned,0.33903382906583696
w_rf_without_lags,0.00038434234541143174
w_rf_with_lags,0.03555518912793966
w_knn_without_lags,0.032515562341343056
w_knn_with_lags,0.018549264832478003
w_xgb_without_lags,0.06462080872337643
w_xgb_with_lags,0.0008433658860984081
w_lgbm_without_lags,0.025872615644467183
w_lgbm_with_lags,0.16435864352146348
