model,weight
w_holt_winters_full,0.21173634839534552
w_holt_winters_cleaned,0.3222126117517197
w_rf_without_lags,0.02480355226230605
w_rf_with_lags,0.02858907469302559
w_knn_without_lags,0.027046941000202055
w_knn_with_lags,0.30318108275203304
w_xgb_without_lags,0.024565585788841833
w_xgb_with_lags,0.01840361418057146
w_lgbm_without_lags,0.012733486511373106
w_lgbm_with_lags,0.026727702664581698
