model,weight
w_holt_winters_full,5.068799191392426e-05
w_holt_winters_cleaned,0.007091930844820046
w_rf_without_lags,0.163665132618858
w_rf_with_lags,0.10735128170765386
w_knn_without_lags,0.006551868480838216
w_knn_with_lags,0.030169423362672518
w_xgb_without_lags,0.36742121593033966
w_xgb_with_lags,0.2310328953711451
w_lgbm_without_lags,0.06150048701683634
w_lgbm_with_lags,0.02516507667492241
