model,weight
w_holt_winters_full,0.012397551396620146
w_holt_winters_cleaned,0.6053535977353798
w_rf_without_lags,0.036537418577005806
w_rf_with_lags,0.019159222903479937
w_knn_without_lags,0.015862812393317213
w_knn_with_lags,0.013559880701512936
w_xgb_without_lags,0.07112687224523505
w_xgb_with_lags,0.011632306397074894
w_lgbm_without_lags,0.06634517797917636
w_lgbm_with_lags,0.14802515967119792
