model,weight
w_holt_winters_full,0.2918539866674353
w_holt_winters_cleaned,0.251051172249197
w_rf_without_lags,0.2169326503818863
w_rf_with_lags,0.00019785636292967516
w_knn_without_lags,0.04955344534155782
w_knn_with_lags,0.007562125392722983
w_xgb_without_lags,0.1638379634620136
w_xgb_with_lags,3.888252256004503e-05
w_lgbm_without_lags,0.010659507364600158
w_lgbm_with_lags,0.008312410255097262
