model,weight
w_holt_winters_full,0.3452007975007078
w_holt_winters_cleaned,0.36549643698232553
w_rf_without_lags,0.00010665797328404307
w_rf_with_lags,0.06722903849377786
w_knn_without_lags,0.006552522324909694
w_knn_with_lags,0.0071412768507803405
w_xgb_without_lags,0.07342660591516652
w_xgb_with_lags,0.08419169547802534
w_lgbm_without_lags,0.00025889367852739253
w_lgbm_with_lags,0.050396074802495305
