model,weight
w_holt_winters_full,0.008873135147013838
w_holt_winters_cleaned,0.015765522031633634
w_rf_without_lags,0.002307859072573675
w_rf_with_lags,0.047943947403620846
w_knn_without_lags,0.2602271072145753
w_knn_with_lags,0.0117311728188781
w_xgb_without_lags,0.1169174724062788
w_xgb_with_lags,0.0466508582298762
w_lgbm_without_lags,0.36505657836827865
w_lgbm_with_lags,0.1245263473072709
