model,weight
w_holt_winters_full,0.010385197462320457
w_holt_winters_cleaned,0.46131664286281754
w_rf_without_lags,0.0008315266769023186
w_rf_with_lags,0.0002868014865689694
w_knn_without_lags,0.03900104196296299
w_knn_with_lags,0.3907152318985286
w_xgb_without_lags,0.026225842552618103
w_xgb_with_lags,0.04353433507651731
w_lgbm_without_lags,0.0007929458286481031
w_lgbm_with_lags,0.026910434192115647
