model,weight
w_holt_winters_full,0.01305199328654273
w_holt_winters_cleaned,0.03087253668915336
w_rf_without_lags,0.2274950276111687
w_rf_with_lags,0.03524999091198278
w_knn_without_lags,0.009833272896450935
w_knn_with_lags,0.025675306832776666
w_xgb_without_lags,0.4629171555173428
w_xgb_with_lags,0.02556039043528672
w_lgbm_without_lags,0.15726685179517727
w_lgbm_with_lags,0.012077474024117907
