model,weight
w_holt_winters_full,0.028389829947321615
w_holt_winters_cleaned,0.26256975231305174
w_rf_without_lags,0.027685900032893014
w_rf_with_lags,0.013814645377181264
w_knn_without_lags,0.05340581272399112
w_knn_with_lags,0.014339478667166788
w_xgb_without_lags,0.10904375275986794
w_xgb_with_lags,0.04215496970057975
w_lgbm_without_lags,0.4244040013169419
w_lgbm_with_lags,0.024191857161004884
