model,weight
w_holt_winters_full,0.035742417693387346
w_holt_winters_cleaned,0.041679157560706795
w_rf_without_lags,0.06580409038596444
w_rf_with_lags,0.008424460554516481
w_knn_without_lags,0.39145957367206696
w_knn_with_lags,0.03752721141585613
w_xgb_without_lags,0.3728435501154745
w_xgb_with_lags,0.00576122133442101
w_lgbm_without_lags,0.026671615323913385
w_lgbm_with_lags,0.014086701943692739
