model,weight
w_holt_winters_full,0.0052248206095014795
w_holt_winters_cleaned,0.2166246685022165
w_rf_without_lags,0.042276856665875225
w_rf_with_lags,0.009011696344849633
w_knn_without_lags,0.028925522272711907
w_knn_with_lags,0.1301156739893522
w_xgb_without_lags,0.07040951943956428
w_xgb_with_lags,0.08364916975783367
w_lgbm_without_lags,0.23335896988052174
w_lgbm_with_lags,0.18040310253757347
