model,weight
w_holt_winters_full,0.0145532556725548
w_holt_winters_cleaned,0.11114202392461646
w_rf_without_lags,0.08816563045593713
w_rf_with_lags,0.30688893256093946
w_knn_without_lags,0.022889264695058094
w_knn_with_lags,0.3376620208412941
w_xgb_without_lags,0.020551931726067313
w_xgb_with_lags,0.008130138675550158
w_lgbm_without_lags,0.039942816657398586
w_lgbm_with_lags,0.050073984790583906
