model,weight
w_holt_winters_full,0.2892023583514258
w_holt_winters_cleaned,0.03513798497431777
w_rf_without_lags,0.0343240914100094
w_rf_with_lags,0.03264882273425864
w_knn_without_lags,0.05074494727956797
w_knn_with_lags,0.04623568893203092
w_xgb_without_lags,0.0012591451529680505
w_xgb_with_lags,0.23101155509449708
w_lgbm_without_lags,0.2666898157331519
w_lgbm_with_lags,0.01274559033777253
