model,weight
w_holt_winters_full,0.0244180653541236
w_holt_winters_cleaned,0.00790924190623261
w_rf_without_lags,0.2871955893149229
w_rf_with_lags,0.014130225557829605
w_knn_without_lags,0.05516425153366934
w_knn_with_lags,0.02100855465428552
w_xgb_without_lags,0.35565215455302807
w_xgb_with_lags,0.0006826747391517703
w_lgbm_without_lags,0.021455321053706906
w_lgbm_with_lags,0.21238392133304954
