model,weight
w_holt_winters_full,0.019036770357023006
w_holt_winters_cleaned,0.018711494837826824
w_rf_without_lags,0.1935779493224452
w_rf_with_lags,0.18847016096758107
w_knn_without_lags,0.26933370514091026
w_knn_with_lags,0.0007082485088552642
w_xgb_without_lags,0.24698647433588983
w_xgb_with_lags,0.00010441041038330325
w_lgbm_without_lags,0.0004997500606582344
w_lgbm_with_lags,0.06257103605842691
