model,weight
w_holt_winters_full,0.01687885760154635
w_holt_winters_cleaned,0.008947169268616715
w_rf_without_lags,0.07227818879010947
w_rf_with_lags,0.09457426055313196
w_knn_without_lags,0.010475162460721
w_knn_with_lags,0.032528032127254844
w_xgb_without_lags,0.12520025831951795
w_xgb_with_lags,0.0240630004864435
w_lgbm_without_lags,0.6043011735194682
w_lgbm_with_lags,0.01075389687319008
