model,weight
w_holt_winters_full,0.008336964809307476
w_holt_winters_cleaned,0.02577961265265156
w_rf_without_lags,0.008481668609420547
w_rf_with_lags,0.01679511420352669
w_knn_without_lags,0.04422424978260701
w_knn_with_lags,0.025212118583782157
w_xgb_without_lags,0.4091070172802209
w_xgb_with_lags,0.3211817805708592
w_lgbm_without_lags,0.14068488103700022
w_lgbm_with_lags,0.00019659247062412465
