model,weight
w_holt_winters_full,0.3785272793852569
w_holt_winters_cleaned,0.3392572386506407
w_rf_without_lags,0.06405445862226344
w_rf_with_lags,0.014037956668070223
w_knn_without_lags,0.08446477909612933
w_knn_with_lags,0.008941048430250597
w_xgb_without_lags,0.0058617001449602375
w_xgb_with_lags,0.00898459489011703
w_lgbm_without_lags,0.0001018400294263031
w_lgbm_with_lags,0.09576910408288528
