model,weight
w_holt_winters_full,0.3559259856630054
w_holt_winters_cleaned,0.03650462019810744
w_rf_without_lags,0.03931897195831036
w_rf_with_lags,2.5660838256232915e-05
w_knn_without_lags,0.34978323699529457
w_knn_with_lags,0.03644121971651503
w_xgb_without_lags,0.08413506194889647
w_xgb_with_lags,0.012930781858403899
w_lgbm_without_lags,0.05926928578342221
w_lgbm_with_lags,0.02566517503978847
