model,weight
w_holt_winters_full,0.2567493116341777
w_holt_winters_cleaned,0.24565643018413794
w_rf_without_lags,0.034776017991721316
w_rf_with_lags,0.005537771066074106
w_knn_without_lags,0.12884133410750112
w_knn_with_lags,0.2626537510596303
w_xgb_without_lags,0.05385826736250108
w_xgb_with_lags,0.005406776108585786
w_lgbm_without_lags,2.8364891411745595e-07
w_lgbm_with_lags,0.006520056836756613
