model,weight
w_holt_winters_full,0.025776555117068372
w_holt_winters_cleaned,0.17548006205722805
w_rf_without_lags,0.009193056335963169
w_rf_with_lags,0.037373646217553694
w_knn_without_lags,0.3857788316162914
w_knn_with_lags,0.006714884664605629
w_xgb_without_lags,0.0436450810580761
w_xgb_with_lags,0.29572376193830513
w_lgbm_without_lags,9.266208428185851e-05
w_lgbm_with_lags,0.020221458910626613
