model,weight
w_holt_winters_full,0.03891698979894267
w_holt_winters_cleaned,0.00019383736843796051
w_rf_without_lags,0.0001820939837415924
w_rf_with_lags,0.03426491585741755
w_knn_without_lags,0.001229973014379515
w_knn_with_lags,0.014153483452443386
w_xgb_without_lags,0.2034528700805789
w_xgb_with_lags,0.3289287201031288
w_lgbm_without_lags,0.07919584450326275
w_lgbm_with_lags,0.299481271837667
