model,weight
w_holt_winters_full,0.04771312336587493
w_holt_winters_cleaned,0.015418513814693278
w_rf_without_lags,0.16865996292409569
w_rf_with_lags,0.027998727762751863
w_knn_without_lags,0.05112452364755747
w_knn_with_lags,0.0004145603436974475
w_xgb_without_lags,0.4236261173276235
w_xgb_with_lags,7.535621197321154e-05
w_lgbm_without_lags,0.2642667385870271
w_lgbm_with_lags,0.0007023760147055793
