model,weight
w_holt_winters_full,0.34191437733404073
w_holt_winters_cleaned,0.05293256113884011
w_rf_without_lags,0.06218541870577984
w_rf_with_lags,0.023514210581465758
w_knn_without_lags,0.00017345057401187933
w_knn_with_lags,0.06484174399073701
w_xgb_without_lags,0.03295690299469204
w_xgb_with_lags,0.009819429019453306
w_lgbm_without_lags,0.4107186858077025
w_lgbm_with_lags,0.0009432198532769142
