model,weight
w_holt_winters_full,0.02231910808985834
w_holt_winters_cleaned,0.24182433851844048
w_rf_without_lags,4.874401914447585e-05
w_rf_with_lags,0.10339422790657486
w_knn_without_lags,0.28695471900587377
w_knn_with_lags,0.053511176561860344
w_xgb_without_lags,0.22105200142700285
w_xgb_with_lags,0.04652111613704508
w_lgbm_without_lags,0.02418403553419544
w_lgbm_with_lags,0.00019053280000442125
