model,weight
w_holt_winters_full,0.008859221325616872
w_holt_winters_cleaned,0.3756784641015704
w_rf_without_lags,0.025553779510571615
w_rf_with_lags,0.00042697485311150656
w_knn_without_lags,0.37779415891967594
w_knn_with_lags,0.023811470596538598
w_xgb_without_lags,0.06136279486850473
w_xgb_with_lags,0.0673594266852017
w_lgbm_without_lags,0.03975581051955554
w_lgbm_with_lags,0.019397898619653048
