model,weight
w_holt_winters_full,0.034788523179994216
w_holt_winters_cleaned,0.018709174840875607
w_rf_without_lags,0.39959384099784845
w_rf_with_lags,0.06907376414244686
w_knn_without_lags,0.17826732880136587
w_knn_with_lags,0.19927732049209843
w_xgb_without_lags,0.049920158984925585
w_xgb_with_lags,0.00014758152088754906
w_lgbm_without_lags,0.03449648791410759
w_lgbm_with_lags,0.01572581912545
