model,weight
w_holt_winters_full,0.2001622778694141
w_holt_winters_cleaned,0.18907330824186533
w_rf_without_lags,0.005190236880771209
w_rf_with_lags,0.01485945727931059
w_knn_without_lags,0.005218277195194503
w_knn_with_lags,0.149858828823426
w_xgb_without_lags,0.16331645887014443
w_xgb_with_lags,0.0006781127797161464
w_lgbm_without_lags,0.24622359004840288
w_lgbm_with_lags,0.02541945201175489
