model,weight
w_holt_winters_full,0.228500014073751
w_holt_winters_cleaned,0.5585939785965287
w_rf_without_lags,0.01196575817033518
w_rf_with_lags,0.029602178900948385
w_knn_without_lags,8.110957153981912e-05
w_knn_with_lags,5.413829079368211e-05
w_xgb_without_lags,0.0006227012576738042
w_xgb_with_lags,0.0939394506798236
w_lgbm_without_lags,0.057074198108253364
w_lgbm_with_lags,0.01956647235035241
