model,weight
w_holt_winters_full,0.009125306267291767
w_holt_winters_cleaned,0.008949506689889664
w_rf_without_lags,0.01898449667155733
w_rf_with_lags,0.2787422419110238
w_knn_without_lags,0.44000624599847993
w_knn_with_lags,0.21010393858788695
w_xgb_without_lags,0.007670679250881325
w_xgb_with_lags,0.009050174261579209
w_lgbm_without_lags,0.00813029443313567
w_lgbm_with_lags,0.009237115928274262
