model,weight
w_holt_winters_full,0.0631239384686139
w_holt_winters_cleaned,0.021194995756378055
w_rf_without_lags,0.16730398086517434
w_rf_with_lags,0.017903669245749796
w_knn_without_lags,0.16812531439903225
w_knn_with_lags,0.0004813331982451539
w_xgb_without_lags,0.345298937210107
w_xgb_with_lags,0.0035111381577413074
w_lgbm_without_lags,0.19050927743742946
w_lgbm_with_lags,0.022547415261528717
