model,weight
w_holt_winters_full,0.15467838540872578
w_holt_winters_cleaned,0.012627427376345049
w_rf_without_lags,0.003835437636953124
w_rf_with_lags,0.2712146905061512
w_knn_without_lags,0.25805590093341
w_knn_with_lags,0.02106830237231926
w_xgb_without_lags,0.24857392406541773
w_xgb_with_lags,0.0002531239449790659
w_lgbm_without_lags,0.023907290491587536
w_lgbm_with_lags,0.005785517264111307
