model,weight
w_holt_winters_full,0.027850166814251533
w_holt_winters_cleaned,0.22695568146920034
w_rf_without_lags,0.00019601081372835248
w_rf_with_lags,0.03025903407154147
w_knn_without_lags,0.04350704645334112
w_knn_with_lags,0.3567694138856785
w_xgb_without_lags,0.20636778391870686
w_xgb_with_lags,0.03482781486755785
w_lgbm_without_lags,0.029915706560314777
w_lgbm_with_lags,0.04335134114567917
