model,weight
w_holt_winters_full,0.006721386860822948
w_holt_winters_cleaned,0.0005607899153830397
w_rf_without_lags,0.3664595917576203
w_rf_with_lags,0.00016569325789138076
w_knn_without_lags,0.04217561156546389
w_knn_with_lags,0.20915955258992092
w_xgb_without_lags,0.32934696000880315
w_xgb_with_lags,0.022420965785163376
w_lgbm_without_lags,0.01309018139639116
w_lgbm_with_lags,0.009899266862539736
