model,weight
w_holt_winters_full,0.2219703319659741
w_holt_winters_cleaned,0.005371051824363709
w_rf_without_lags,0.0016308189952225736
w_rf_with_lags,0.0802205616684985
w_knn_without_lags,0.007077187749811761
w_knn_with_lags,0.10106630492282699
w_xgb_without_lags,0.05524030177686727
w_xgb_with_lags,0.260475756546264
w_lgbm_without_lags,0.06273779384694744
w_lgbm_with_lags,0.2042098907032237
