model,weight
w_holt_winters_full,0.0018731487239052886
w_holt_winters_cleaned,0.23785864508541613
w_rf_without_lags,0.0012972008930186706
w_rf_with_lags,0.060510450499599036
w_knn_without_lags,0.09195850038569203
w_knn_with_lags,1.4396477571089709e-05
w_xgb_without_lags,3.6627475977620904e-05
w_xgb_with_lags,0.5140996098688958
w_lgbm_without_lags,0.049931207045562725
w_lgbm_with_lags,0.04242021354436165
