model,weight
w_holt_winters_full,0.011797503202547768
w_holt_winters_cleaned,0.19353913849250026
w_rf_without_lags,1.899821894321832e-05
w_rf_with_lags,0.010847614786994208
w_knn_without_lags,0.36145102139156043
w_knn_with_lags,0.09657793324280668
w_xgb_without_lags,0.022040715503621005
w_xgb_with_lags,0.0331475794802479
w_lgbm_without_lags,0.0006458173077110905
w_lgbm_with_lags,0.2699336783730675
