model,weight
w_holt_winters_full,0.042000863740117814
w_holt_winters_cleaned,0.07534074336887903
w_rf_without_lags,0.01075388954105709
w_rf_with_lags,0.18114235625353198
w_knn_without_lags,0.21562078856649225
w_knn_with_lags,0.22070547654441985
w_xgb_without_lags,3.5586670871678564e-05
w_xgb_with_lags,0.06052454824105365
w_lgbm_without_lags,0.00012214094505354578
w_lgbm_with_lags,0.19375360612852305
