model,weight
w_holt_winters_full,0.2742459371586317
w_holt_winters_cleaned,0.25320303108113945
w_rf_without_lags,0.008097015908762288
w_rf_with_lags,0.01439192327517097
w_knn_without_lags,0.08883314802552497
w_knn_with_lags,0.00682195540919974
w_xgb_without_lags,0.023751969306327093
w_xgb_with_lags,0.13371133309556985
w_lgbm_without_lags,0.1724692822432542
w_lgbm_with_lags,0.024474404496419643
