model,weight
w_holt_winters_full,0.035088080969449514
w_holt_winters_cleaned,0.04134975956918759
w_rf_without_lags,0.2619915489281315
w_rf_with_lags,0.11109228572197605
w_knn_without_lags,4.760352770578229e-05
w_knn_with_lags,0.5015034213957726
w_xgb_without_lags,0.01617998617210664
w_xgb_with_lags,0.017107657777537966
w_lgbm_without_lags,0.013838521620804364
w_lgbm_with_lags,0.0018011343173278613
