model,weight
w_holt_winters_full,0.0003196618511250319
w_holt_winters_cleaned,0.00020955716013277304
w_rf_without_lags,0.01682798602739547
w_rf_with_lags,0.06327883230852695
w_knn_without_lags,0.03703154763113735
w_knn_with_lags,0.24076027241561976
w_xgb_without_lags,0.024796068555455634
w_xgb_with_lags,0.41089384685712377
w_lgbm_without_lags,0.017956090206094896
w_lgbm_with_lags,0.1879261369873883
