model,weight
w_holt_winters_full,0.03406816059672145
w_holt_winters_cleaned,0.26771427594498637
w_rf_without_lags,0.025070597422351293
w_rf_with_lags,0.0010290317534181043
w_knn_without_lags,0.009488776758008063
w_knn_with_lags,0.31398218785116383
w_xgb_without_lags,0.025604244200936623
w_xgb_with_lags,0.23152649863416025
w_lgbm_without_lags,0.015846956761881168
w_lgbm_with_lags,0.07566927007637277
