model,weight
w_holt_winters_full,0.11401559432775844
w_holt_winters_cleaned,0.039290552403309476
w_rf_without_lags,0.5128211727320777
w_rf_with_lags,0.0003350164068533057
w_knn_without_lags,0.09845253677971169
w_knn_with_lags,0.0005842206044000742
w_xgb_without_lags,0.08802758010001999
w_xgb_with_lags,0.012731503517374145
w_lgbm_without_lags,0.12336329181699708
w_lgbm_with_lags,0.01037853131149807
