model,weight
w_holt_winters_full,0.03449148701841545
w_holt_winters_cleaned,0.0776760105400948
w_rf_without_lags,0.007907519290789452
w_rf_with_lags,0.03399330112652463
w_knn_without_lags,0.007230814980281761
w_knn_with_lags,0.16170867495708147
w_xgb_without_lags,0.5508633317577544
w_xgb_with_lags,0.0003241150363977105
w_lgbm_without_lags,0.10465435091795115
w_lgbm_with_lags,0.021150394374709135
