model,weight
w_holt_winters_full,2.788972351288484e-05
w_holt_winters_cleaned,0.3601675582570866
w_rf_without_lags,0.021027611212265398
w_rf_with_lags,0.09557617752360692
w_knn_without_lags,0.0008251542013180133
w_knn_with_lags,0.09773118589083166
w_xgb_without_lags,0.35317946330914685
w_xgb_with_lags,0.005747496661859491
w_lgbm_without_lags,0.01961551456696106
w_lgbm_with_lags,0.04610194865341118
