model,weight
w_holt_winters_full,0.00025480808073065255
w_holt_winters_cleaned,0.009438258790849157
w_rf_without_lags,0.008743788011810527
w_rf_with_lags,0.01667335179269617
w_knn_without_lags,0.48191730418466394
w_knn_with_lags,0.07337671551363242
w_xgb_without_lags,0.0005271809660453733
w_xgb_with_lags,0.0004187005680177016
w_lgbm_without_lags,0.00016780588673821393
w_lgbm_with_lags,0.40848208620481585
