model,weight
w_holt_winters_full,0.23875959573651134
w_holt_winters_cleaned,0.11208915948062428
w_rf_without_lags,0.022861690209422716
w_rf_with_lags,0.0002205182505529453
w_knn_without_lags,0.26184858949246076
w_knn_with_lags,0.005339876545191177
w_xgb_without_lags,0.15218294242546232
w_xgb_with_lags,0.007519709154034391
w_lgbm_without_lags,0.19910211439048764
w_lgbm_with_lags,7.580431525250038e-05
