model,weight
w_holt_winters_full,0.37737530003603975
w_holt_winters_cleaned,0.3108794807165954
w_rf_without_lags,0.052698172702527725
w_rf_with_lags,0.008292382544384377
w_knn_without_lags,0.051678676992550215
w_knn_with_lags,0.03954855075464014
w_xgb_without_lags,0.06328716418903092
w_xgb_with_lags,0.04645285616026581
w_lgbm_without_lags,0.01897858747017834
w_lgbm_with_lags,0.030808828433787468
