model,weight
w_holt_winters_full,0.07823808799185798
w_holt_winters_cleaned,0.04281654255821431
w_rf_without_lags,0.2585126585422698
w_rf_with_lags,0.04929685786317065
w_knn_without_lags,0.00012393496150272723
w_knn_with_lags,0.00022459239320376717
w_xgb_without_lags,0.030470367708222357
w_xgb_with_lags,0.4225985952074686
w_lgbm_without_lags,0.11720137271230056
w_lgbm_with_lags,0.0005169900617891625
