model,weight
w_holt_winters_full,0.14809079428256336
w_holt_winters_cleaned,0.22975981901022263
w_rf_without_lags,0.00461427210248397
w_rf_with_lags,0.2266596180812432
w_knn_without_lags,0.00372738199316158
w_knn_with_lags,8.877144441759078e-05
w_xgb_without_lags,0.06439748771459917
w_xgb_with_lags,0.07588729285404455
w_lgbm_without_lags,0.01934132413913916
w_lgbm_with_lags,0.2274332383781247
