model,weight
w_holt_winters_full,0.022125347005838306
w_holt_winters_cleaned,0.30114612840468563
w_rf_without_lags,0.010487381067737096
w_rf_with_lags,0.028072226723460176
w_knn_without_lags,0.0003411220015006221
w_knn_with_lags,0.0005893035180449029
w_xgb_without_lags,0.3781376937906249
w_xgb_with_lags,0.0074354478466435005
w_lgbm_without_lags,0.23409941497453038
w_lgbm_with_lags,0.01756593466693433
