model,weight
w_holt_winters_full,0.10209789979463738
w_holt_winters_cleaned,0.2985690305822882
w_rf_without_lags,0.00048065089434629554
w_rf_with_lags,0.02934722170453164
w_knn_without_lags,0.026142182467743132
w_knn_with_lags,0.3602794529359535
w_xgb_without_lags,0.044283249836041316
w_xgb_with_lags,0.0003807742176099789
w_lgbm_without_lags,0.13204842968408273
w_lgbm_with_lags,0.006371107882765828
