model,weight
w_holt_winters_full,0.009039949802882518
w_holt_winters_cleaned,0.2308252580036399
w_rf_without_lags,0.00015695265905231706
w_rf_with_lags,0.007683518991164885
w_knn_without_lags,0.012688099827575385
w_knn_with_lags,0.00020313924919936662
w_xgb_without_lags,0.1477424215119967
w_xgb_with_lags,0.12308214237691462
w_lgbm_without_lags,0.374694961387378
w_lgbm_with_lags,0.09388355619019617
