model,weight
w_holt_winters_full,0.015496166101419673
w_holt_winters_cleaned,0.00040045672755229965
w_rf_without_lags,0.07355371104744936
w_rf_with_lags,0.0724289778295781
w_knn_without_lags,0.2824048400041607
w_knn_with_lags,0.007488531911217243
w_xgb_without_lags,0.05464429678226344
w_xgb_with_lags,0.37158597875735194
w_lgbm_without_lags,0.12183822258071585
w_lgbm_with_lags,0.00015881825829140454
