model,weight
w_holt_winters_full,0.14761165096869636
w_holt_winters_cleaned,0.24040585599286846
w_rf_without_lags,0.029701857859725008
w_rf_with_lags,0.2878210752179843
w_knn_without_lags,0.0003543740482631643
w_knn_with_lags,3.916980908442578e-05
w_xgb_without_lags,4.0581899215557636e-05
w_xgb_with_lags,0.011831075659206495
w_lgbm_without_lags,0.22682299310664322
w_lgbm_with_lags,0.055371365438313135
