model,weight
w_holt_winters_full,0.014277860064647584
w_holt_winters_cleaned,0.02884710809916851
w_rf_without_lags,0.0071271741092088356
w_rf_with_lags,0.023382678665907573
w_knn_without_lags,0.3217948604904697
w_knn_with_lags,0.020305677221306058
w_xgb_without_lags,0.03149500982493269
w_xgb_with_lags,0.01599136228698359
w_lgbm_without_lags,0.5032826081524931
w_lgbm_with_lags,0.03349566108488248
