model,weight
w_holt_winters_full,0.0005464784071210352
w_holt_winters_cleaned,0.0005618818103839551
w_rf_without_lags,0.6315074943655972
w_rf_with_lags,0.05470211980415535
w_knn_without_lags,0.0004163444932335515
w_knn_with_lags,0.07443772017890628
w_xgb_without_lags,0.011980485382810241
w_xgb_with_lags,0.04945377187311587
w_lgbm_without_lags,0.14734575664876412
w_lgbm_with_lags,0.02904794703591246
