model,weight
w_holt_winters_full,0.00014606172009806701
w_holt_winters_cleaned,0.004006412072112737
w_rf_without_lags,0.1841735588689676
w_rf_with_lags,2.7676175269543386e-05
w_knn_without_lags,0.01631246389057929
w_knn_with_lags,0.00422861930019849
w_xgb_without_lags,0.17370698889992076
w_xgb_with_lags,0.17622177883355733
w_lgbm_without_lags,0.21630963262328412
w_lgbm_with_lags,0.2248668076160121
