model,weight
w_holt_winters_full,0.2743315033018213
w_holt_winters_cleaned,0.16121871839756732
w_rf_without_lags,0.15948422417535094
w_rf_with_lags,0.05288957078530277
w_knn_without_lags,7.422907248075868e-05
w_knn_with_lags,0.006306568926512349
w_xgb_without_lags,0.2903538069844832
w_xgb_with_lags,0.01784113436394634
w_lgbm_without_lags,0.012302930296829266
w_lgbm_with_lags,0.025197313695705763
