model,weight
w_holt_winters_full,0.0004729286606538774
w_holt_winters_cleaned,0.036183936681329305
w_rf_without_lags,0.05605773700278332
w_rf_with_lags,0.04698436357122858
w_knn_without_lags,0.11210116526292596
w_knn_with_lags,0.23146651851004083
w_xgb_without_lags,0.4952870056737033
w_xgb_with_lags,0.00010699189040603888
w_lgbm_without_lags,0.00042203685099561657
w_lgbm_with_lags,0.020917315895933108
