model,weight
w_holt_winters_full,0.1581654922665502
w_holt_winters_cleaned,0.28434020526254306
w_rf_without_lags,0.1160850374818128
w_rf_with_lags,0.016928600930285
w_knn_without_lags,0.027989756128542938
w_knn_with_lags,0.31927273117431704
w_xgb_without_lags,0.007590868574842242
w_xgb_with_lags,0.0001737006343751601
w_lgbm_without_lags,0.013199944150970607
w_lgbm_with_lags,0.05625366339576101
