model,weight
w_holt_winters_full,0.016036330847313752
w_holt_winters_cleaned,0.20276742211354984
w_rf_without_lags,0.14210153546022697
w_rf_with_lags,0.053792088797232566
w_knn_without_lags,0.48564920541321904
w_knn_with_lags,0.05092112756616608
w_xgb_without_lags,8.233762426039778e-06
w_xgb_with_lags,0.011127920354177024
w_lgbm_without_lags,0.012185095243943157
w_lgbm_with_lags,0.02541104044174552
