model,weight
w_holt_winters_full,0.04232639879397468
w_holt_winters_cleaned,0.26646694355243444
w_rf_without_lags,0.0069711062643454825
w_rf_with_lags,0.0005465897203796704
w_knn_without_lags,0.030770475862414264
w_knn_with_lags,0.016115052786429607
w_xgb_without_lags,0.2849755258224359
w_xgb_with_lags,0.30491199388316115
w_lgbm_without_lags,0.03167874671171958
w_lgbm_with_lags,0.015237166602705327
