model,weight
w_holt_winters_full,0.4070699668593779
w_holt_winters_cleaned,0.37570299941842916
w_rf_without_lags,0.013759212973383414
w_rf_with_lags,0.06777827451487327
w_knn_without_lags,0.0040474712504422125
w_knn_with_lags,0.05141619877200017
w_xgb_without_lags,0.008273339553375841
w_xgb_with_lags,0.04199538950296845
w_lgbm_without_lags,0.0206105098533872
w_lgbm_with_lags,0.009346637301762332
