model,weight
w_holt_winters_full,0.10021988159143076
w_holt_winters_cleaned,0.13185573194754074
w_rf_without_lags,0.0002268578865130064
w_rf_with_lags,0.15128688837246124
w_knn_without_lags,0.05259990970763129
w_knn_with_lags,0.4095329742183635
w_xgb_without_lags,0.0006053020199336833
w_xgb_with_lags,0.15180449469381593
w_lgbm_without_lags,0.001644027286062912
w_lgbm_with_lags,0.00022393227624691817
