model,weight
w_holt_winters_full,0.00010760363066630506
w_holt_winters_cleaned,0.0006217888563208644
w_rf_without_lags,0.18738633166621785
w_rf_with_lags,0.057941304907628784
w_knn_without_lags,0.0007026450677230723
w_knn_with_lags,0.3765497672430774
w_xgb_without_lags,0.03395553028761723
w_xgb_with_lags,0.2630869944812888
w_lgbm_without_lags,0.011667831667926606
w_lgbm_with_lags,0.06798020219153308
