model,weight
w_holt_winters_full,0.00010876412546344929
w_holt_winters_cleaned,0.020011506262199275
w_rf_without_lags,0.1485275469226469
w_rf_with_lags,0.005797695232878641
w_knn_without_lags,0.24838573774397957
w_knn_with_lags,0.006325562736044625
w_xgb_without_lags,0.005274796553609921
w_xgb_with_lags,0.057237210077555986
w_lgbm_without_lags,0.18203370237171423
w_lgbm_with_lags,0.32629747797390735
