model,weight
w_holt_winters_full,0.4054329410526223
w_holt_winters_cleaned,0.3766653965991844
w_rf_without_lags,0.021868217434882792
w_rf_with_lags,0.06625838994893883
w_knn_without_lags,0.058357489950701565
w_knn_with_lags,0.04829084159662711
w_xgb_without_lags,0.006571181152112341
w_xgb_with_lags,0.00016649601406066827
w_lgbm_without_lags,0.015550311443116352
w_lgbm_with_lags,0.0008387348077536332
