model,weight
w_holt_winters_full,0.01117247977844621
w_holt_winters_cleaned,0.0009594406305390493
w_rf_without_lags,0.023236853004366356
w_rf_with_lags,0.4618520536878483
w_knn_without_lags,0.08380939730709591
w_knn_with_lags,0.12031158730521685
w_xgb_without_lags,0.13450768858264117
w_xgb_with_lags,0.04753799034031096
w_lgbm_without_lags,0.115591895403479
w_lgbm_with_lags,0.0010206139600562598
