model,weight
w_holt_winters_full,0.030355886362224166
w_holt_winters_cleaned,0.0010154464025538298
w_rf_without_lags,0.015432964050740216
w_rf_with_lags,0.20849817783779168
w_knn_without_lags,0.4215736309842042
w_knn_with_lags,0.009702605125202117
w_xgb_without_lags,0.13985982597418303
w_xgb_with_lags,0.06792339302900113
w_lgbm_without_lags,0.017387649369976308
w_lgbm_with_lags,0.08825042086412346
