model,weight
w_holt_winters_full,0.23451001112720915
w_holt_winters_cleaned,0.00017607881229255492
w_rf_without_lags,0.2509504030576053
w_rf_with_lags,0.055203388058934176
w_knn_without_lags,0.07681034428382252
w_knn_with_lags,0.028296381443132217
w_xgb_without_lags,0.2395121591062085
w_xgb_with_lags,0.0008050656072785677
w_lgbm_without_lags,0.11360683519572161
w_lgbm_with_lags,0.00012933330779534211
