model,weight
w_holt_winters_full,0.2323985027868264
w_holt_winters_cleaned,0.04003711976623257
w_rf_without_lags,0.007933571139052353
w_rf_with_lags,0.05628752931583369
w_knn_without_lags,0.13259262998675883
w_knn_with_lags,0.03405378198644468
w_xgb_without_lags,0.46690164234674714
w_xgb_with_lags,0.00038635062540285297
w_lgbm_without_lags,0.011855328808539012
w_lgbm_with_lags,0.017553543238162432
