model,weight
w_holt_winters_full,0.000810051471200333
w_holt_winters_cleaned,7.628831023425773e-05
w_rf_without_lags,0.09919494418009774
w_rf_with_lags,6.871473436192876e-05
w_knn_without_lags,0.06543788087726031
w_knn_with_lags,0.039931573968198984
w_xgb_without_lags,0.38560912981336914
w_xgb_with_lags,0.057170352959568425
w_lgbm_without_lags,0.30294221537874483
w_lgbm_with_lags,0.04875884830696422
