model,weight
w_holt_winters_full,0.23915309471934545
w_holt_winters_cleaned,2.6287543558605807e-05
w_rf_without_lags,0.15633721053202942
w_rf_with_lags,0.032397903855762064
w_knn_without_lags,0.2348816224501725
w_knn_with_lags,0.053803152715455875
w_xgb_without_lags,0.23631593038180235
w_xgb_with_lags,0.00011149624808407237
w_lgbm_without_lags,0.03814457667986979
w_lgbm_with_lags,0.008828724873919941
