model,weight
w_holt_winters_full,0.000160685782449464
w_holt_winters_cleaned,0.012428999900001311
w_rf_without_lags,0.0002542165075450351
w_rf_with_lags,0.04587531319400697
w_knn_without_lags,0.3487770282237919
w_knn_with_lags,0.21811140548062602
w_xgb_without_lags,0.29210270828685175
w_xgb_with_lags,0.01051283246861062
w_lgbm_without_lags,0.05341928929649444
w_lgbm_with_lags,0.01835752085962252
