model,weight
w_holt_winters_full,0.12174211403200437
w_holt_winters_cleaned,0.427878109194641
w_rf_without_lags,0.06839515346125015
w_rf_with_lags,0.007818826002738958
w_knn_without_lags,0.06779944241194998
w_knn_with_lags,0.18922557402561377
w_xgb_without_lags,0.00022537609510561732
w_xgb_with_lags,0.000924778984412172
w_lgbm_without_lags,0.04686530278353268
w_lgbm_with_lags,0.06912532300875147
