model,weight
w_holt_winters_full,0.005390130988833964
w_holt_winters_cleaned,0.006961620535707712
w_rf_without_lags,0.2749713629063218
w_rf_with_lags,0.09585191038043828
w_knn_without_lags,0.2775519265701208
w_knn_with_lags,0.027006565204036815
w_xgb_without_lags,0.10472100752943707
w_xgb_with_lags,0.009935180874884424
w_lgbm_without_lags,0.043051038345930485
w_lgbm_with_lags,0.15455925666428866
