model,weight
w_holt_winters_full,0.2744204677641857
w_holt_winters_cleaned,0.260424580236221
w_rf_without_lags,0.006539510339746522
w_rf_with_lags,0.04499890659288126
w_knn_without_lags,0.007575906165660784
w_knn_with_lags,0.24082095435239956
w_xgb_without_lags,0.05716218271632632
w_xgb_with_lags,0.043971943365948576
w_lgbm_without_lags,0.01695039631201722
w_lgbm_with_lags,0.047135152154613114
