model,weight
w_holt_winters_full,0.044322398934210756
w_holt_winters_cleaned,0.021762946450652288
w_rf_without_lags,0.0539971126560601
w_rf_with_lags,0.015545882126511782
w_knn_without_lags,0.03119712194158221
w_knn_with_lags,0.05000919533476761
w_xgb_without_lags,0.024206290611316975
w_xgb_with_lags,0.0823931838731166
w_lgbm_without_lags,0.6261548267736551
w_lgbm_with_lags,0.05041104129812663
