model,weight
w_holt_winters_full,0.00702799661877963
w_holt_winters_cleaned,0.008169715975754424
w_rf_without_lags,4.611138648271172e-05
w_rf_with_lags,0.003847676698551661
w_knn_without_lags,0.023094504657378365
w_knn_with_lags,0.0836307905943114
w_xgb_without_lags,0.03570961727082873
w_xgb_with_lags,0.0829713225264517
w_lgbm_without_lags,0.4238996160442024
w_lgbm_with_lags,0.3316026482272589
