model,weight
w_holt_winters_full,0.001466394216330974
w_holt_winters_cleaned,0.11928941567894027
w_rf_without_lags,0.012869947065394892
w_rf_with_lags,0.06439290337177069
w_knn_without_lags,0.025429656259555407
w_knn_with_lags,0.052071528769501135
w_xgb_without_lags,0.6664608649299192
w_xgb_with_lags,0.031918610402118075
w_lgbm_without_lags,7.256244812384032e-05
w_lgbm_with_lags,0.026028116858345537
