model,weight
w_holt_winters_full,0.021284736468218265
w_holt_winters_cleaned,0.05258838983966365
w_rf_without_lags,0.009035027951277282
w_rf_with_lags,0.03015656244291094
w_knn_without_lags,0.13174278050339674
w_knn_with_lags,0.024979952940638775
w_xgb_without_lags,0.01504737364858843
w_xgb_with_lags,0.33633504046957713
w_lgbm_without_lags,0.026081225090320855
w_lgbm_with_lags,0.35274891064540803
