model,weight
w_holt_winters_full,0.26040891899712526
w_holt_winters_cleaned,0.27227897544315566
w_rf_without_lags,0.00017486419920235388
w_rf_with_lags,0.015065813820766051
w_knn_without_lags,0.105197144064464
w_knn_with_lags,0.2247506067624096
w_xgb_without_lags,0.017890537914796546
w_xgb_with_lags,0.09551582040438511
w_lgbm_without_lags,0.008699192525401344
w_lgbm_with_lags,1.8125868294149692e-05
