model,weight
w_holt_winters_full,0.0002578908704485368
w_holt_winters_cleaned,6.28398998690206e-05
w_rf_without_lags,0.3134859793076541
w_rf_with_lags,0.008317943922822984
w_knn_without_lags,0.3883647818468893
w_knn_with_lags,0.018022879183147933
w_xgb_without_lags,0.2477644338647004
w_xgb_with_lags,0.009070458575067
w_lgbm_without_lags,0.013663765035125458
w_lgbm_with_lags,0.0009890274942754686
