model,weight
w_holt_winters_full,0.06469355150115631
w_holt_winters_cleaned,0.01628873768763365
w_rf_without_lags,0.03782711578348246
w_rf_with_lags,0.0006233098179326643
w_knn_without_lags,0.09566330103932019
w_knn_with_lags,0.3290978460022665
w_xgb_without_lags,0.009826346857254177
w_xgb_with_lags,0.030978119389982177
w_lgbm_without_lags,0.3972677532260945
w_lgbm_with_lags,0.017733918694877324
