model,weight
w_holt_winters_full,0.0004682882331719827
w_holt_winters_cleaned,0.01668695071763503
w_rf_without_lags,0.0004359851198057417
w_rf_with_lags,0.4072186497560373
w_knn_without_lags,0.009225211882359094
w_knn_with_lags,0.022560592425079896
w_xgb_without_lags,0.04654184873019488
w_xgb_with_lags,0.16921702377214787
w_lgbm_without_lags,0.0836576202935577
w_lgbm_with_lags,0.24398782907001057
