model,weight
w_holt_winters_full,0.03981651402397479
w_holt_winters_cleaned,0.45320687351131744
w_rf_without_lags,0.028080924760508625
w_rf_with_lags,0.04512654277383975
w_knn_without_lags,0.060322106274936775
w_knn_with_lags,0.07050659257778544
w_xgb_without_lags,0.010531158897299721
w_xgb_with_lags,0.018168111800333068
w_lgbm_without_lags,0.25346797490120776
w_lgbm_with_lags,0.020773200478796643
