model,weight
w_holt_winters_full,0.001192295348972619
w_holt_winters_cleaned,0.008797628481833684
w_rf_without_lags,0.06246742754049771
w_rf_with_lags,0.03063412444445574
w_knn_without_lags,0.0005050309292000972
w_knn_with_lags,0.3503058012696247
w_xgb_without_lags,0.14063396471609146
w_xgb_with_lags,0.2944667930573874
w_lgbm_without_lags,0.03350358088766491
w_lgbm_with_lags,0.07749335332427174
