model,weight
w_holt_winters_full,0.01375856481436059
w_holt_winters_cleaned,0.000978419822517115
w_rf_without_lags,0.008794762921604611
w_rf_with_lags,0.27456636546629726
w_knn_without_lags,0.053731998336835604
w_knn_with_lags,0.023205619532134687
w_xgb_without_lags,0.07669663692293398
w_xgb_with_lags,0.017911456870326765
w_lgbm_without_lags,0.04572855677428255
w_lgbm_with_lags,0.4846276185387067
