model,weight
w_holt_winters_full,0.1713793962939098
w_holt_winters_cleaned,0.052687929316223334
w_rf_without_lags,0.02768207274313869
w_rf_with_lags,0.040571374569687194
w_knn_without_lags,0.00036805441724764836
w_knn_with_lags,4.923143116340713e-05
w_xgb_without_lags,0.3129373663612973
w_xgb_with_lags,0.03282994406978537
w_lgbm_without_lags,0.36148480767801444
w_lgbm_with_lags,9.823119532806019e-06
