model,weight
w_holt_winters_full,0.3442579473220427
w_holt_winters_cleaned,0.26024934265600697
w_rf_without_lags,0.007527788530751639
w_rf_with_lags,0.031198960337190135
w_knn_without_lags,0.00015364207273529725
w_knn_with_lags,0.25668789030858064
w_xgb_without_lags,0.0003672667751337978
w_xgb_with_lags,0.009608457007914522
w_lgbm_without_lags,0.05538161053221232
w_lgbm_with_lags,0.03456709445743194
