model,weight
w_holt_winters_full,0.0004891460990122485
w_holt_winters_cleaned,0.032698119300031366
w_rf_without_lags,0.05645000668267201
w_rf_with_lags,0.031030090295947634
w_knn_without_lags,0.0017636284317090161
w_knn_with_lags,0.02771063133158702
w_xgb_without_lags,0.18492257453145272
w_xgb_with_lags,0.35877521657680445
w_lgbm_without_lags,0.11743469734454577
w_lgbm_with_lags,0.18872588940623775
