model,weight
w_holt_winters_full,6.504596166552377e-05
w_holt_winters_cleaned,0.010740089325457922
w_rf_without_lags,0.0002184679224869979
w_rf_with_lags,0.0034787459062412315
w_knn_without_lags,0.006821107223702935
w_knn_with_lags,0.021376715027699757
w_xgb_without_lags,0.2257402024689762
w_xgb_with_lags,0.26317840652362345
w_lgbm_without_lags,0.04044775811137095
w_lgbm_with_lags,0.42793346152877515
