model,weight
w_holt_winters_full,0.022296489694102688
w_holt_winters_cleaned,0.01940300384811566
w_rf_without_lags,0.08431729649472357
w_rf_with_lags,0.023611717983718285
w_knn_without_lags,0.020237660959920085
w_knn_with_lags,0.04507877174665908
w_xgb_without_lags,0.3571069243415466
w_xgb_with_lags,0.011586976275810667
w_lgbm_without_lags,0.40593354674817966
w_lgbm_with_lags,0.010427611907223773
