model,weight
w_holt_winters_full,0.24343762397500285
w_holt_winters_cleaned,0.4499390248935274
w_rf_without_lags,0.0005192320690712598
w_rf_with_lags,2.47812834454181e-05
w_knn_without_lags,0.24256623487682263
w_knn_with_lags,0.009823896857898098
w_xgb_without_lags,0.02727434063804463
w_xgb_with_lags,0.026280524202840463
w_lgbm_without_lags,5.023686500696621e-05
w_lgbm_with_lags,8.410433834006375e-05
