model,weight
w_holt_winters_full,0.6035891389728743
w_holt_winters_cleaned,0.09251533997073422
w_rf_without_lags,0.11337179413591962
w_rf_with_lags,0.02339291574415442
w_knn_without_lags,0.00012868927047116093
w_knn_with_lags,0.000727474373656396
w_xgb_without_lags,0.0003920243241780032
w_xgb_with_lags,0.0003837075726357291
w_lgbm_without_lags,0.09383866421732286
w_lgbm_with_lags,0.07166025141805342
