model,weight
w_holt_winters_full,0.000365197079730016
w_holt_winters_cleaned,0.00012592976488274137
w_rf_without_lags,0.3776786544522444
w_rf_with_lags,0.004343117116508502
w_knn_without_lags,0.048811581940211554
w_knn_with_lags,0.06605767491145721
w_xgb_without_lags,0.44422974986475683
w_xgb_with_lags,0.025930255579077945
w_lgbm_without_lags,0.024940127026597213
w_lgbm_with_lags,0.0075177122645336564
