model,weight
w_holt_winters_full,0.002099479750085049
w_holt_winters_cleaned,0.21734065065967165
w_rf_without_lags,0.00020294373735277923
w_rf_with_lags,0.0433980810703639
w_knn_without_lags,0.461200817333134
w_knn_with_lags,3.488162929296928e-05
w_xgb_without_lags,0.00103894299624316
w_xgb_with_lags,0.23404591442034114
w_lgbm_without_lags,0.03917660812349659
w_lgbm_with_lags,0.0014616802800187852
