model,weight
w_holt_winters_full,0.37267895424609654
w_holt_winters_cleaned,0.2538465194171311
w_rf_without_lags,0.016800805354003873
w_rf_with_lags,0.008253707145013545
w_knn_without_lags,0.01827247676453788
w_knn_with_lags,6.903640475652148e-05
w_xgb_without_lags,0.2449469491066614
w_xgb_with_lags,0.030129511500769788
w_lgbm_without_lags,0.00047869137958132866
w_lgbm_with_lags,0.05452334868144797
