model,weight
w_holt_winters_full,0.007525560228315372
w_holt_winters_cleaned,0.03394634406939751
w_rf_without_lags,0.044492854162918705
w_rf_with_lags,0.03218452843498017
w_knn_without_lags,0.2698636477882319
w_knn_with_lags,0.43514148167459943
w_xgb_without_lags,0.015537676664074001
w_xgb_with_lags,0.0008488845966841682
w_lgbm_without_lags,0.10138984532402077
w_lgbm_with_lags,0.059069177056777854
