model,weight
w_holt_winters_full,0.00010191111992032066
w_holt_winters_cleaned,0.053450529930081245
w_rf_without_lags,0.023728035767896737
w_rf_with_lags,0.0883121996014645
w_knn_without_lags,0.443316919444644
w_knn_with_lags,0.05896700322856957
w_xgb_without_lags,0.15181501186833404
w_xgb_with_lags,0.03171160064728063
w_lgbm_without_lags,0.12982891391939164
w_lgbm_with_lags,0.018767874472417255
