model,weight
w_holt_winters_full,0.17263988925919338
w_holt_winters_cleaned,0.00020528018682877466
w_rf_without_lags,0.016725158404192343
w_rf_with_lags,0.00704392324744751
w_knn_without_lags,0.01800168876664854
w_knn_with_lags,0.14161780311578376
w_xgb_without_lags,0.013212760864020132
w_xgb_with_lags,0.2892142157086958
w_lgbm_without_lags,0.02467692030533581
w_lgbm_with_lags,0.31666236014185395
