model,weight
w_holt_winters_full,0.022326355739269232
w_holt_winters_cleaned,0.0304861235042351
w_rf_without_lags,0.0004440641811862217
w_rf_with_lags,0.014860106452949103
w_knn_without_lags,0.3241575470107719
w_knn_with_lags,0.0008652682474211268
w_xgb_without_lags,0.3432980022509227
w_xgb_with_lags,0.01721489571396743
w_lgbm_without_lags,0.11457826896866355
w_lgbm_with_lags,0.13176936793061375
