model,weight
w_holt_winters_full,0.000531689852291164
w_holt_winters_cleaned,7.196461766938614e-05
w_rf_without_lags,0.023561475292167497
w_rf_with_lags,0.28847838625619043
w_knn_without_lags,0.2612187476532237
w_knn_with_lags,0.3368341238186713
w_xgb_without_lags,0.06003036872776978
w_xgb_with_lags,0.00016781257388086211
w_lgbm_without_lags,0.026249233046099215
w_lgbm_with_lags,0.002856198162036689
