model,weight
w_holt_winters_full,0.38846489371156695
w_holt_winters_cleaned,0.4487065451131345
w_rf_without_lags,0.0007010619192592657
w_rf_with_lags,0.019301687747506367
w_knn_without_lags,0.04080388138801345
w_knn_with_lags,0.03247941443194065
w_xgb_without_lags,0.010430469442890474
w_xgb_with_lags,0.009696733526259554
w_lgbm_without_lags,0.03928951565530868
w_lgbm_with_lags,0.01012579706411996
