model,weight
w_holt_winters_full,0.016351977640296837
w_holt_winters_cleaned,0.025239055324824938
w_rf_without_lags,0.010745691072613224
w_rf_with_lags,0.08714171958842157
w_knn_without_lags,0.01001776105829845
w_knn_with_lags,0.0006324259464097635
w_xgb_without_lags,0.0002445558004327852
w_xgb_with_lags,0.3403741603866821
w_lgbm_without_lags,0.020324613587441066
w_lgbm_with_lags,0.4889280395945792
