model,weight
w_holt_winters_full,0.04955425259153472
w_holt_winters_cleaned,0.011661559987844797
w_rf_without_lags,0.3086832989282659
w_rf_with_lags,0.03425571603891929
w_knn_without_lags,0.35543275273855285
w_knn_with_lags,0.16921760266820504
w_xgb_without_lags,0.008086578785092738
w_xgb_with_lags,0.011343777770533834
w_lgbm_without_lags,0.01622945349421484
w_lgbm_with_lags,0.03553500699683607
