model,weight
w_holt_winters_full,0.40099003568249014
w_holt_winters_cleaned,0.2464263819650999
w_rf_without_lags,0.1649987085551137
w_rf_with_lags,0.001429663482244378
w_knn_without_lags,0.09935892412417362
w_knn_with_lags,0.01927212612278527
w_xgb_without_lags,0.019428214331734556
w_xgb_with_lags,0.0049057736446072794
w_lgbm_without_lags,7.410297770991146e-05
w_lgbm_with_lags,0.04311606911404133
