model,weight
w_holt_winters_full,0.03525049340646845
w_holt_winters_cleaned,0.0764017169809858
w_rf_without_lags,0.013048523753963018
w_rf_with_lags,0.3204813751095526
w_knn_without_lags,0.013251444386167389
w_knn_with_lags,0.18398626083401887
w_xgb_without_lags,0.016529337705992565
w_xgb_with_lags,0.134030422277007
w_lgbm_without_lags,0.012232595574799748
w_lgbm_with_lags,0.19478782997104446
