model,weight
w_holt_winters_full,5.232493040933202e-05
w_holt_winters_cleaned,0.00011341963766804694
w_rf_without_lags,0.026897316844504093
w_rf_with_lags,0.28837964221699686
w_knn_without_lags,0.07749290159593286
w_knn_with_lags,0.0300616041348522
w_xgb_without_lags,0.020390348265496603
w_xgb_with_lags,0.2717519494472958
w_lgbm_without_lags,0.2484623414237089
w_lgbm_with_lags,0.03639815150313519
