model,weight
w_holt_winters_full,0.011141595832980838
w_holt_winters_cleaned,0.03252189451381274
w_rf_without_lags,0.05184234312166241
w_rf_with_lags,0.07965880831468355
w_knn_without_lags,0.02723296108974255
w_knn_with_lags,0.020744255446916653
w_xgb_without_lags,0.5626827696029951
w_xgb_with_lags,0.1008217797526023
w_lgbm_without_lags,0.0913240484824269
w_lgbm_with_lags,0.022029543842176817
