model,weight
w_holt_winters_full,0.007700918890538113
w_holt_winters_cleaned,0.025701840173079946
w_rf_without_lags,0.050894912611290824
w_rf_with_lags,8.043830522814144e-06
w_knn_without_lags,0.3421890745233273
w_knn_with_lags,0.009136539812106171
w_xgb_without_lags,0.39244110100636753
w_xgb_with_lags,0.1012047923075987
w_lgbm_without_lags,0.03541564172809277
w_lgbm_with_lags,0.035307135117075866
