model,weight
w_holt_winters_full,0.4473031860503989
w_holt_winters_cleaned,0.0009369947438508927
w_rf_without_lags,0.03164463677382225
w_rf_with_lags,0.10439632207814768
w_knn_without_lags,0.0005518077849193462
w_knn_with_lags,0.0006921098974998271
w_xgb_without_lags,0.027844878219125034
w_xgb_with_lags,0.011270788305483581
w_lgbm_without_lags,0.038734839353629584
w_lgbm_with_lags,0.3366244367931228
