model,weight
w_holt_winters_full,0.04685459922556373
w_holt_winters_cleaned,0.02207175519046133
w_rf_without_lags,0.010967201119323299
w_rf_with_lags,0.01269402738877445
w_knn_without_lags,0.0005008598249878574
w_knn_with_lags,0.000209375787794558
w_xgb_without_lags,0.3463893215678452
w_xgb_with_lags,0.027008417651143434
w_lgbm_without_lags,0.48558065030209885
w_lgbm_with_lags,0.047723791942007376
