model,weight
w_holt_winters_full,0.035254769874208475
w_holt_winters_cleaned,0.014593667910911927
w_rf_without_lags,0.0013185116500506304
w_rf_with_lags,0.022270305110709356
w_knn_without_lags,0.13872682006904227
w_knn_with_lags,0.02560632813626133
w_xgb_without_lags,0.3019289193490802
w_xgb_with_lags,0.023106519686675108
w_lgbm_without_lags,0.3591265311052024
w_lgbm_with_lags,0.07806762710785851
