model,weight
w_holt_winters_full,0.02665296827290313
w_holt_winters_cleaned,0.028985765865027612
w_rf_without_lags,0.029312612494755193
w_rf_with_lags,0.0002991937245667726
w_knn_without_lags,0.40550244259845253
w_knn_with_lags,0.4414021326676679
w_xgb_without_lags,0.0007316138903950023
w_xgb_with_lags,0.00016549909543817675
w_lgbm_without_lags,0.0006721907807112063
w_lgbm_with_lags,0.0662755806100825
