model,weight
w_holt_winters_full,0.009087827230357491
w_holt_winters_cleaned,0.002954105833221421
w_rf_without_lags,0.0148069494954425
w_rf_with_lags,0.4407070973051702
w_knn_without_lags,0.05842881618522208
w_knn_with_lags,0.018651986224972585
w_xgb_without_lags,0.39905576084586764
w_xgb_with_lags,0.011313101607761274
w_lgbm_without_lags,0.028232551098508953
w_lgbm_with_lags,0.016761804173475964
