model,weight
w_holt_winters_full,1.4680944559796916e-05
w_holt_winters_cleaned,0.15674537883232614
w_rf_without_lags,0.25557121747407696
w_rf_with_lags,0.24107709394872204
w_knn_without_lags,0.00011329869465907439
w_knn_with_lags,0.0275045663521872
w_xgb_without_lags,0.1842259880107142
w_xgb_with_lags,0.016119734812447686
w_lgbm_without_lags,0.11329213157760937
w_lgbm_with_lags,0.0053359093526976365
