model,weight
w_holt_winters_full,0.1183305186209352
w_holt_winters_cleaned,0.04988105541296624
w_rf_without_lags,0.04088549222905111
w_rf_with_lags,0.00016958913736878428
w_knn_without_lags,0.006921476519877197
w_knn_with_lags,0.3268499408011888
w_xgb_without_lags,0.3730941930211727
w_xgb_with_lags,0.00017390210036824036
w_lgbm_without_lags,0.08363974464856044
w_lgbm_with_lags,5.408750851099062e-05
