model,weight
w_holt_winters_full,0.21691159386049857
w_holt_winters_cleaned,0.07824200225022414
w_rf_without_lags,0.006087141872241141
w_rf_with_lags,0.0004632061130374275
w_knn_without_lags,0.18688314714361817
w_knn_with_lags,0.004876051437864632
w_xgb_without_lags,0.32847374947674085
w_xgb_with_lags,0.14335349064094857
w_lgbm_without_lags,0.010899665098905489
w_lgbm_with_lags,0.023809952105921003
