model,weight
w_holt_winters_full,0.0196592928931955
w_holt_winters_cleaned,0.008879613170933422
w_rf_without_lags,0.2886671619672636
w_rf_with_lags,0.0013646727629828268
w_knn_without_lags,0.026452431525482947
w_knn_with_lags,0.02483701067793297
w_xgb_without_lags,0.19585006789595055
w_xgb_with_lags,0.009581005261605637
w_lgbm_without_lags,0.41987237752960066
w_lgbm_with_lags,0.004836366315051747
