model,weight
w_holt_winters_full,0.00016810504580364125
w_holt_winters_cleaned,0.00965256585117933
w_rf_without_lags,0.1897594466440923
w_rf_with_lags,0.0063427307485854605
w_knn_without_lags,0.005261600923463046
w_knn_with_lags,0.20406327026295532
w_xgb_without_lags,0.02294726169368364
w_xgb_with_lags,0.2849403616485235
w_lgbm_without_lags,0.2622228103506423
w_lgbm_with_lags,0.014641846831071365
