model,weight
w_holt_winters_full,0.22147219341274538
w_holt_winters_cleaned,0.005241807739315816
w_rf_without_lags,0.011675580679442939
w_rf_with_lags,0.13272532057668676
w_knn_without_lags,0.007903284899586634
w_knn_with_lags,0.030504305276497133
w_xgb_without_lags,0.11810909251797384
w_xgb_with_lags,0.242078419354736
w_lgbm_without_lags,0.038755481847694534
w_lgbm_with_lags,0.19153451369532087
