model,weight
w_holt_winters_full,0.02005344504349832
w_holt_winters_cleaned,0.00776964951574333
w_rf_without_lags,0.025894236396998855
w_rf_with_lags,0.00828983371112293
w_knn_without_lags,0.3326363735841935
w_knn_with_lags,0.015109307707125217
w_xgb_without_lags,0.39559272672982493
w_xgb_with_lags,0.0008716958428087328
w_lgbm_without_lags,0.1799543742783959
w_lgbm_with_lags,0.013828357190288052
