model,weight
w_holt_winters_full,0.011887057088696388
w_holt_winters_cleaned,0.011096395896024241
w_rf_without_lags,0.03630552596233695
w_rf_with_lags,0.049724529857880166
w_knn_without_lags,0.03867682046715181
w_knn_with_lags,0.089822642133786
w_xgb_without_lags,0.011536035523159825
w_xgb_with_lags,0.14626691633099329
w_lgbm_without_lags,0.5592686499819775
w_lgbm_with_lags,0.045415426757993774
