model,weight
w_holt_winters_full,0.7349561663098186
w_holt_winters_cleaned,0.043814146074479914
w_rf_without_lags,0.0197960737550012
w_rf_with_lags,0.01668442176292867
w_knn_without_lags,0.008468618575621121
w_knn_with_lags,0.04796329283845079
w_xgb_without_lags,0.03838410253164233
w_xgb_with_lags,0.02559079996771029
w_lgbm_without_lags,6.532299464762878e-05
w_lgbm_with_lags,0.06427705518969948
