model,weight
w_holt_winters_full,0.3369076498957082
w_holt_winters_cleaned,0.1311388893581293
w_rf_without_lags,0.03734166117909393
w_rf_with_lags,0.10318655826325066
w_knn_without_lags,0.017430747284462065
w_knn_with_lags,0.00678132428007936
w_xgb_without_lags,0.00019173528108576096
w_xgb_with_lags,0.3360246934132209
w_lgbm_without_lags,0.012168209645677065
w_lgbm_with_lags,0.018828531399292695
