model,weight
w_holt_winters_full,0.1494743031792986
w_holt_winters_cleaned,0.017563457737209954
w_rf_without_lags,4.688415306325496e-05
w_rf_with_lags,0.0001033206980961005
w_knn_without_lags,0.15110037096732623
w_knn_with_lags,0.22380414769965348
w_xgb_without_lags,0.037330829146585816
w_xgb_with_lags,0.16221909696621822
w_lgbm_without_lags,0.10980208386303421
w_lgbm_with_lags,0.14855550558951416
