model,weight
w_holt_winters_full,0.08780434816744084
w_holt_winters_cleaned,0.09085236595562002
w_rf_without_lags,0.00039120177621126604
w_rf_with_lags,1.6322729895369504e-05
w_knn_without_lags,0.008383506833161561
w_knn_with_lags,0.007930524251676618
w_xgb_without_lags,0.41090143665115847
w_xgb_with_lags,0.03878209100202786
w_lgbm_without_lags,0.3366233180534915
w_lgbm_with_lags,0.01831488457931651
