model,weight
w_holt_winters_full,0.009759036364881386
w_holt_winters_cleaned,0.009356961090215846
w_rf_without_lags,0.01746284602814396
w_rf_with_lags,0.29917145415217156
w_knn_without_lags,0.3816900991333676
w_knn_with_lags,0.09781002180892963
w_xgb_without_lags,0.006446783809740025
w_xgb_with_lags,0.13703688266326533
w_lgbm_without_lags,0.0411223236366959
w_lgbm_with_lags,0.00014359131258880094
