model,weight
w_holt_winters_full,0.001019668883054627
w_holt_winters_cleaned,0.4567306344934216
w_rf_without_lags,0.015203053600626992
w_rf_with_lags,0.0014952857330709141
w_knn_without_lags,0.3392903589001786
w_knn_with_lags,0.052191885158342874
w_xgb_without_lags,0.0005057125054641033
w_xgb_with_lags,0.020776320268223864
w_lgbm_without_lags,0.03487500173992338
w_lgbm_with_lags,0.07791207871769307
