model,weight
w_holt_winters_full,0.2878203276457596
w_holt_winters_cleaned,0.011404153313849285
w_rf_without_lags,0.2858873083201187
w_rf_with_lags,3.496122017742726e-05
w_knn_without_lags,0.1580007382977599
w_knn_with_lags,0.023254729202587678
w_xgb_without_lags,0.21663914674572501
w_xgb_with_lags,0.0006027197427384156
w_lgbm_without_lags,0.00496083070232045
w_lgbm_with_lags,0.011395084808963602
