model,weight
w_holt_winters_full,0.027707491975336136
w_holt_winters_cleaned,0.000744184778974853
w_rf_without_lags,0.4452107867053741
w_rf_with_lags,0.025139414782297233
w_knn_without_lags,0.10160836124956217
w_knn_with_lags,0.043503921092626574
w_xgb_without_lags,3.6066144878513256e-05
w_xgb_with_lags,0.31510411107866604
w_lgbm_without_lags,0.023562281946503182
w_lgbm_with_lags,0.01738338024578123
