model,weight
w_holt_winters_full,0.0532718071655437
w_holt_winters_cleaned,0.4252443439190896
w_rf_without_lags,0.04962475059491432
w_rf_with_lags,0.03932272239301904
w_knn_without_lags,0.3344150166749838
w_knn_with_lags,0.012034935007172263
w_xgb_without_lags,0.00018219754451420867
w_xgb_with_lags,0.058251300160275125
w_lgbm_without_lags,0.017156442426287055
w_lgbm_with_lags,0.010496484114200741
