model,weight
w_holt_winters_full,0.21016771325857858
w_holt_winters_cleaned,0.04815672387697484
w_rf_without_lags,0.02989027230564015
w_rf_with_lags,0.010381660930128002
w_knn_without_lags,0.43244219727704447
w_knn_with_lags,0.06430960863953139
w_xgb_without_lags,0.05293964423178145
w_xgb_with_lags,0.06814989879772279
w_lgbm_without_lags,0.001110386871668946
w_lgbm_with_lags,0.0824518938109295
