model,weight
w_holt_winters_full,0.0002709121123610868
w_holt_winters_cleaned,7.745945092514088e-06
w_rf_without_lags,0.3289194174316128
w_rf_with_lags,0.006397138800292043
w_knn_without_lags,0.11535400550968528
w_knn_with_lags,0.35642386623487415
w_xgb_without_lags,0.038916421998334255
w_xgb_with_lags,0.03838156404417903
w_lgbm_without_lags,0.1151287061146624
w_lgbm_with_lags,0.00020022180890655672
