model,weight
w_holt_winters_full,0.005292531958727547
w_holt_winters_cleaned,0.0006902074258420761
w_rf_without_lags,0.03870573636442476
w_rf_with_lags,0.006827420528537978
w_knn_without_lags,0.29748405877968137
w_knn_with_lags,0.012111955044891662
w_xgb_without_lags,0.2953391314832882
w_xgb_with_lags,0.01389377142969278
w_lgbm_without_lags,0.2503012324991236
w_lgbm_with_lags,0.07935395448578998
