model,weight
w_holt_winters_full,0.07226858067361093
w_holt_winters_cleaned,0.27085651399421445
w_rf_without_lags,0.13103714989588935
w_rf_with_lags,0.2444930437277258
w_knn_without_lags,0.011910341086978934
w_knn_with_lags,1.1451915781580434e-05
w_xgb_without_lags,0.0001466705732487624
w_xgb_with_lags,2.9138872557035988e-05
w_lgbm_without_lags,0.02192399284878729
w_lgbm_with_lags,0.24732311641120577
