model,weight
w_holt_winters_full,0.017399927676339865
w_holt_winters_cleaned,0.06128605517221587
w_rf_without_lags,0.11441955199741743
w_rf_with_lags,0.34405027762002544
w_knn_without_lags,0.007555129300504283
w_knn_with_lags,0.009661368878606608
w_xgb_without_lags,0.17815474287154281
w_xgb_with_lags,0.006845501420763035
w_lgbm_without_lags,0.18004328401100209
w_lgbm_with_lags,0.08058416105158249
