model,weight
w_holt_winters_full,0.4901023790822036
w_holt_winters_cleaned,0.21008721007996742
w_rf_without_lags,0.00013490774839070984
w_rf_with_lags,0.04120073554144837
w_knn_without_lags,0.020583293967130444
w_knn_with_lags,0.07776134541152963
w_xgb_without_lags,0.06914035250599557
w_xgb_with_lags,0.03638907581837602
w_lgbm_without_lags,0.010005567438511345
w_lgbm_with_lags,0.04459513240644686
