model,weight
w_holt_winters_full,0.007438437340966484
w_holt_winters_cleaned,0.323188599455086
w_rf_without_lags,0.13318139005014212
w_rf_with_lags,0.006525603381059529
w_knn_without_lags,0.02951100946362165
w_knn_with_lags,0.08882636913856942
w_xgb_without_lags,0.0003876800971662046
w_xgb_with_lags,0.00017339303716921352
w_lgbm_without_lags,0.11437843744514556
w_lgbm_with_lags,0.2963890805910739
