model,weight
w_holt_winters_full,0.026785655406401605
w_holt_winters_cleaned,0.015655692171445006
w_rf_without_lags,0.0014457323168031175
w_rf_with_lags,0.020336486725183116
w_knn_without_lags,0.31030946284413014
w_knn_with_lags,0.017629665861277673
w_xgb_without_lags,0.04509918699294258
w_xgb_with_lags,0.5083228174260603
w_lgbm_without_lags,0.053899241591769176
w_lgbm_with_lags,0.0005160586639872325
