model,weight
w_holt_winters_full,0.03987545516920128
w_holt_winters_cleaned,0.284073412001797
w_rf_without_lags,0.018679856214677295
w_rf_with_lags,0.0004937524806349024
w_knn_without_lags,0.17120867856049127
w_knn_with_lags,0.2870198038074709
w_xgb_without_lags,0.0002170282274802603
w_xgb_with_lags,0.004292066908308096
w_lgbm_without_lags,0.006940733189027743
w_lgbm_with_lags,0.18719921344091134
