model,weight
w_holt_winters_full,0.0004408454835187685
w_holt_winters_cleaned,0.026861364019157827
w_rf_without_lags,0.07244913231743717
w_rf_with_lags,0.0007066674493333441
w_knn_without_lags,0.009954741110034153
w_knn_with_lags,0.3726210689598734
w_xgb_without_lags,0.4454452267486465
w_xgb_with_lags,0.0007140346369384001
w_lgbm_without_lags,0.06227535123126691
w_lgbm_with_lags,0.008531568043793483
