model,weight
w_holt_winters_full,0.292092853581268
w_holt_winters_cleaned,0.13685286513484243
w_rf_without_lags,0.04103927106564432
w_rf_with_lags,4.186204289617499e-05
w_knn_without_lags,0.00620524274571313
w_knn_with_lags,0.001823676334800374
w_xgb_without_lags,0.171009088712358
w_xgb_with_lags,0.01047685171779679
w_lgbm_without_lags,0.0007401709094664857
w_lgbm_with_lags,0.3397181177552142
