model,weight
w_holt_winters_full,0.38410244479317146
w_holt_winters_cleaned,0.0077926396303379
w_rf_without_lags,0.445259382132134
w_rf_with_lags,0.011026989783922326
w_knn_without_lags,0.03014273846076562
w_knn_with_lags,3.795157850617001e-05
w_xgb_without_lags,0.02539753590688398
w_xgb_with_lags,0.021999993381095834
w_lgbm_without_lags,0.013467521087296461
w_lgbm_with_lags,0.060772803245885985
