model,weight
w_holt_winters_full,0.004937242825045889
w_holt_winters_cleaned,0.10014499466965587
w_rf_without_lags,0.13501415639031783
w_rf_with_lags,0.09443471193327099
w_knn_without_lags,0.07482659195804266
w_knn_with_lags,0.023966864456684642
w_xgb_without_lags,0.25741094765104705
w_xgb_with_lags,0.2756650597074267
w_lgbm_without_lags,0.03352539072818254
w_lgbm_with_lags,7.403968032584155e-05
