model,weight
w_holt_winters_full,0.26957244484066356
w_holt_winters_cleaned,0.16836105492490788
w_rf_without_lags,0.0003033091392878522
w_rf_with_lags,0.04361940578764466
w_knn_without_lags,0.00023275783021142169
w_knn_with_lags,0.12248988772666652
w_xgb_without_lags,0.03903038924039935
w_xgb_with_lags,4.93342861826558e-06
w_lgbm_without_lags,0.3023145414370706
w_lgbm_with_lags,0.054071275644529876
