model,weight
w_holt_winters_full,0.14258722349666034
w_holt_winters_cleaned,0.0057514687358961045
w_rf_without_lags,0.01170979002450765
w_rf_with_lags,0.27813399961143853
w_knn_without_lags,8.709245314587506e-05
w_knn_with_lags,0.08929096352305511
w_xgb_without_lags,0.12297457599955483
w_xgb_with_lags,0.04617625892658455
w_lgbm_without_lags,0.031682898543465655
w_lgbm_with_lags,0.27160572868569133
