model,weight
w_holt_winters_full,0.3339581557699487
w_holt_winters_cleaned,0.28649869935655925
w_rf_without_lags,0.021912745019947985
w_rf_with_lags,0.006545403635725735
w_knn_without_lags,0.0597116427353243
w_knn_with_lags,0.10579500082803443
w_xgb_without_lags,0.020071305401750356
w_xgb_with_lags,0.13406992032244947
w_lgbm_without_lags,0.017867687573839358
w_lgbm_with_lags,0.013569439356420325
