model,weight
w_holt_winters_full,0.03642325352022503
w_holt_winters_cleaned,0.31843478269106634
w_rf_without_lags,0.2970543289436521
w_rf_with_lags,0.000476814059335786
w_knn_without_lags,0.0002276396294819057
w_knn_with_lags,0.01761701651668222
w_xgb_without_lags,0.045555575096160816
w_xgb_with_lags,0.24515023613137318
w_lgbm_without_lags,0.02262886963944955
w_lgbm_with_lags,0.016431483772573013
