model,weight
w_holt_winters_full,0.010359641137642662
w_holt_winters_cleaned,0.02436426811526479
w_rf_without_lags,0.0005705929063116536
w_rf_with_lags,0.03770521567206344
w_knn_without_lags,0.5880377428187088
w_knn_with_lags,0.012188952284874873
w_xgb_without_lags,0.11714473940891203
w_xgb_with_lags,0.056524170399429134
w_lgbm_without_lags,0.01047562916885092
w_lgbm_with_lags,0.14262904808794172
