model,weight
w_holt_winters_full,0.03627835697662027
w_holt_winters_cleaned,0.014362740178213824
w_rf_without_lags,0.30297274975634986
w_rf_with_lags,0.0024180694006382124
w_knn_without_lags,0.29888338401417586
w_knn_with_lags,0.00036767746266342397
w_xgb_without_lags,0.030771226164140714
w_xgb_with_lags,0.0006047220774202916
w_lgbm_without_lags,0.2822994925486712
w_lgbm_with_lags,0.031041581421106388
