model,weight
w_holt_winters_full,0.12269234204639431
w_holt_winters_cleaned,0.2982296622658479
w_rf_without_lags,0.0017104389709975294
w_rf_with_lags,0.010738958552079852
w_knn_without_lags,0.0002868292276877917
w_knn_with_lags,0.32159141508906974
w_xgb_without_lags,0.007732654760518256
w_xgb_with_lags,0.1097702644596583
w_lgbm_without_lags,0.060516377107168264
w_lgbm_with_lags,0.06673105752057809
