model,weight
w_holt_winters_full,0.25237140540269576
w_holt_winters_cleaned,0.18381803516777737
w_rf_without_lags,0.006677423275748577
w_rf_with_lags,0.014600513220985727
w_knn_without_lags,0.007741979295075135
w_knn_with_lags,0.013705193130240356
w_xgb_without_lags,0.22017958075594693
w_xgb_with_lags,0.006820193873332793
w_lgbm_without_lags,0.22292380216734667
w_lgbm_with_lags,0.07116187371085067
