model,weight
w_holt_winters_full,0.08784146950448207
w_holt_winters_cleaned,0.36128660416483577
w_rf_without_lags,0.0005591408546551508
w_rf_with_lags,0.025121394269357156
w_knn_without_lags,0.38102689086175573
w_knn_with_lags,0.07532618115791047
w_xgb_without_lags,0.00034164007049046567
w_xgb_with_lags,0.0002154945231434542
w_lgbm_without_lags,0.06782698873644452
w_lgbm_with_lags,0.00045419585692533593
