model,weight
w_holt_winters_full,0.09745631444002967
w_holt_winters_cleaned,0.36999229276437945
w_rf_without_lags,0.032260380761957405
w_rf_with_lags,0.038838934171522954
w_knn_without_lags,0.09092516108759353
w_knn_with_lags,0.020111112190916543
w_xgb_without_lags,0.28823564279862324
w_xgb_with_lags,0.0096751645955511
w_lgbm_without_lags,0.04439557849332699
w_lgbm_with_lags,0.00810941869609903
