model,weight
w_holt_winters_full,0.018606578890860436
w_holt_winters_cleaned,0.31883309494203005
w_rf_without_lags,0.31790249276096266
w_rf_with_lags,0.006852114276809745
w_knn_without_lags,0.0512107834824395
w_knn_with_lags,0.014628472079690332
w_xgb_without_lags,0.06051133230098087
w_xgb_with_lags,0.006189294287579208
w_lgbm_without_lags,0.19949306841540407
w_lgbm_with_lags,0.0057727685632431875
