model,weight
w_holt_winters_full,0.020531141433494316
w_holt_winters_cleaned,0.010508730077688969
w_rf_without_lags,0.0003765089599345021
w_rf_with_lags,0.04796251319824612
w_knn_without_lags,0.3411110836591255
w_knn_with_lags,0.027390811373636775
w_xgb_without_lags,0.3471150810004597
w_xgb_with_lags,0.025004454399216437
w_lgbm_without_lags,0.14706301408579558
w_lgbm_with_lags,0.03293666181240201
