model,weight
w_holt_winters_full,0.008902988175089116
w_holt_winters_cleaned,0.0001905039933755532
w_rf_without_lags,0.46620908720668336
w_rf_with_lags,0.1098717147656665
w_knn_without_lags,0.23389991243954486
w_knn_with_lags,0.04924699553351655
w_xgb_without_lags,0.027752733612704413
w_xgb_with_lags,0.00011849516135518529
w_lgbm_without_lags,0.03072172769139326
w_lgbm_with_lags,0.07308584142067104
