model,weight
w_holt_winters_full,0.013038584734887067
w_holt_winters_cleaned,0.24481285754358642
w_rf_without_lags,0.017836656891666965
w_rf_with_lags,0.051614468037673736
w_knn_without_lags,0.09294682222082436
w_knn_with_lags,0.0005685540827209528
w_xgb_without_lags,0.04978057772616164
w_xgb_with_lags,0.023643782904308037
w_lgbm_without_lags,0.4542527302993528
w_lgbm_with_lags,0.05150496555881796
