model,weight
w_holt_winters_full,0.10932387387610146
w_holt_winters_cleaned,0.39449934950599386
w_rf_without_lags,0.01399141245308518
w_rf_with_lags,0.00015536701423436199
w_knn_without_lags,0.05232672574470566
w_knn_with_lags,0.0076630679645901525
w_xgb_without_lags,0.3928824728541098
w_xgb_with_lags,0.00021456507154941242
w_lgbm_without_lags,0.014575361847885231
w_lgbm_with_lags,0.014367803667744664
