model,weight
w_holt_winters_full,0.13469280349395008
w_holt_winters_cleaned,0.24013061558188314
w_rf_without_lags,0.02796725352441299
w_rf_with_lags,0.026382069666747974
w_knn_without_lags,0.47278105188733893
w_knn_with_lags,0.018211391151821115
w_xgb_without_lags,0.010763544825900364
w_xgb_with_lags,0.012721685387698984
w_lgbm_without_lags,0.055790621348747495
w_lgbm_with_lags,0.0005589631314988745
