model,weight
w_holt_winters_full,0.26934239852493624
w_holt_winters_cleaned,0.14941364551646774
w_rf_without_lags,0.04225333946288216
w_rf_with_lags,0.008926694847528435
w_knn_without_lags,0.05019132716020935
w_knn_with_lags,0.22011628161765615
w_xgb_without_lags,0.21840211633401044
w_xgb_with_lags,0.00026902725835198935
w_lgbm_without_lags,0.04094856717604578
w_lgbm_with_lags,0.0001366021019117966
