model,weight
w_holt_winters_full,0.001196368946041354
w_holt_winters_cleaned,0.01562325245309028
w_rf_without_lags,0.05804901804856169
w_rf_with_lags,0.026672070591084375
w_knn_without_lags,0.0628912222080141
w_knn_with_lags,0.4956069279267107
w_xgb_without_lags,0.15376536280715872
w_xgb_with_lags,0.05666052775017217
w_lgbm_without_lags,0.09534184630518203
w_lgbm_with_lags,0.03419340296398473
