model,weight
w_holt_winters_full,0.007888726310800342
w_holt_winters_cleaned,0.01079718861410761
w_rf_without_lags,6.723701710764402e-05
w_rf_with_lags,0.035851002950668114
w_knn_without_lags,0.3096199706401048
w_knn_with_lags,0.0005856804258236356
w_xgb_without_lags,0.018837134442237505
w_xgb_with_lags,0.2729368100311046
w_lgbm_without_lags,0.020270183763351646
w_lgbm_with_lags,0.3231460658046941
