model,weight
w_holt_winters_full,0.10653618953324931
w_holt_winters_cleaned,0.1007032199602711
w_rf_without_lags,0.01876316301472223
w_rf_with_lags,0.007195633246793086
w_knn_without_lags,0.1970020000990176
w_knn_with_lags,0.010175478496609028
w_xgb_without_lags,0.013651464234534639
w_xgb_with_lags,0.36542324571344553
w_lgbm_without_lags,0.08833937059648547
w_lgbm_with_lags,0.09221023510487188
