model,weight
w_holt_winters_full,0.0331764614725032
w_holt_winters_cleaned,0.038276884923229317
w_rf_without_lags,0.021756750590305445
w_rf_with_lags,0.10736850024933775
w_knn_without_lags,0.056327880933574465
w_knn_with_lags,0.010105212163455559
w_xgb_without_lags,0.045632299121009336
w_xgb_with_lags,0.08504714919410813
w_lgbm_without_lags,0.30246222492597213
w_lgbm_with_lags,0.2998466364265046
