model,weight
w_holt_winters_full,0.1285012104900749
w_holt_winters_cleaned,0.007078337526295424
w_rf_without_lags,0.00015821323676993193
w_rf_with_lags,0.006478822641146276
w_knn_without_lags,7.705570609608529e-05
w_knn_with_lags,0.03816817278981418
w_xgb_without_lags,0.15284336459629458
w_xgb_with_lags,0.29741236645787256
w_lgbm_without_lags,0.04051935801513507
w_lgbm_with_lags,0.32876309854050106
