model,weight
w_holt_winters_full,0.004516935771340072
w_holt_winters_cleaned,0.03193095844232392
w_rf_without_lags,0.23418177700528306
w_rf_with_lags,0.25056076055643234
w_knn_without_lags,4.112713952005307e-05
w_knn_with_lags,0.03317246232226607
w_xgb_without_lags,0.04987816868110741
w_xgb_with_lags,0.02714237523596996
w_lgbm_without_lags,0.12004960318557356
w_lgbm_with_lags,0.24852583166018363
