model,weight
w_holt_winters_full,0.05943267716770663
w_holt_winters_cleaned,0.05226696956883646
w_rf_without_lags,0.0003444489867701563
w_rf_with_lags,0.002431191992009061
w_knn_without_lags,0.5348910310001895
w_knn_with_lags,0.04204431730033
w_xgb_without_lags,0.06161627104467314
w_xgb_with_lags,0.023100712940556
w_lgbm_without_lags,0.16420266997782554
w_lgbm_with_lags,0.05966971002110345
