model,weight
w_holt_winters_full,0.19560449374721048
w_holt_winters_cleaned,0.22586598385188292
w_rf_without_lags,0.03443519263417286
w_rf_with_lags,0.010024777993631977
w_knn_without_lags,5.48371773759342e-05
w_knn_with_lags,0.01501635062532746
w_xgb_without_lags,0.04032500002887708
w_xgb_with_lags,0.25499078307675
w_lgbm_without_lags,0.0005827115677234201
w_lgbm_with_lags,0.22309986929704786
