model,weight
w_holt_winters_full,0.21831783176591063
w_holt_winters_cleaned,0.19716525112093025
w_rf_without_lags,0.07228828696822383
w_rf_with_lags,0.0172234808205917
w_knn_without_lags,0.20389180837942308
w_knn_with_lags,0.007009033842959337
w_xgb_without_lags,0.1920199586008259
w_xgb_with_lags,0.00018912789654234444
w_lgbm_without_lags,0.09178198719286648
w_lgbm_with_lags,0.00011323341172625348
