model,weight
w_holt_winters_full,0.06253845161921268
w_holt_winters_cleaned,0.33212302597947757
w_rf_without_lags,0.0001298686108256383
w_rf_with_lags,3.691970286306234e-06
w_knn_without_lags,0.04431333798974646
w_knn_with_lags,0.04068881256596299
w_xgb_without_lags,9.780679555801482e-06
w_xgb_with_lags,0.12494428082489578
w_lgbm_without_lags,0.010205469418047229
w_lgbm_with_lags,0.3850432803419895
