model,weight
w_holt_winters_full,0.11790855524017335
w_holt_winters_cleaned,0.11861177897003133
w_rf_without_lags,0.017755527622103504
w_rf_with_lags,0.2185495279112783
w_knn_without_lags,0.0941750065990319
w_knn_with_lags,0.0012748931965770815
w_xgb_without_lags,0.33342757868645245
w_xgb_with_lags,5.570063948956618e-05
w_lgbm_without_lags,0.03222708409423307
w_lgbm_with_lags,0.06601434704062957
