model,weight
w_holt_winters_full,0.00012553742277649602
w_holt_winters_cleaned,0.004862741091613185
w_rf_without_lags,0.23593542888661484
w_rf_with_lags,0.25864553863291384
w_knn_without_lags,0.1584049307939115
w_knn_with_lags,0.0769429506802886
w_xgb_without_lags,0.009402258022084175
w_xgb_with_lags,0.018024500130598524
w_lgbm_without_lags,0.1369299615842761
w_lgbm_with_lags,0.10072615275492289
