model,weight
w_holt_winters_full,0.18931966593223112
w_holt_winters_cleaned,0.06756962214873319
w_rf_without_lags,0.009473495578198194
w_rf_with_lags,0.007173808081567051
w_knn_without_lags,0.025628723207543454
w_knn_with_lags,0.023968079160407017
w_xgb_without_lags,0.4079212318295324
w_xgb_with_lags,0.1604715558828988
w_lgbm_without_lags,5.1450372764884136e-05
w_lgbm_with_lags,0.10842236780612403
