model,weight
w_holt_winters_full,0.30803825008042324
w_holt_winters_cleaned,0.28686823062656225
w_rf_without_lags,0.06022236570373622
w_rf_with_lags,0.009965883592549706
w_knn_without_lags,0.007620154424813939
w_knn_with_lags,0.0010383707968901657
w_xgb_without_lags,0.05832029818488944
w_xgb_with_lags,0.049934747599848305
w_lgbm_without_lags,0.2178094268057105
w_lgbm_with_lags,0.0001822721845763448
