model,weight
w_holt_winters_full,0.01395086789491108
w_holt_winters_cleaned,0.00046553854404027923
w_rf_without_lags,0.37739013316081377
w_rf_with_lags,0.007889303156393955
w_knn_without_lags,0.0914629544493501
w_knn_with_lags,0.1891204083588307
w_xgb_without_lags,0.057937282520262964
w_xgb_with_lags,0.06926427072503727
w_lgbm_without_lags,0.0001592385481717466
w_lgbm_with_lags,0.19236000264218822
