model,weight
w_holt_winters_full,0.07154442920227891
w_holt_winters_cleaned,0.3710516690998883
w_rf_without_lags,0.048225883902847856
w_rf_with_lags,0.03773947280707277
w_knn_without_lags,0.07791607059010526
w_knn_with_lags,0.15001926703238402
w_xgb_without_lags,0.01740327778982457
w_xgb_with_lags,0.0005720649173548708
w_lgbm_without_lags,0.15897776131285132
w_lgbm_with_lags,0.0665501033453923
