model,weight
w_holt_winters_full,0.3367734024777169
w_holt_winters_cleaned,0.010824613548488175
w_rf_without_lags,0.49229176614404574
w_rf_with_lags,0.0004580984977374232
w_knn_without_lags,0.022167607201944106
w_knn_with_lags,0.009964573001042103
w_xgb_without_lags,0.11220608189525044
w_xgb_with_lags,0.014483767441741867
w_lgbm_without_lags,0.0007814956188385274
w_lgbm_with_lags,4.8594173194669234e-05
