model,weight
w_holt_winters_full,0.2835908290528602
w_holt_winters_cleaned,0.33870183837314405
w_rf_without_lags,0.001166481968418202
w_rf_with_lags,0.02245811648746302
w_knn_without_lags,0.014466034755123801
w_knn_with_lags,0.004458941420021089
w_xgb_without_lags,0.24206391202022662
w_xgb_with_lags,0.03795492780503751
w_lgbm_without_lags,0.055128975967478844
w_lgbm_with_lags,9.942150226641784e-06
