model,weight
w_holt_winters_full,0.001310629979360517
w_holt_winters_cleaned,0.011531364045823174
w_rf_without_lags,0.09036594235791097
w_rf_with_lags,0.020695432334502134
w_knn_without_lags,0.008019477620500393
w_knn_with_lags,0.059993602507124696
w_xgb_without_lags,0.3983669188340364
w_xgb_with_lags,0.014375753359023821
w_lgbm_without_lags,0.35184921473713876
w_lgbm_with_lags,0.043491664224579056
