model,weight
w_holt_winters_full,0.06870247357927228
w_holt_winters_cleaned,0.08760484087063679
w_rf_without_lags,0.1362689037563407
w_rf_with_lags,0.3351133697179345
w_knn_without_lags,0.0001805505674621723
w_knn_with_lags,0.00025153889663049244
w_xgb_without_lags,0.015500214452525567
w_xgb_with_lags,0.015930808417627642
w_lgbm_without_lags,0.02124773549614879
w_lgbm_with_lags,0.31919956424542095
