model,weight
w_holt_winters_full,0.09717595714351725
w_holt_winters_cleaned,0.5081686264242138
w_rf_without_lags,0.013981725430818858
w_rf_with_lags,0.069793471366831
w_knn_without_lags,0.09062172643039282
w_knn_with_lags,0.009321247420169862
w_xgb_without_lags,0.0002970648318449331
w_xgb_with_lags,0.08724649574291292
w_lgbm_without_lags,0.10753637259034016
w_lgbm_with_lags,0.015857312618958515
