model,weight
w_holt_winters_full,0.11385489919264544
w_holt_winters_cleaned,0.3912070032462212
w_rf_without_lags,0.22082096268271978
w_rf_with_lags,0.1771668967372923
w_knn_without_lags,0.008618480237735258
w_knn_with_lags,0.04314442700326531
w_xgb_without_lags,0.0004329352935059815
w_xgb_with_lags,0.012588403341544258
w_lgbm_without_lags,0.017034110387251368
w_lgbm_with_lags,0.015131881877819366
