model,weight
w_holt_winters_full,0.19698985211907952
w_holt_winters_cleaned,0.00010535997579209585
w_rf_without_lags,0.0012338441732326335
w_rf_with_lags,0.010880766949425722
w_knn_without_lags,0.013414364966775668
w_knn_with_lags,0.0022086625394468254
w_xgb_without_lags,0.014124917396642135
w_xgb_with_lags,0.6412699648585874
w_lgbm_without_lags,0.006520118909888389
w_lgbm_with_lags,0.11325214811112962
