model,weight
w_holt_winters_full,0.019750865909899433
w_holt_winters_cleaned,0.007934032307413443
w_rf_without_lags,0.000399419948502333
w_rf_with_lags,0.07843161665213873
w_knn_without_lags,0.3629660987766873
w_knn_with_lags,0.3854495862559782
w_xgb_without_lags,0.027150966170812123
w_xgb_with_lags,0.025521620547937513
w_lgbm_without_lags,0.06672983905177023
w_lgbm_with_lags,0.02566595437886099
