model,weight
w_holt_winters_full,0.08881977921056869
w_holt_winters_cleaned,0.040840105512739595
w_rf_without_lags,0.07596214336853009
w_rf_with_lags,0.009540935685638286
w_knn_without_lags,0.03989104450230245
w_knn_with_lags,0.03718331445061065
w_xgb_without_lags,0.042182802404238016
w_xgb_with_lags,0.08966442579556173
w_lgbm_without_lags,0.5410807341504181
w_lgbm_with_lags,0.03483471491939241
