model,weight
w_holt_winters_full,0.0006496605883615311
w_holt_winters_cleaned,0.32872901964939544
w_rf_without_lags,0.21975040226902448
w_rf_with_lags,0.005369938643442038
w_knn_without_lags,0.3190580722024557
w_knn_with_lags,0.00037167278755583004
w_xgb_without_lags,0.02003182789601435
w_xgb_with_lags,0.0226502659427247
w_lgbm_without_lags,0.08248417433435104
w_lgbm_with_lags,0.00090496568667491
