model,weight
w_holt_winters_full,0.28021350059211086
w_holt_winters_cleaned,0.0005188284857495296
w_rf_without_lags,0.06077842679306083
w_rf_with_lags,0.022433909725144637
w_knn_without_lags,0.023003704766355465
w_knn_with_lags,0.0279566900504344
w_xgb_without_lags,0.3024859934201698
w_xgb_with_lags,5.4430646809762054e-05
w_lgbm_without_lags,0.24370886881904444
w_lgbm_with_lags,0.03884564670112047
