model,weight
w_holt_winters_full,0.36270025314513654
w_holt_winters_cleaned,0.0116231946319099
w_rf_without_lags,0.023416342008370238
w_rf_with_lags,0.03658808416470779
w_knn_without_lags,0.04469940383904635
w_knn_with_lags,0.04443934292498561
w_xgb_without_lags,0.054724181025765255
w_xgb_with_lags,0.3795638611452935
w_lgbm_without_lags,0.027887156461549243
w_lgbm_with_lags,0.014358180653235585
