model,weight
w_holt_winters_full,5.3049765933110854e-05
w_holt_winters_cleaned,0.09586583107090475
w_rf_without_lags,0.011237751028664228
w_rf_with_lags,0.010407290072347666
w_knn_without_lags,0.17933630321323613
w_knn_with_lags,0.0010822613529478785
w_xgb_without_lags,0.6115434589489334
w_xgb_with_lags,0.08993079826228964
w_lgbm_without_lags,0.0005144262222143617
w_lgbm_with_lags,2.883006252890329e-05
