model,weight
w_holt_winters_full,0.030311902272465913
w_holt_winters_cleaned,0.1653339193020701
w_rf_without_lags,0.03182077237090092
w_rf_with_lags,0.00019577990792845733
w_knn_without_lags,0.3788224891269266
w_knn_with_lags,0.01622728219582977
w_xgb_without_lags,8.513787322092826e-05
w_xgb_with_lags,0.007994910143588656
w_lgbm_without_lags,0.018620161323461882
w_lgbm_with_lags,0.3505876454836068
