model,weight
w_holt_winters_full,0.04429644173202786
w_holt_winters_cleaned,0.03005600999614323
w_rf_without_lags,0.00017429063557702237
w_rf_with_lags,0.011138324671362616
w_knn_without_lags,0.04884192008061805
w_knn_with_lags,0.03650571578148386
w_xgb_without_lags,0.3723154594243904
w_xgb_with_lags,0.056694180222214
w_lgbm_without_lags,0.34202129430614525
w_lgbm_with_lags,0.05795636315003759
