model,weight
w_holt_winters_full,0.009867927447352137
w_holt_winters_cleaned,0.010005717471810302
w_rf_without_lags,0.06455981866183066
w_rf_with_lags,0.020754223194051336
w_knn_without_lags,0.12844761436767937
w_knn_with_lags,0.18375737374842566
w_xgb_without_lags,0.5021628538899773
w_xgb_with_lags,0.0001801307491113898
w_lgbm_without_lags,0.060126986613788604
w_lgbm_with_lags,0.020137353855973268
