model,weight
w_holt_winters_full,0.00752767868644195
w_holt_winters_cleaned,0.3562971604387878
w_rf_without_lags,0.012261259183018031
w_rf_with_lags,0.040487145104844025
w_knn_without_lags,0.40541100013217146
w_knn_with_lags,0.06435403530221068
w_xgb_without_lags,0.00021746891999310745
w_xgb_with_lags,0.03455884845235737
w_lgbm_without_lags,0.00745473025174421
w_lgbm_with_lags,0.07143067352843133
