model,weight
w_holt_winters_full,0.03320165390574278
w_holt_winters_cleaned,0.0001102730329211496
w_rf_without_lags,0.012727944156746303
w_rf_with_lags,0.20456367976030293
w_knn_without_lags,0.2002602082656142
w_knn_with_lags,8.379161309875029e-05
w_xgb_without_lags,0.001752951813550924
w_xgb_with_lags,0.033537097774126653
w_lgbm_without_lags,0.0313805836920896
w_lgbm_with_lags,0.4823818159858067
