model,weight
w_holt_winters_full,0.18769651973034432
w_holt_winters_cleaned,0.05127984361582345
w_rf_without_lags,0.025734259738723647
w_rf_with_lags,0.00043793973839252354
w_knn_without_lags,0.04254030976204569
w_knn_with_lags,0.3565579225316803
w_xgb_without_lags,1.1446743723371573e-05
w_xgb_with_lags,0.3205139658338195
w_lgbm_without_lags,0.0003107839486506339
w_lgbm_with_lags,0.014917008356796638
