model,weight
w_holt_winters_full,0.24360327158669162
w_holt_winters_cleaned,0.0761787356382757
w_rf_without_lags,0.01570545371147624
w_rf_with_lags,0.01923985715141518
w_knn_without_lags,0.024130274822656676
w_knn_with_lags,0.10881009191159251
w_xgb_without_lags,0.0005958117768528114
w_xgb_with_lags,0.4725770431414155
w_lgbm_without_lags,0.01952235574749367
w_lgbm_with_lags,0.01963710451213017
