model,weight
w_holt_winters_full,0.016675321627362332
w_holt_winters_cleaned,0.0006102982956700893
w_rf_without_lags,0.020676429118601822
w_rf_with_lags,0.0014695817383605266
w_knn_without_lags,0.3268969276116032
w_knn_with_lags,0.42940680405472065
w_xgb_without_lags,0.004587624119091515
w_xgb_with_lags,0.11739461607912488
w_lgbm_without_lags,0.07325449750313699
w_lgbm_with_lags,0.009027899852328212
