model,weight
w_holt_winters_full,0.00016732394619753673
w_holt_winters_cleaned,0.00032095386982989834
w_rf_without_lags,0.4230230530808463
w_rf_with_lags,0.021933868759447243
w_knn_without_lags,0.0003145429568028173
w_knn_with_lags,0.01662667292646438
w_xgb_without_lags,3.121802591461903e-05
w_xgb_with_lags,0.21366215809048011
w_lgbm_without_lags,0.2767893567854549
w_lgbm_with_lags,0.04713085155856221
