model,weight
w_holt_winters_full,0.01589597923746089
w_holt_winters_cleaned,0.04142534676492955
w_rf_without_lags,0.40727388993874275
w_rf_with_lags,0.022801432433222895
w_knn_without_lags,0.40844579020454086
w_knn_with_lags,0.03572412758867279
w_xgb_without_lags,0.04053927023955241
w_xgb_with_lags,0.01961267266988279
w_lgbm_without_lags,3.441607228806375e-05
w_lgbm_with_lags,0.008247074850707109
