model,weight
w_holt_winters_full,0.022803735004565655
w_holt_winters_cleaned,0.0001914173614055717
w_rf_without_lags,0.027786741677429866
w_rf_with_lags,0.017166028446558134
w_knn_without_lags,0.46271517263278683
w_knn_with_lags,0.1802682680939449
w_xgb_without_lags,0.0886088767642653
w_xgb_with_lags,0.06280063505904945
w_lgbm_without_lags,0.10917742874752735
w_lgbm_with_lags,0.028481696212467
