model,weight
w_holt_winters_full,0.3425843439586001
w_holt_winters_cleaned,0.3928929649417878
w_rf_without_lags,0.009635720583444892
w_rf_with_lags,0.03600311470746473
w_knn_without_lags,0.014736108967690922
w_knn_with_lags,0.04317055609753104
w_xgb_without_lags,0.05725223942831294
w_xgb_with_lags,0.0769138263374879
w_lgbm_without_lags,0.016513714141961813
w_lgbm_with_lags,0.010297410835717806
