model,weight
w_holt_winters_full,0.023958553593987592
w_holt_winters_cleaned,0.020573602292243923
w_rf_without_lags,0.015714471013524495
w_rf_with_lags,0.003616592237076838
w_knn_without_lags,0.36120094350068616
w_knn_with_lags,0.44461192798635907
w_xgb_without_lags,0.08251543243459325
w_xgb_with_lags,0.028963780724363567
w_lgbm_without_lags,0.009693664976176268
w_lgbm_with_lags,0.009151031240988552
