model,weight
w_holt_winters_full,0.28185477958931604
w_holt_winters_cleaned,0.22225400017802935
w_rf_without_lags,0.013221700707963217
w_rf_with_lags,0.2837083599346991
w_knn_without_lags,0.00511936765990011
w_knn_with_lags,0.029515519167211728
w_xgb_without_lags,0.00631840257079663
w_xgb_with_lags,0.1377297808494754
w_lgbm_without_lags,0.014557085465897956
w_lgbm_with_lags,0.005721003876710458
