model,weight
w_holt_winters_full,0.24581926077242516
w_holt_winters_cleaned,0.14224752641554875
w_rf_without_lags,0.0020613159885076848
w_rf_with_lags,0.041783985673242506
w_knn_without_lags,0.0008029900966362936
w_knn_with_lags,0.29297507392063826
w_xgb_without_lags,0.09649029879809817
w_xgb_with_lags,0.00578644941493794
w_lgbm_without_lags,0.1492084614528398
w_lgbm_with_lags,0.022824637467125375
