model,weight
w_holt_winters_full,0.08066633178497358
w_holt_winters_cleaned,0.02326690415873048
w_rf_without_lags,0.00047626493532640347
w_rf_with_lags,0.0006231129084476142
w_knn_without_lags,0.01766144383133683
w_knn_with_lags,0.7029532090138376
w_xgb_without_lags,0.03258952888823929
w_xgb_with_lags,0.062016895440584516
w_lgbm_without_lags,0.03870483972719812
w_lgbm_with_lags,0.041041469311325685
