model,weight
w_holt_winters_full,0.15214821441667412
w_holt_winters_cleaned,0.25389931144146977
w_rf_without_lags,0.00043370341231419355
w_rf_with_lags,1.75189740071675e-05
w_knn_without_lags,0.07930228787674172
w_knn_with_lags,0.019382777550865506
w_xgb_without_lags,0.03569216454997487
w_xgb_with_lags,0.19405160387273027
w_lgbm_without_lags,0.19756203741953168
w_lgbm_with_lags,0.06751038048569069
