model,weight
w_holt_winters_full,0.04948568988214567
w_holt_winters_cleaned,0.06514246105529582
w_rf_without_lags,0.12974003250479096
w_rf_with_lags,0.013329978448389101
w_knn_without_lags,0.033833040484953655
w_knn_with_lags,0.0003314840357197062
w_xgb_without_lags,9.61673180541849e-05
w_xgb_with_lags,0.04921781435895097
w_lgbm_without_lags,0.6464586276118134
w_lgbm_with_lags,0.012364704299886533
