model,weight
w_holt_winters_full,0.01627245273747327
w_holt_winters_cleaned,0.009091922326649118
w_rf_without_lags,0.008854839366061662
w_rf_with_lags,0.03142934661928038
w_knn_without_lags,0.09764298412994628
w_knn_with_lags,0.14445478427075442
w_xgb_without_lags,0.09290261832397721
w_xgb_with_lags,0.05558652415239301
w_lgbm_without_lags,0.46391872324572125
w_lgbm_with_lags,0.07984580482774338
