model,weight
w_holt_winters_full,0.007181060780602026
w_holt_winters_cleaned,0.0053635725578648815
w_rf_without_lags,0.24390394909101548
w_rf_with_lags,0.00027630576299315175
w_knn_without_lags,0.30061495619166895
w_knn_with_lags,1.0170541710024666e-05
w_xgb_without_lags,0.008035615543084488
w_xgb_with_lags,0.1563890525273981
w_lgbm_without_lags,0.2780397563340375
w_lgbm_with_lags,0.0001855606696254142
