model,weight
w_holt_winters_full,1.1231591290332553e-05
w_holt_winters_cleaned,0.057131648190170796
w_rf_without_lags,0.42290850290629983
w_rf_with_lags,0.007674526466163916
w_knn_without_lags,0.3298171345702884
w_knn_with_lags,0.0005598210825966929
w_xgb_without_lags,0.006735766162609012
w_xgb_with_lags,0.1633108679751822
w_lgbm_without_lags,0.011523421150681725
w_lgbm_with_lags,0.00032707990471719507
