model,weight
w_holt_winters_full,0.3932336031733108
w_holt_winters_cleaned,2.9385600839713392e-05
w_rf_without_lags,0.017930770442274355
w_rf_with_lags,0.0005785790296659874
w_knn_without_lags,0.14529945690001775
w_knn_with_lags,0.02768911339337898
w_xgb_without_lags,0.14701614116454553
w_xgb_with_lags,0.0006872833502005933
w_lgbm_without_lags,0.02777848027749975
w_lgbm_with_lags,0.23975718666826662
