model,weight
w_holt_winters_full,0.02034022941006181
w_holt_winters_cleaned,0.07758257959170604
w_rf_without_lags,0.019134000730875896
w_rf_with_lags,0.0004016011333620546
w_knn_without_lags,0.015887743033852764
w_knn_with_lags,0.14013210456477382
w_xgb_without_lags,0.41171327196143725
w_xgb_with_lags,0.052183276348388465
w_lgbm_without_lags,0.013863479859193778
w_lgbm_with_lags,0.24876171336634803
