model,weight
w_holt_winters_full,0.3040342324734311
w_holt_winters_cleaned,0.20195661172366852
w_rf_without_lags,0.18075818178293632
w_rf_with_lags,0.005175496092748167
w_knn_without_lags,0.2856369843222902
w_knn_with_lags,0.01608874472995185
w_xgb_without_lags,0.00015791561012625525
w_xgb_with_lags,0.00016021629671453928
w_lgbm_without_lags,0.005539654324045405
w_lgbm_with_lags,0.00049196264408764
