model,weight
w_holt_winters_full,0.00012711067527873253
w_holt_winters_cleaned,0.07428244757194827
w_rf_without_lags,0.017020167103608194
w_rf_with_lags,0.07134060940191113
w_knn_without_lags,0.4061656593366468
w_knn_with_lags,0.18859403121027815
w_xgb_without_lags,0.0010381593605600945
w_xgb_with_lags,0.23057115784942797
w_lgbm_without_lags,0.009797963008730128
w_lgbm_with_lags,0.0010626944816104985
