model,weight
w_holt_winters_full,0.20782775724685001
w_holt_winters_cleaned,0.00014090022047762637
w_rf_without_lags,0.12104297029455342
w_rf_with_lags,0.0012866235717049737
w_knn_without_lags,0.02574061448475472
w_knn_with_lags,0.005775858244447816
w_xgb_without_lags,0.006641193107911794
w_xgb_with_lags,0.26365152706763034
w_lgbm_without_lags,0.3604263656982474
w_lgbm_with_lags,0.007466190063421803
