model,weight
w_holt_winters_full,0.11178478707445627
w_holt_winters_cleaned,0.3550153408792746
w_rf_without_lags,0.047094153754005025
w_rf_with_lags,0.007515590038692975
w_knn_without_lags,0.000131936512709122
w_knn_with_lags,3.089428479634091e-05
w_xgb_without_lags,0.411452901989322
w_xgb_with_lags,0.03657155315364726
w_lgbm_without_lags,0.024492332649461948
w_lgbm_with_lags,0.005910509663634264
