model,weight
w_holt_winters_full,0.24130333088298353
w_holt_winters_cleaned,0.23961355302846168
w_rf_without_lags,0.012477208330262663
w_rf_with_lags,3.057437627436407e-05
w_knn_without_lags,0.24080889130780037
w_knn_with_lags,0.008174678675612385
w_xgb_without_lags,0.039045901459971076
w_xgb_with_lags,0.21089413946016822
w_lgbm_without_lags,0.00011791338062518459
w_lgbm_with_lags,0.007533809097840465
