model,weight
w_holt_winters_full,0.3070466976839467
w_holt_winters_cleaned,0.026567698272143697
w_rf_without_lags,0.3617286442374064
w_rf_with_lags,0.014632767183907082
w_knn_without_lags,0.25332645860800457
w_knn_with_lags,0.009485115368294926
w_xgb_without_lags,0.007537472114063671
w_xgb_with_lags,0.01770615705019148
w_lgbm_without_lags,0.0017668510682504123
w_lgbm_with_lags,0.00020213841379122802
