model,weight
w_holt_winters_full,0.0004554082960840644
w_holt_winters_cleaned,0.00021952515429433201
w_rf_without_lags,0.024329192785363732
w_rf_with_lags,0.2773525379590589
w_knn_without_lags,0.030730005579735088
w_knn_with_lags,0.08183673307673561
w_xgb_without_lags,0.05237485572234673
w_xgb_with_lags,0.008232451639073504
w_lgbm_without_lags,0.24527660921459835
w_lgbm_with_lags,0.2791926805727096
