model,weight
w_holt_winters_full,0.17453805444086914
w_holt_winters_cleaned,0.21379774086370087
w_rf_without_lags,0.02097269406460042
w_rf_with_lags,0.013737642553843661
w_knn_without_lags,0.009317783119051173
w_knn_with_lags,0.1924933088402276
w_xgb_without_lags,0.009793963725348529
w_xgb_with_lags,0.11781500155534834
w_lgbm_without_lags,0.0011064605462196824
w_lgbm_with_lags,0.2464273502907905
