model,weight
w_holt_winters_full,0.06509705381531479
w_holt_winters_cleaned,0.5093679639384097
w_rf_without_lags,5.784393692387756e-05
w_rf_with_lags,0.22757899609078386
w_knn_without_lags,0.13934638839446767
w_knn_with_lags,0.03897510048183083
w_xgb_without_lags,0.009664736158682019
w_xgb_with_lags,0.0002297363179497047
w_lgbm_without_lags,0.009614622039404382
w_lgbm_with_lags,6.755882623332132e-05
