model,weight
w_holt_winters_full,0.2729633463784757
w_holt_winters_cleaned,0.08076060981406598
w_rf_without_lags,0.24007483796764553
w_rf_with_lags,0.0005179836044802346
w_knn_without_lags,4.69272293275949e-05
w_knn_with_lags,0.0942841117740534
w_xgb_without_lags,0.27509946741837193
w_xgb_with_lags,0.013495896396907733
w_lgbm_without_lags,0.02210875315605944
w_lgbm_with_lags,0.0006480662606123575
