model,weight
w_holt_winters_full,0.05771796432350187
w_holt_winters_cleaned,0.23008731079608938
w_rf_without_lags,0.006850754768892191
w_rf_with_lags,8.047740362588209e-05
w_knn_without_lags,0.06368170256784383
w_knn_with_lags,7.700106214135093e-05
w_xgb_without_lags,0.2807117258181359
w_xgb_with_lags,0.04475131074555199
w_lgbm_without_lags,0.2996109614029595
w_lgbm_with_lags,0.016430791111258017
