model,weight
w_holt_winters_full,0.20959501564780558
w_holt_winters_cleaned,0.024655676766135663
w_rf_without_lags,0.08095086299333534
w_rf_with_lags,0.015755909523427356
w_knn_without_lags,0.015427308987841618
w_knn_with_lags,0.00045054108921166046
w_xgb_without_lags,0.5484799338537086
w_xgb_with_lags,0.029061624748105596
w_lgbm_without_lags,0.012622884692383601
w_lgbm_with_lags,0.06300024169804486
