model,weight
w_holt_winters_full,0.5497901535697717
w_holt_winters_cleaned,0.0006871045558206619
w_rf_without_lags,0.0002928922667264345
w_rf_with_lags,0.05890968683425606
w_knn_without_lags,0.0007225404581114766
w_knn_with_lags,0.014866141381068674
w_xgb_without_lags,0.0016033681640730555
w_xgb_with_lags,0.0003850924190844462
w_lgbm_without_lags,0.014487898051986359
w_lgbm_with_lags,0.3582551222991011
