model,weight
w_holt_winters_full,0.0003390914264176617
w_holt_winters_cleaned,0.21169180372734864
w_rf_without_lags,0.059524294855516934
w_rf_with_lags,0.0011292922066104218
w_knn_without_lags,0.01762792848511505
w_knn_with_lags,7.509731401895605e-05
w_xgb_without_lags,0.26937245764068524
w_xgb_with_lags,0.03573421038683411
w_lgbm_without_lags,0.2928703108953432
w_lgbm_with_lags,0.1116355130621097
