model,weight
w_holt_winters_full,0.4047595409818677
w_holt_winters_cleaned,0.0151416629455283
w_rf_without_lags,0.06101322318402936
w_rf_with_lags,0.000293085353805531
w_knn_without_lags,0.01698793077383525
w_knn_with_lags,0.2676208865828834
w_xgb_without_lags,0.0008551441262853154
w_xgb_with_lags,0.038128924095836715
w_lgbm_without_lags,0.18701097723746624
w_lgbm_with_lags,0.008188624718462236
