model,weight
w_holt_winters_full,0.4718573210076577
w_holt_winters_cleaned,0.08462335921517547
w_rf_without_lags,1.1188280441718496e-05
w_rf_with_lags,0.0008109937075940202
w_knn_without_lags,0.08547689430829948
w_knn_with_lags,0.16920555688051972
w_xgb_without_lags,0.0017024243772374935
w_xgb_with_lags,0.03838687144001817
w_lgbm_without_lags,0.14787879968041842
w_lgbm_with_lags,4.659110263782384e-05
