model,weight
w_holt_winters_full,0.16903334477427667
w_holt_winters_cleaned,0.10588504651296739
w_rf_without_lags,0.33225534769870246
w_rf_with_lags,0.006770037801355462
w_knn_without_lags,0.008864339473534223
w_knn_with_lags,0.005966530153679761
w_xgb_without_lags,0.0029527917365207725
w_xgb_with_lags,0.027666395825195846
w_lgbm_without_lags,0.3320239880444181
w_lgbm_with_lags,0.008582177979349313
