model,weight
w_holt_winters_full,0.014209728426996786
w_holt_winters_cleaned,0.004172668938428901
w_rf_without_lags,0.268485635681344
w_rf_with_lags,0.02338270523941737
w_knn_without_lags,0.2956486488037821
w_knn_with_lags,0.04531437343129843
w_xgb_without_lags,0.2822655829340781
w_xgb_with_lags,0.05681654681504162
w_lgbm_without_lags,0.00931359634113469
w_lgbm_with_lags,0.0003905133884780723
