parameter,value
num_leaves,12.0
max_depth,6.0
min_child_samples,96.0
reg_alpha,3.7339297765703283
reg_lambda,0.0028287330574219196
subsample,0.7377580574967155
subsample_freq,2.0
colsample_bytree,0.9989363685126862
learning_rate,0.37529772727152727
n_estimators,160.0
