parameter,value
num_leaves,13.0
max_depth,2.0
min_child_samples,1.0
reg_alpha,0.5091370412227884
reg_lambda,0.00014622469571166875
subsample,0.5939408011657582
subsample_freq,6.0
colsample_bytree,0.45002241758193734
learning_rate,0.12242755336554917
n_estimators,160.0
