parameter,value
num_leaves,20.0
max_depth,2.0
min_child_samples,4.0
reg_alpha,0.10954230989485658
reg_lambda,0.00036121707785138744
subsample,0.4280852119622968
subsample_freq,9.0
colsample_bytree,0.4107566043467531
learning_rate,0.025336681884779246
n_estimators,160.0
