parameter,value
num_leaves,16.0
max_depth,3.0
min_child_samples,9.0
reg_alpha,0.011387725746457479
reg_lambda,0.0013731601148974887
subsample,0.6671473697874195
subsample_freq,8.0
colsample_bytree,0.40515163115825964
learning_rate,0.052576306714255616
n_estimators,160.0
