parameter,value
num_leaves,10.0
max_depth,3.0
min_child_samples,98.0
reg_alpha,0.004676689123712765
reg_lambda,0.16764368659551504
subsample,0.26154818774770555
subsample_freq,7.0
colsample_bytree,0.43353721321312055
learning_rate,0.11888148595906041
n_estimators,160.0
