parameter,value
num_leaves,20.0
max_depth,2.0
min_child_samples,12.0
reg_alpha,0.5791532054738251
reg_lambda,0.03225215432790222
subsample,0.40508477187072744
subsample_freq,6.0
colsample_bytree,0.9449307072537629
learning_rate,0.043911363023276695
n_estimators,160.0
