parameter,value
num_leaves,11.0
max_depth,3.0
min_child_samples,43.0
reg_alpha,0.35386835742292067
reg_lambda,0.00017764720798440394
subsample,0.8032160112955045
subsample_freq,8.0
colsample_bytree,0.32987099814082793
learning_rate,0.012447379218034073
n_estimators,160.0
