parameter,value
num_leaves,15.0
max_depth,5.0
min_child_samples,3.0
reg_alpha,0.0002443352646941355
reg_lambda,0.5704449331517608
subsample,0.6975778648682656
subsample_freq,10.0
colsample_bytree,0.25747724969897795
learning_rate,0.04029548337744135
n_estimators,160.0
