parameter,value
num_leaves,17.0
max_depth,2.0
min_child_samples,6.0
reg_alpha,0.6079754701238846
reg_lambda,0.0008440681008594643
subsample,0.5924508855522073
subsample_freq,5.0
colsample_bytree,0.49631399229719597
learning_rate,0.03205330468859705
n_estimators,160.0
