parameter,value
num_leaves,15.0
max_depth,2.0
min_child_samples,64.0
reg_alpha,0.15442097921200276
reg_lambda,0.007191571264407036
subsample,0.6417270509267144
subsample_freq,10.0
colsample_bytree,0.5630979239394791
learning_rate,0.41529100180418543
n_estimators,160.0
