parameter,value
num_leaves,24.0
max_depth,2.0
min_child_samples,1.0
reg_alpha,0.030065892339471482
reg_lambda,0.1548859623710509
subsample,0.38966894999832574
subsample_freq,9.0
colsample_bytree,0.49827757966018144
learning_rate,0.08620044957264789
n_estimators,160.0
