parameter,value
num_leaves,7.0
max_depth,2.0
min_child_samples,7.0
reg_alpha,0.057705991056528794
reg_lambda,0.00012234116729760704
subsample,0.3305762846463141
subsample_freq,9.0
colsample_bytree,0.6553346464995162
learning_rate,0.12711438749030968
n_estimators,160.0
