parameter,value
num_leaves,22.0
max_depth,4.0
min_child_samples,99.0
reg_alpha,0.05940418836104481
reg_lambda,0.0008889075389906602
subsample,0.26532596862780183
subsample_freq,6.0
colsample_bytree,0.7646044201358966
learning_rate,0.043468817105476266
n_estimators,160.0
