parameter,value
num_leaves,18.0
max_depth,7.0
min_child_samples,3.0
reg_alpha,0.0031759664270378136
reg_lambda,0.010969183822157934
subsample,0.611080211573253
subsample_freq,3.0
colsample_bytree,0.3161440340488903
learning_rate,0.0022185883461038696
n_estimators,160.0
