parameter,value
num_leaves,31.0
max_depth,4.0
min_child_samples,1.0
reg_alpha,0.0008807396007713377
reg_lambda,3.9504192493600905
subsample,0.8784036108748834
subsample_freq,10.0
colsample_bytree,0.8316009697358588
learning_rate,0.13444998193288513
n_estimators,160.0
