parameter,value
num_leaves,12.0
max_depth,2.0
min_child_samples,5.0
reg_alpha,0.055598414908118364
reg_lambda,0.0002527632994375825
subsample,0.843529253887367
subsample_freq,5.0
colsample_bytree,0.8781730973031189
learning_rate,0.04621227455147898
n_estimators,160.0
