parameter,value
num_leaves,14.0
max_depth,5.0
min_child_samples,4.0
reg_alpha,0.005560213928570434
reg_lambda,0.0008781886520454132
subsample,0.865664385249761
subsample_freq,3.0
colsample_bytree,0.8975016201917357
learning_rate,0.02884235841319408
n_estimators,160.0
