parameter,value
num_leaves,18.0
max_depth,4.0
min_child_samples,18.0
reg_alpha,0.029063555934227377
reg_lambda,0.011467666338081084
subsample,0.6660229862065011
subsample_freq,9.0
colsample_bytree,0.9322578379996985
learning_rate,0.05312115044574938
n_estimators,160.0
