parameter,value
num_leaves,19.0
max_depth,6.0
min_child_samples,1.0
reg_alpha,0.008971760106099425
reg_lambda,0.009552833117913629
subsample,0.8098511194951312
subsample_freq,3.0
colsample_bytree,0.7064568029611696
learning_rate,0.026593281932123368
n_estimators,160.0
