parameter,value
num_leaves,11.0
max_depth,4.0
min_child_samples,71.0
reg_alpha,0.4014097027024036
reg_lambda,0.025452834226968583
subsample,0.4804239675013528
subsample_freq,10.0
colsample_bytree,0.6149732479640676
learning_rate,0.49673113206983144
n_estimators,160.0
