parameter,value
num_leaves,21.0
max_depth,2.0
min_child_samples,13.0
reg_alpha,0.0001006361715026243
reg_lambda,1.9941798798153698
subsample,0.5305522811832645
subsample_freq,7.0
colsample_bytree,0.40635274165128665
learning_rate,0.03336156211008282
n_estimators,160.0
