parameter,value
num_leaves,19.0
max_depth,4.0
min_child_samples,3.0
reg_alpha,0.0003553175186580102
reg_lambda,0.00791776253378095
subsample,0.7871034674535584
subsample_freq,6.0
colsample_bytree,0.6091159270792141
learning_rate,0.06327420728392712
n_estimators,160.0
