parameter,value
num_leaves,27.0
max_depth,3.0
min_child_samples,19.0
reg_alpha,0.000234082005000572
reg_lambda,0.009849520266290842
subsample,0.7188758080307484
subsample_freq,3.0
colsample_bytree,0.7484532146225096
learning_rate,0.04550135247687592
n_estimators,160.0
