parameter,value
num_leaves,26.0
max_depth,6.0
min_child_samples,13.0
reg_alpha,0.0001135838301774454
reg_lambda,0.16530683414340677
subsample,0.7769947286763178
subsample_freq,7.0
colsample_bytree,0.8573721110705357
learning_rate,0.13929193696977757
n_estimators,160.0
