parameter,value
num_leaves,3.0
max_depth,3.0
min_child_samples,4.0
reg_alpha,0.0008185895152146488
reg_lambda,0.005197074917489197
subsample,0.5727053934191229
subsample_freq,1.0
colsample_bytree,0.9457269424001726
learning_rate,0.011130135083487109
n_estimators,160.0
