parameter,value
num_leaves,18.0
max_depth,5.0
min_child_samples,27.0
reg_alpha,0.0004793551800529501
reg_lambda,0.6576214132569523
subsample,0.7668979846451824
subsample_freq,5.0
colsample_bytree,0.9598735553572045
learning_rate,0.007300262434871789
n_estimators,160.0
