parameter,value
num_leaves,30.0
max_depth,6.0
min_child_samples,5.0
reg_alpha,0.00026551450050523866
reg_lambda,0.0002076178206167089
subsample,0.43582678772404043
subsample_freq,1.0
colsample_bytree,0.2631805711610458
learning_rate,0.12049578554773832
n_estimators,160.0
