parameter,value
num_leaves,6.0
max_depth,7.0
min_child_samples,95.0
reg_alpha,4.727757271098769
reg_lambda,0.00013812362879344267
subsample,0.39134524359931955
subsample_freq,8.0
colsample_bytree,0.6334062894905148
learning_rate,0.21804812608598745
n_estimators,160.0
