parameter,value
num_leaves,12.0
max_depth,2.0
min_child_samples,10.0
reg_alpha,0.06852165942269962
reg_lambda,0.39636767223734337
subsample,0.25020577873750205
subsample_freq,1.0
colsample_bytree,0.967364519870871
learning_rate,0.014494378604253942
n_estimators,160.0
