parameter,value
num_leaves,17.0
max_depth,4.0
min_child_samples,37.0
reg_alpha,0.008776639503750787
reg_lambda,0.011227367926368631
subsample,0.9726175091701312
subsample_freq,4.0
colsample_bytree,0.26938700185573144
learning_rate,0.10064406975105633
n_estimators,160.0
