parameter,value
num_leaves,2.0
max_depth,7.0
min_child_samples,3.0
reg_alpha,0.0009557091207685331
reg_lambda,0.00015116744305127596
subsample,0.26361455054756033
subsample_freq,1.0
colsample_bytree,0.7837699357049597
learning_rate,0.16111840397118948
n_estimators,160.0
