parameter,value
num_leaves,29.0
max_depth,2.0
min_child_samples,4.0
reg_alpha,0.00026954949015195066
reg_lambda,0.0004123019676531512
subsample,0.9087977071026657
subsample_freq,3.0
colsample_bytree,0.9300955909707362
learning_rate,0.014326451523544446
n_estimators,160.0
