parameter,value
num_leaves,25.0
max_depth,2.0
min_child_samples,13.0
reg_alpha,0.48739868831592087
reg_lambda,0.0037743804808415553
subsample,0.6958086355697608
subsample_freq,4.0
colsample_bytree,0.9845371080546794
learning_rate,0.00717522212170313
n_estimators,160.0
