parameter,value
num_leaves,24.0
max_depth,2.0
min_child_samples,5.0
reg_alpha,0.0009261090976050469
reg_lambda,0.00022481746654836368
subsample,0.3958541944069387
subsample_freq,7.0
colsample_bytree,0.9543683243805979
learning_rate,0.07555912385795548
n_estimators,160.0
