parameter,value
num_leaves,15.0
max_depth,5.0
min_child_samples,18.0
reg_alpha,0.0005404428546916073
reg_lambda,0.1095010766209511
subsample,0.35588112303561675
subsample_freq,5.0
colsample_bytree,0.892263144723042
learning_rate,0.30854883787470017
n_estimators,160.0
