parameter,value
num_leaves,13.0
max_depth,6.0
min_child_samples,40.0
reg_alpha,0.0001541802798100074
reg_lambda,0.0002151467609872674
subsample,0.7063375154212133
subsample_freq,2.0
colsample_bytree,0.6675257794214824
learning_rate,0.04560226222258627
n_estimators,160.0
