parameter,value
num_leaves,19.0
max_depth,2.0
min_child_samples,10.0
reg_alpha,0.001322543012927586
reg_lambda,0.0021931861874422316
subsample,0.371022487584698
subsample_freq,10.0
colsample_bytree,0.36321938752688393
learning_rate,0.08513229892687149
n_estimators,160.0
