parameter,value
num_leaves,2.0
max_depth,7.0
min_child_samples,94.0
reg_alpha,0.0003203066274619325
reg_lambda,2.9704234512402405
subsample,0.6404074473169905
subsample_freq,10.0
colsample_bytree,0.35456225470254393
learning_rate,0.04663782082351419
n_estimators,160.0
