parameter,value
num_leaves,25.0
max_depth,5.0
min_child_samples,12.0
reg_alpha,0.015431005135389126
reg_lambda,0.9724362450817848
subsample,0.7855951658276996
subsample_freq,6.0
colsample_bytree,0.8478825218401631
learning_rate,0.031111913612234646
n_estimators,160.0
