parameter,value
num_leaves,2.0
max_depth,6.0
min_child_samples,6.0
reg_alpha,0.3577673644845302
reg_lambda,0.0001320531017937512
subsample,0.6208271085320822
subsample_freq,10.0
colsample_bytree,0.27725265289346657
learning_rate,0.08922485641107175
n_estimators,160.0
