parameter,value
num_leaves,31.0
max_depth,3.0
min_child_samples,1.0
reg_alpha,0.013232967694456171
reg_lambda,2.5740652894838116
subsample,0.26247704348117684
subsample_freq,2.0
colsample_bytree,0.37455094764720787
learning_rate,0.10738863996574546
n_estimators,160.0
