parameter,value
num_leaves,6.0
max_depth,6.0
min_child_samples,90.0
reg_alpha,1.7542908004940698
reg_lambda,0.00010918644426789635
subsample,0.3377022581273356
subsample_freq,5.0
colsample_bytree,0.3315365340836933
learning_rate,0.05169060434897447
n_estimators,160.0
