parameter,value
num_leaves,28.0
max_depth,5.0
min_child_samples,12.0
reg_alpha,0.0035933384502049898
reg_lambda,0.002955900884787858
subsample,0.9408111490333422
subsample_freq,5.0
colsample_bytree,0.7156520601938972
learning_rate,0.36329023849502684
n_estimators,160.0
