parameter,value
num_leaves,31.0
max_depth,3.0
min_child_samples,12.0
reg_alpha,0.00044655948867903156
reg_lambda,1.6693684635926944
subsample,0.3148941467457973
subsample_freq,8.0
colsample_bytree,0.9222070487669503
learning_rate,0.01782575521071131
n_estimators,160.0
