parameter,value
num_leaves,23.0
max_depth,7.0
min_child_samples,95.0
reg_alpha,0.003477546422909357
reg_lambda,0.019968893180145574
subsample,0.2514880530071132
subsample_freq,3.0
colsample_bytree,0.5640351754713026
learning_rate,0.06296520730293408
n_estimators,160.0
