parameter,value
num_leaves,10.0
max_depth,6.0
min_child_samples,40.0
reg_alpha,0.0006917883503847717
reg_lambda,1.2029790949270796
subsample,0.26485633690436544
subsample_freq,5.0
colsample_bytree,0.3276053389221642
learning_rate,0.018492427658848808
n_estimators,160.0
