parameter,value
num_leaves,29.0
max_depth,2.0
min_child_samples,72.0
reg_alpha,0.00017771563884883364
reg_lambda,0.001574962262128686
subsample,0.365017428963909
subsample_freq,2.0
colsample_bytree,0.5183900749776973
learning_rate,0.025534815109805643
n_estimators,160.0
