parameter,value
num_leaves,26.0
max_depth,3.0
min_child_samples,7.0
reg_alpha,0.0014377288316081436
reg_lambda,0.000536984168726423
subsample,0.9299944703647043
subsample_freq,2.0
colsample_bytree,0.529747596437928
learning_rate,0.021911224577518255
n_estimators,160.0
