parameter,value
num_leaves,23.0
max_depth,3.0
min_child_samples,5.0
reg_alpha,0.009739775452326056
reg_lambda,0.0005625461012602323
subsample,0.7542594586041028
subsample_freq,3.0
colsample_bytree,0.4408474279371035
learning_rate,0.04623889684925242
n_estimators,160.0
