parameter,value
num_leaves,12.0
max_depth,6.0
min_child_samples,57.0
reg_alpha,0.00022430420060773017
reg_lambda,1.979358102055597
subsample,0.6741695038586065
subsample_freq,6.0
colsample_bytree,0.45587223283646094
learning_rate,0.03694058484017868
n_estimators,160.0
