parameter,value
num_leaves,16.0
max_depth,7.0
min_child_samples,10.0
reg_alpha,0.0006389017725423505
reg_lambda,0.0006338332623737217
subsample,0.8005905833088958
subsample_freq,3.0
colsample_bytree,0.8628108799120148
learning_rate,0.23102417208889434
n_estimators,160.0
