parameter,value
num_leaves,16.0
max_depth,7.0
min_child_samples,1.0
reg_alpha,0.0004193567462458487
reg_lambda,0.00020041031048398215
subsample,0.4865840618841559
subsample_freq,3.0
colsample_bytree,0.5738408596231925
learning_rate,0.025884793810490504
n_estimators,160.0
