parameter,value
num_leaves,3.0
max_depth,6.0
min_child_samples,1.0
reg_alpha,0.06193914841469756
reg_lambda,0.00013941583099127773
subsample,0.899955167548095
subsample_freq,10.0
colsample_bytree,0.3072666059346895
learning_rate,0.04627876233212552
n_estimators,160.0
