parameter,value
num_leaves,25.0
max_depth,5.0
min_child_samples,55.0
reg_alpha,0.0006379677875634489
reg_lambda,0.0003994041402847615
subsample,0.8815991809823424
subsample_freq,5.0
colsample_bytree,0.6153094348662089
learning_rate,0.4102139135610999
n_estimators,160.0
