parameter,value
num_leaves,2.0
max_depth,4.0
min_child_samples,100.0
reg_alpha,0.007015546528933299
reg_lambda,0.03300997676439937
subsample,0.26369408895899366
subsample_freq,6.0
colsample_bytree,0.5887478829682682
learning_rate,0.08501168354466049
n_estimators,160.0
