parameter,value
num_leaves,2.0
max_depth,2.0
min_child_samples,13.0
reg_alpha,0.00042751352069881065
reg_lambda,0.016057471155733465
subsample,0.5291557768570094
subsample_freq,10.0
colsample_bytree,0.4122524417372986
learning_rate,0.013885724592024851
n_estimators,160.0
