parameter,value
num_leaves,17.0
max_depth,3.0
min_child_samples,3.0
reg_alpha,0.04910553976850863
reg_lambda,0.0008994453490069382
subsample,0.4605290524697033
subsample_freq,7.0
colsample_bytree,0.4368570467076647
learning_rate,0.08625496628489931
n_estimators,160.0
