parameter,value
num_leaves,30.0
max_depth,5.0
min_child_samples,12.0
reg_alpha,0.043159156527752394
reg_lambda,0.0018172234250492776
subsample,0.933089836192513
subsample_freq,2.0
colsample_bytree,0.4005953092869963
learning_rate,0.016746854133627392
n_estimators,160.0
