parameter,value
num_leaves,17.0
max_depth,2.0
min_child_samples,1.0
reg_alpha,0.004582686076730249
reg_lambda,0.0001500012390275814
subsample,0.5908625758806274
subsample_freq,8.0
colsample_bytree,0.6873225525882803
learning_rate,0.2760731514301598
n_estimators,160.0
