parameter,value
num_leaves,4.0
max_depth,5.0
min_child_samples,9.0
reg_alpha,0.027427707503940843
reg_lambda,0.0019536558605983715
subsample,0.4140687288229586
subsample_freq,7.0
colsample_bytree,0.26269147845812163
learning_rate,0.01603255725373456
n_estimators,160.0
