parameter,value
num_leaves,12.0
max_depth,5.0
min_child_samples,11.0
reg_alpha,0.2119192689418606
reg_lambda,0.0001204271980411249
subsample,0.9120746077856361
subsample_freq,8.0
colsample_bytree,0.9853556520062863
learning_rate,0.29068377780499505
n_estimators,160.0
