parameter,value
num_leaves,4.0
max_depth,3.0
min_child_samples,13.0
reg_alpha,0.0007017078763573944
reg_lambda,0.02108357799271041
subsample,0.7592464156493182
subsample_freq,4.0
colsample_bytree,0.29451531940966025
learning_rate,0.014990343822515982
n_estimators,160.0
