parameter,value
num_leaves,19.0
max_depth,2.0
min_child_samples,1.0
reg_alpha,0.018252962856233092
reg_lambda,0.062404540108804765
subsample,0.36990862970510935
subsample_freq,1.0
colsample_bytree,0.7512790636778244
learning_rate,0.09200428725509906
n_estimators,160.0
