parameter,value
num_leaves,27.0
max_depth,5.0
min_child_samples,3.0
reg_alpha,0.024737899479285706
reg_lambda,0.0007460473651730406
subsample,0.9698818037752706
subsample_freq,7.0
colsample_bytree,0.3954331942171369
learning_rate,0.03233971256612235
n_estimators,160.0
