parameter,value
num_leaves,3.0
max_depth,5.0
min_child_samples,11.0
reg_alpha,0.003484126620439933
reg_lambda,0.00019990496836684956
subsample,0.8224145068138621
subsample_freq,1.0
colsample_bytree,0.48913185942541476
learning_rate,0.0379712855659841
n_estimators,160.0
