parameter,value
num_leaves,16.0
max_depth,6.0
min_child_samples,12.0
reg_alpha,0.4048005663601962
reg_lambda,0.00018547704785538407
subsample,0.5193030159615042
subsample_freq,9.0
colsample_bytree,0.36785109932174975
learning_rate,0.05721477750799457
n_estimators,160.0
