parameter,value
num_leaves,14.0
max_depth,4.0
min_child_samples,4.0
reg_alpha,0.0026796399193040766
reg_lambda,0.012526917235804224
subsample,0.9411593005721335
subsample_freq,10.0
colsample_bytree,0.7663433406004614
learning_rate,0.01944391920429301
n_estimators,160.0
