parameter,value
num_leaves,28.0
max_depth,5.0
min_child_samples,27.0
reg_alpha,0.32052756346814454
reg_lambda,0.012274773299776408
subsample,0.9990738835559564
subsample_freq,6.0
colsample_bytree,0.9405941016722437
learning_rate,0.014315756368979124
n_estimators,160.0
