parameter,value
num_leaves,14.0
max_depth,3.0
min_child_samples,62.0
reg_alpha,0.0007393915533980075
reg_lambda,0.05404202679816008
subsample,0.38994668800157406
subsample_freq,6.0
colsample_bytree,0.46656895365963325
learning_rate,0.3993185151970199
n_estimators,160.0
