parameter,value
num_leaves,27.0
max_depth,3.0
min_child_samples,16.0
reg_alpha,0.0007068518926726041
reg_lambda,0.4222092392399639
subsample,0.8911126203233088
subsample_freq,7.0
colsample_bytree,0.40779392229517536
learning_rate,0.19773917009591369
n_estimators,160.0
