parameter,value
num_leaves,23.0
max_depth,3.0
min_child_samples,70.0
reg_alpha,0.004112040967095775
reg_lambda,0.00022751644847073956
subsample,0.755987692680201
subsample_freq,8.0
colsample_bytree,0.9505832861937921
learning_rate,0.004929073641704545
n_estimators,160.0
