parameter,value
num_leaves,19.0
max_depth,2.0
min_child_samples,15.0
reg_alpha,1.9308250239301008
reg_lambda,0.002072504834937976
subsample,0.5494390741051398
subsample_freq,7.0
colsample_bytree,0.49432933095302917
learning_rate,0.020873619818147286
n_estimators,160.0
