parameter,value
num_leaves,29.0
max_depth,4.0
min_child_samples,26.0
reg_alpha,0.0031602965571106366
reg_lambda,1.4402710387025914
subsample,0.6430081652753792
subsample_freq,10.0
colsample_bytree,0.9416440886790677
learning_rate,0.018142966358904788
n_estimators,160.0
