parameter,value
num_leaves,12.0
max_depth,2.0
min_child_samples,1.0
reg_alpha,0.002835917633438151
reg_lambda,0.0002495430327074189
subsample,0.5258306618023818
subsample_freq,1.0
colsample_bytree,0.5467362077353232
learning_rate,0.040829512652104015
n_estimators,160.0
