parameter,value
num_leaves,12.0
max_depth,6.0
min_child_samples,63.0
reg_alpha,0.11419062046130306
reg_lambda,0.016550669640276353
subsample,0.4762000906930005
subsample_freq,5.0
colsample_bytree,0.46363310882672826
learning_rate,0.2375787550390308
n_estimators,160.0
