parameter,value
num_leaves,11.0
max_depth,4.0
min_child_samples,37.0
reg_alpha,7.124836798489511
reg_lambda,0.00017060923283703544
subsample,0.9422649251159586
subsample_freq,4.0
colsample_bytree,0.9487097265090135
learning_rate,0.01741732648112143
n_estimators,160.0
