parameter,value
num_leaves,14.0
max_depth,5.0
min_child_samples,55.0
reg_alpha,0.00045619003861553274
reg_lambda,0.05183895975334099
subsample,0.815171541648022
subsample_freq,7.0
colsample_bytree,0.667606221392376
learning_rate,0.49776027064830936
n_estimators,160.0
