parameter,value
num_leaves,29.0
max_depth,2.0
min_child_samples,15.0
reg_alpha,0.002205772760743946
reg_lambda,0.0014519052229251142
subsample,0.3129640719252574
subsample_freq,1.0
colsample_bytree,0.9004106108308765
learning_rate,0.09553223642981604
n_estimators,160.0
