parameter,value
num_leaves,26.0
max_depth,4.0
min_child_samples,32.0
reg_alpha,0.06692416321594707
reg_lambda,0.00021994974869985362
subsample,0.9988861552043857
subsample_freq,1.0
colsample_bytree,0.967437662722333
learning_rate,0.005776818294623092
n_estimators,160.0
