parameter,value
num_leaves,15.0
max_depth,5.0
min_child_samples,98.0
reg_alpha,0.0001585662040472809
reg_lambda,0.0005087841005519682
subsample,0.7775366552512825
subsample_freq,9.0
colsample_bytree,0.9169713994011169
learning_rate,0.008016308900639172
n_estimators,160.0
