parameter,value
num_leaves,20.0
max_depth,6.0
min_child_samples,21.0
reg_alpha,0.0003636174392232124
reg_lambda,0.00018610165883364003
subsample,0.9749917872399688
subsample_freq,10.0
colsample_bytree,0.9098372482889739
learning_rate,0.11879615652756388
n_estimators,160.0
