parameter,value
num_leaves,13.0
max_depth,5.0
min_child_samples,29.0
reg_alpha,0.00024653750199546805
reg_lambda,0.15018602708090326
subsample,0.8386635594744289
subsample_freq,4.0
colsample_bytree,0.2532587402259932
learning_rate,0.02825127272476556
n_estimators,160.0
