parameter,value
num_leaves,7.0
max_depth,4.0
min_child_samples,23.0
reg_alpha,3.7644460458727735
reg_lambda,0.0018868625261911603
subsample,0.6816941653663443
subsample_freq,8.0
colsample_bytree,0.40183661025836676
learning_rate,0.05705217783422464
n_estimators,160.0
