parameter,value
num_leaves,19.0
max_depth,7.0
min_child_samples,32.0
reg_alpha,0.0002921228452249936
reg_lambda,0.0058072365349194155
subsample,0.9855387896411391
subsample_freq,3.0
colsample_bytree,0.9844297459654342
learning_rate,0.00975502240922123
n_estimators,160.0
