parameter,value
num_leaves,16.0
max_depth,2.0
min_child_samples,1.0
reg_alpha,0.015080944222847515
reg_lambda,0.28327077508614007
subsample,0.44352973902672965
subsample_freq,3.0
colsample_bytree,0.9663251572024965
learning_rate,0.057736578648078345
n_estimators,160.0
