parameter,value
num_leaves,6.0
max_depth,5.0
min_child_samples,3.0
reg_alpha,0.0039432557102581116
reg_lambda,0.00012453526198212629
subsample,0.6770986572439377
subsample_freq,1.0
colsample_bytree,0.25009686550197974
learning_rate,0.041843597889797864
n_estimators,160.0
