parameter,value
num_leaves,19.0
max_depth,5.0
min_child_samples,49.0
reg_alpha,0.004045997551303841
reg_lambda,0.00040321578725480936
subsample,0.6280253230996058
subsample_freq,10.0
colsample_bytree,0.33411739454968675
learning_rate,0.016626318939847024
n_estimators,160.0
