parameter,value
num_leaves,5.0
max_depth,2.0
min_child_samples,14.0
reg_alpha,0.00017723243280062245
reg_lambda,8.153986155631552
subsample,0.3727157591581726
subsample_freq,10.0
colsample_bytree,0.8710219616328957
learning_rate,0.060145259400802134
n_estimators,160.0
