parameter,value
num_leaves,13.0
max_depth,3.0
min_child_samples,32.0
reg_alpha,0.15457198020301186
reg_lambda,0.19718164322655268
subsample,0.9857623351718604
subsample_freq,4.0
colsample_bytree,0.8872055688086385
learning_rate,0.021814231204733074
n_estimators,160.0
