parameter,value
num_leaves,16.0
max_depth,4.0
min_child_samples,26.0
reg_alpha,0.02002213190982026
reg_lambda,0.011804769104454922
subsample,0.9357425095209834
subsample_freq,5.0
colsample_bytree,0.269209193576676
learning_rate,0.030382264165949767
n_estimators,160.0
