parameter,value
num_leaves,20.0
max_depth,5.0
min_child_samples,80.0
reg_alpha,0.17166033669992603
reg_lambda,0.00015298314159676652
subsample,0.2902652788723184
subsample_freq,3.0
colsample_bytree,0.6978605176009984
learning_rate,0.0793221947200683
n_estimators,160.0
