parameter,value
num_leaves,23.0
max_depth,6.0
min_child_samples,5.0
reg_alpha,0.0009087303341532126
reg_lambda,0.004286564965797329
subsample,0.4870426892227284
subsample_freq,8.0
colsample_bytree,0.5537921414867437
learning_rate,0.010711253896435066
n_estimators,160.0
