parameter,value
num_leaves,30.0
max_depth,7.0
min_child_samples,48.0
reg_alpha,0.022385519827214876
reg_lambda,0.012568832370337008
subsample,0.4610891420341936
subsample_freq,10.0
colsample_bytree,0.3393808759995617
learning_rate,0.02032762048238469
n_estimators,160.0
