parameter,value
num_leaves,25.0
max_depth,4.0
min_child_samples,10.0
reg_alpha,0.11763317753722079
reg_lambda,0.00019838371554759912
subsample,0.8834207008631447
subsample_freq,7.0
colsample_bytree,0.9635868553753121
learning_rate,0.01685529852917345
n_estimators,160.0
