parameter,value
num_leaves,19.0
max_depth,3.0
min_child_samples,5.0
reg_alpha,0.004177423677155533
reg_lambda,0.0035500583383285857
subsample,0.3238448831856534
subsample_freq,1.0
colsample_bytree,0.5991269184183806
learning_rate,0.07353244934119543
n_estimators,160.0
