parameter,value
num_leaves,29.0
max_depth,7.0
min_child_samples,10.0
reg_alpha,0.0001896630643668594
reg_lambda,0.001040643684615791
subsample,0.9994493181011604
subsample_freq,6.0
colsample_bytree,0.47537446933349703
learning_rate,0.0026609373162641463
n_estimators,160.0
