parameter,value
num_leaves,12.0
max_depth,6.0
min_child_samples,44.0
reg_alpha,0.005309320799926524
reg_lambda,0.0372754037269438
subsample,0.5292167062162522
subsample_freq,10.0
colsample_bytree,0.6738324877031127
learning_rate,0.004646675091230559
n_estimators,160.0
