parameter,value
num_leaves,24.0
max_depth,2.0
min_child_samples,71.0
reg_alpha,0.0026611337343532826
reg_lambda,0.0017047056454065704
subsample,0.8279004470620608
subsample_freq,5.0
colsample_bytree,0.7990491616434022
learning_rate,0.03753520001714196
n_estimators,160.0
