parameter,value
num_leaves,29.0
max_depth,2.0
min_child_samples,21.0
reg_alpha,1.1882896301381531
reg_lambda,0.00011794970792097888
subsample,0.7969242169992679
subsample_freq,2.0
colsample_bytree,0.6008000290402649
learning_rate,0.030018784110338325
n_estimators,160.0
