parameter,value
num_leaves,5.0
max_depth,3.0
min_child_samples,1.0
reg_alpha,0.1840570563019555
reg_lambda,0.0032561447423405452
subsample,0.7230764966921326
subsample_freq,9.0
colsample_bytree,0.6105464383304852
learning_rate,0.0071296032785568885
n_estimators,160.0
