parameter,value
num_leaves,28.0
max_depth,3.0
min_child_samples,35.0
reg_alpha,0.0012027944726526638
reg_lambda,0.0005472328965605447
subsample,0.33800316563287497
subsample_freq,10.0
colsample_bytree,0.955603015808103
learning_rate,0.00827132559166533
n_estimators,160.0
