parameter,value
num_leaves,6.0
max_depth,5.0
min_child_samples,3.0
reg_alpha,0.002116857085217371
reg_lambda,0.0010510651813671462
subsample,0.846478011494098
subsample_freq,9.0
colsample_bytree,0.6985107629676173
learning_rate,0.034671555888873336
n_estimators,160.0
