parameter,value
num_leaves,2.0
max_depth,7.0
min_child_samples,12.0
reg_alpha,0.00016548740475808886
reg_lambda,0.0009007875091856289
subsample,0.8416776318170052
subsample_freq,7.0
colsample_bytree,0.6538338978177574
learning_rate,0.09925199457543114
n_estimators,160.0
