parameter,value
num_leaves,2.0
max_depth,5.0
min_child_samples,100.0
reg_alpha,6.927801344239888
reg_lambda,0.0034341393740453465
subsample,0.6943822847208649
subsample_freq,8.0
colsample_bytree,0.2721139089403495
learning_rate,0.017122913896986336
n_estimators,160.0
