parameter,value
num_leaves,28.0
max_depth,2.0
min_child_samples,3.0
reg_alpha,0.028325079032218096
reg_lambda,0.00024356590248813154
subsample,0.898109373605688
subsample_freq,10.0
colsample_bytree,0.3236866860826274
learning_rate,0.11165149961673312
n_estimators,160.0
