parameter,value
num_leaves,14.0
max_depth,2.0
min_child_samples,4.0
reg_alpha,0.03563838953447753
reg_lambda,0.00015073064300593332
subsample,0.3126720061509841
subsample_freq,6.0
colsample_bytree,0.8744691511600976
learning_rate,0.01313208421979995
n_estimators,160.0
