parameter,value
num_leaves,25.0
max_depth,7.0
min_child_samples,3.0
reg_alpha,0.0001785400558730094
reg_lambda,0.043890654749135546
subsample,0.6991998133436694
subsample_freq,1.0
colsample_bytree,0.9494716659552843
learning_rate,0.03550507115403534
n_estimators,160.0
