parameter,value
num_leaves,22.0
max_depth,4.0
min_child_samples,1.0
reg_alpha,0.016626670295618054
reg_lambda,0.00017619168823209295
subsample,0.38454327378532993
subsample_freq,8.0
colsample_bytree,0.6670525168393162
learning_rate,0.021804584642341425
n_estimators,160.0
