parameter,value
num_leaves,31.0
max_depth,2.0
min_child_samples,15.0
reg_alpha,0.07706011923079208
reg_lambda,0.0005827922347189019
subsample,0.9835790627662191
subsample_freq,6.0
colsample_bytree,0.9226136202314381
learning_rate,0.010052320384174453
n_estimators,160.0
