parameter,value
num_leaves,24.0
max_depth,2.0
min_child_samples,5.0
reg_alpha,0.00032998139499860015
reg_lambda,0.1433372874483578
subsample,0.35759942248786647
subsample_freq,2.0
colsample_bytree,0.9029753822343406
learning_rate,0.020767431710970133
n_estimators,160.0
