parameter,value
num_leaves,11.0
max_depth,4.0
min_child_samples,82.0
reg_alpha,0.0022199338342760552
reg_lambda,0.006361407696480633
subsample,0.34311533143554507
subsample_freq,1.0
colsample_bytree,0.35123055758035476
learning_rate,0.4992647461480643
n_estimators,160.0
