parameter,value
num_leaves,18.0
max_depth,2.0
min_child_samples,6.0
reg_alpha,0.33901418696922303
reg_lambda,0.0015140253902992194
subsample,0.5746524870054948
subsample_freq,9.0
colsample_bytree,0.5952281570891796
learning_rate,0.03281157107617681
n_estimators,160.0
