parameter,value
num_leaves,8.0
max_depth,6.0
min_child_samples,3.0
reg_alpha,0.00032122232752512006
reg_lambda,0.0002612341619054247
subsample,0.9865613447990719
subsample_freq,3.0
colsample_bytree,0.9348287443423339
learning_rate,0.0316133859199071
n_estimators,160.0
