parameter,value
num_leaves,2.0
max_depth,5.0
min_child_samples,33.0
reg_alpha,0.0003868689760794528
reg_lambda,0.3132911602286491
subsample,0.9516411852996637
subsample_freq,6.0
colsample_bytree,0.2863388475691509
learning_rate,0.043283895406797536
n_estimators,160.0
