parameter,value
num_leaves,3.0
max_depth,5.0
min_child_samples,3.0
reg_alpha,0.002159981003679805
reg_lambda,0.0009048897383064971
subsample,0.28426459081194916
subsample_freq,1.0
colsample_bytree,0.7487416014483398
learning_rate,0.038084332971964896
n_estimators,160.0
