parameter,value
num_leaves,13.0
max_depth,6.0
min_child_samples,98.0
reg_alpha,0.36730119242555054
reg_lambda,0.0006180835177436598
subsample,0.3103559764037334
subsample_freq,6.0
colsample_bytree,0.8632846866239535
learning_rate,0.054684350598287745
n_estimators,160.0
