parameter,value
num_leaves,31.0
max_depth,4.0
min_child_samples,8.0
reg_alpha,0.016395312660522174
reg_lambda,0.0006756237991260364
subsample,0.4577356756883114
subsample_freq,3.0
colsample_bytree,0.4905882568517524
learning_rate,0.013701202559882589
n_estimators,160.0
