parameter,value
num_leaves,13.0
max_depth,4.0
min_child_samples,44.0
reg_alpha,0.007938452238814083
reg_lambda,0.005926331633478065
subsample,0.9994324333100921
subsample_freq,5.0
colsample_bytree,0.8525014013410238
learning_rate,0.0074410665614166056
n_estimators,160.0
