parameter,value
num_leaves,3.0
max_depth,4.0
min_child_samples,88.0
reg_alpha,0.0014825080224854122
reg_lambda,0.03146782530213834
subsample,0.7337846456080646
subsample_freq,7.0
colsample_bytree,0.2954432749912285
learning_rate,0.047843796924322626
n_estimators,160.0
