parameter,value
num_leaves,7.0
max_depth,4.0
min_child_samples,79.0
reg_alpha,0.0012021171421176353
reg_lambda,0.0020924230147504543
subsample,0.5995356852075775
subsample_freq,1.0
colsample_bytree,0.2638634706395189
learning_rate,0.035102206570525624
n_estimators,160.0
