parameter,value
num_leaves,10.0
max_depth,4.0
min_child_samples,3.0
reg_alpha,0.01885783264584943
reg_lambda,0.00021852837385048844
subsample,0.5787906397778761
subsample_freq,2.0
colsample_bytree,0.35284672028986214
learning_rate,0.03283066755777999
n_estimators,160.0
