parameter,value
num_leaves,29.0
max_depth,5.0
min_child_samples,17.0
reg_alpha,2.2004534625844387
reg_lambda,0.00013553682065653953
subsample,0.788255580411214
subsample_freq,3.0
colsample_bytree,0.7883059720484592
learning_rate,0.01744823582542036
n_estimators,160.0
