parameter,value
num_leaves,30.0
max_depth,2.0
min_child_samples,2.0
reg_alpha,0.008464556721223253
reg_lambda,0.017476942849155984
subsample,0.5737538995464891
subsample_freq,10.0
colsample_bytree,0.724065135425973
learning_rate,0.009471073590828424
n_estimators,160.0
