parameter,value
num_leaves,18.0
max_depth,4.0
min_child_samples,98.0
reg_alpha,0.002100708262779401
reg_lambda,0.00010144997207132573
subsample,0.7366492153410292
subsample_freq,4.0
colsample_bytree,0.2680759022566793
learning_rate,0.010179755542640187
n_estimators,160.0
