parameter,value
num_leaves,9.0
max_depth,7.0
min_child_samples,11.0
reg_alpha,3.433752277684882
reg_lambda,0.00015056418526136281
subsample,0.2626882077802927
subsample_freq,7.0
colsample_bytree,0.32084665222439834
learning_rate,0.06993884034992176
n_estimators,160.0
