parameter,value
num_leaves,15.0
max_depth,2.0
min_child_samples,3.0
reg_alpha,0.014881074088434223
reg_lambda,0.0317785157142901
subsample,0.27616046560321583
subsample_freq,3.0
colsample_bytree,0.4379488861047678
learning_rate,0.024769975530747182
n_estimators,160.0
