parameter,value
num_leaves,16.0
max_depth,4.0
min_child_samples,98.0
reg_alpha,0.00035519375954876656
reg_lambda,2.097563740405971
subsample,0.2644121279591073
subsample_freq,3.0
colsample_bytree,0.44196243605262364
learning_rate,0.056091750137563505
n_estimators,160.0
