parameter,value
num_leaves,16.0
max_depth,6.0
min_child_samples,12.0
reg_alpha,0.09793590524206182
reg_lambda,0.00010145258303093575
subsample,0.5999707487449555
subsample_freq,3.0
colsample_bytree,0.9986463005916156
learning_rate,0.03053190253409221
n_estimators,160.0
