parameter,value
num_leaves,4.0
max_depth,5.0
min_child_samples,3.0
reg_alpha,0.00034955437431624724
reg_lambda,0.0055533125420926975
subsample,0.2668785498225825
subsample_freq,2.0
colsample_bytree,0.9781875794675386
learning_rate,0.0433549636929436
n_estimators,160.0
