parameter,value
num_leaves,18.0
max_depth,3.0
min_child_samples,57.0
reg_alpha,0.0009569913712861921
reg_lambda,0.38263675105018347
subsample,0.6514102921730092
subsample_freq,7.0
colsample_bytree,0.2878037435879721
learning_rate,0.02981566402967437
n_estimators,160.0
