parameter,value
num_leaves,2.0
max_depth,2.0
min_child_samples,3.0
reg_alpha,0.00010209117829569374
reg_lambda,0.003328233598268807
subsample,0.40433948565445516
subsample_freq,1.0
colsample_bytree,0.25327069978250083
learning_rate,0.08367782729288939
n_estimators,160.0
