parameter,value
num_leaves,22.0
max_depth,5.0
min_child_samples,89.0
reg_alpha,0.04156019762789546
reg_lambda,0.0002027225055833085
subsample,0.8997172629613952
subsample_freq,10.0
colsample_bytree,0.26958796036504146
learning_rate,0.021612267680067042
n_estimators,160.0
