parameter,value
num_leaves,9.0
max_depth,3.0
min_child_samples,5.0
reg_alpha,0.000571376334998657
reg_lambda,0.014443491056887886
subsample,0.6171487945578094
subsample_freq,5.0
colsample_bytree,0.44889722353410016
learning_rate,0.01988873688148108
n_estimators,160.0
