parameter,value
num_leaves,23.0
max_depth,5.0
min_child_samples,64.0
reg_alpha,0.006493029870630644
reg_lambda,0.013368291861314649
subsample,0.5113768104162014
subsample_freq,5.0
colsample_bytree,0.2871587692981468
learning_rate,0.03561551042005177
n_estimators,160.0
