parameter,value
num_leaves,10.0
max_depth,3.0
min_child_samples,28.0
reg_alpha,2.3849245501610126
reg_lambda,0.0042671597767861575
subsample,0.9756002058745571
subsample_freq,10.0
colsample_bytree,0.941940389754824
learning_rate,0.07157466601338787
n_estimators,160.0
