parameter,value
num_leaves,29.0
max_depth,2.0
min_child_samples,1.0
reg_alpha,0.00012352654513676634
reg_lambda,0.0019520716189660046
subsample,0.5963506559030374
subsample_freq,3.0
colsample_bytree,0.5418633268626096
learning_rate,0.15838685445918219
n_estimators,160.0
