parameter,value
num_leaves,9.0
max_depth,5.0
min_child_samples,32.0
reg_alpha,0.001701901978398666
reg_lambda,0.8710269684052376
subsample,0.28243732269486077
subsample_freq,7.0
colsample_bytree,0.40659928361775466
learning_rate,0.012286324041131632
n_estimators,160.0
