parameter,value
num_leaves,9.0
max_depth,6.0
min_child_samples,26.0
reg_alpha,0.0001223843737280893
reg_lambda,0.0005017554145872183
subsample,0.9833060873640945
subsample_freq,5.0
colsample_bytree,0.9969898886554923
learning_rate,0.006958164611404594
n_estimators,160.0
