parameter,value
num_leaves,25.0
max_depth,4.0
min_child_samples,9.0
reg_alpha,0.014324264806250585
reg_lambda,0.00046921389334542493
subsample,0.5945024620385183
subsample_freq,8.0
colsample_bytree,0.5515471267528165
learning_rate,0.012987131613536665
n_estimators,160.0
