parameter,value
num_leaves,22.0
max_depth,7.0
min_child_samples,97.0
reg_alpha,7.905164497155924
reg_lambda,0.0016838455113154863
subsample,0.7473541542956617
subsample_freq,10.0
colsample_bytree,0.9443807918328528
learning_rate,0.0033633057404085158
n_estimators,160.0
