parameter,value
num_leaves,29.0
max_depth,5.0
min_child_samples,43.0
reg_alpha,0.0002581406542511389
reg_lambda,0.0006936635140683365
subsample,0.965187802838267
subsample_freq,2.0
colsample_bytree,0.2743793585622603
learning_rate,0.06980295400394516
n_estimators,160.0
