parameter,value
num_leaves,25.0
max_depth,2.0
min_child_samples,68.0
reg_alpha,0.00023372983618621747
reg_lambda,1.4615364795566623
subsample,0.7066760551874325
subsample_freq,1.0
colsample_bytree,0.9452516545695194
learning_rate,0.007312740037553826
n_estimators,160.0
