parameter,value
num_leaves,18.0
max_depth,2.0
min_child_samples,5.0
reg_alpha,0.00018801919740819812
reg_lambda,0.004350159635330462
subsample,0.6278486272785242
subsample_freq,4.0
colsample_bytree,0.8442821228406101
learning_rate,0.057156563364656535
n_estimators,160.0
