parameter,value
num_leaves,23.0
max_depth,2.0
min_child_samples,1.0
reg_alpha,0.00019361064536365367
reg_lambda,2.367525026962885
subsample,0.9222568283219357
subsample_freq,9.0
colsample_bytree,0.37246690280087924
learning_rate,0.02985925735481325
n_estimators,160.0
