parameter,value
num_leaves,29.0
max_depth,5.0
min_child_samples,4.0
reg_alpha,7.208029421086804
reg_lambda,0.00033246997064344415
subsample,0.35529686609261085
subsample_freq,3.0
colsample_bytree,0.9984505022427412
learning_rate,0.020665889480884023
n_estimators,160.0
