parameter,value
num_leaves,2.0
max_depth,4.0
min_child_samples,8.0
reg_alpha,0.00010153791970580227
reg_lambda,0.01992845441899136
subsample,0.9999847244555671
subsample_freq,3.0
colsample_bytree,0.4090051840505708
learning_rate,0.14736933539552682
n_estimators,160.0
