parameter,value
num_leaves,15.0
max_depth,3.0
min_child_samples,17.0
reg_alpha,0.15559387897329682
reg_lambda,0.0007656586254581687
subsample,0.8895973561522128
subsample_freq,10.0
colsample_bytree,0.3540642861746862
learning_rate,0.04787963750122394
n_estimators,160.0
