parameter,value
num_leaves,20.0
max_depth,6.0
min_child_samples,96.0
reg_alpha,0.0026477449110815397
reg_lambda,4.965221634757115
subsample,0.7996887014240975
subsample_freq,2.0
colsample_bytree,0.25209874541423427
learning_rate,0.04126130955126223
n_estimators,160.0
