parameter,value
num_leaves,29.0
max_depth,5.0
min_child_samples,5.0
reg_alpha,3.0819143313723223
reg_lambda,0.021762771192663167
subsample,0.29276897093066523
subsample_freq,6.0
colsample_bytree,0.6051074034953924
learning_rate,0.026940206179821673
n_estimators,160.0
