parameter,value
num_leaves,6.0
max_depth,6.0
min_child_samples,58.0
reg_alpha,0.44663827957351515
reg_lambda,0.23882671690672588
subsample,0.3848658764696532
subsample_freq,5.0
colsample_bytree,0.29271985134933876
learning_rate,0.049462300649784095
n_estimators,160.0
