parameter,value
num_leaves,27.0
max_depth,2.0
min_child_samples,98.0
reg_alpha,0.0035784913478545954
reg_lambda,0.0019010218065360325
subsample,0.29640854885122236
subsample_freq,10.0
colsample_bytree,0.5648494756562554
learning_rate,0.3673855120626706
n_estimators,160.0
