parameter,value
num_leaves,31.0
max_depth,4.0
min_child_samples,25.0
reg_alpha,0.0002178001466676405
reg_lambda,0.02191461384413096
subsample,0.928960047520808
subsample_freq,9.0
colsample_bytree,0.4207007497258607
learning_rate,0.011378154085443381
n_estimators,160.0
