parameter,value
num_leaves,12.0
max_depth,6.0
min_child_samples,2.0
reg_alpha,0.00034832181740094697
reg_lambda,0.001081271860926512
subsample,0.9992627175597488
subsample_freq,2.0
colsample_bytree,0.7773663119053845
learning_rate,0.07422683847003755
n_estimators,160.0
