parameter,value
num_leaves,12.0
max_depth,3.0
min_child_samples,76.0
reg_alpha,0.000980185475794862
reg_lambda,0.004701408472753769
subsample,0.8644291376940758
subsample_freq,1.0
colsample_bytree,0.27393468935454335
learning_rate,0.038529325862873574
n_estimators,160.0
