parameter,value
num_leaves,13.0
max_depth,5.0
min_child_samples,54.0
reg_alpha,0.00038589839038534257
reg_lambda,0.0901638692443395
subsample,0.9661825726282822
subsample_freq,4.0
colsample_bytree,0.6993844069109073
learning_rate,0.019254194427060084
n_estimators,160.0
