parameter,value
num_leaves,2.0
max_depth,2.0
min_child_samples,28.0
reg_alpha,0.00019940000584885707
reg_lambda,0.027054270004004847
subsample,0.5286320109304031
subsample_freq,9.0
colsample_bytree,0.3078990677322123
learning_rate,0.030468632073641765
n_estimators,160.0
