parameter,value
num_leaves,24.0
max_depth,2.0
min_child_samples,93.0
reg_alpha,0.0006586116578021381
reg_lambda,0.002808031254006022
subsample,0.494720244576335
subsample_freq,8.0
colsample_bytree,0.9568086391013731
learning_rate,0.009498193990133503
n_estimators,160.0
