parameter,value
num_leaves,7.0
max_depth,4.0
min_child_samples,1.0
reg_alpha,0.38543740862803283
reg_lambda,0.00030750745990999143
subsample,0.568602052235425
subsample_freq,6.0
colsample_bytree,0.6772552101975718
learning_rate,0.022649595676754557
n_estimators,160.0
