parameter,value
num_leaves,12.0
max_depth,2.0
min_child_samples,7.0
reg_alpha,0.0001359767563252842
reg_lambda,0.10664567017151574
subsample,0.6725941632292927
subsample_freq,6.0
colsample_bytree,0.7118585002037461
learning_rate,0.026804627736166677
n_estimators,160.0
