parameter,value
num_leaves,9.0
max_depth,4.0
min_child_samples,17.0
reg_alpha,0.420200057950775
reg_lambda,0.00027119246324428073
subsample,0.9418333900075824
subsample_freq,8.0
colsample_bytree,0.7897385535963103
learning_rate,0.005871327855804679
n_estimators,160.0
