parameter,value
num_leaves,7.0
max_depth,4.0
min_child_samples,32.0
reg_alpha,0.8389826963580693
reg_lambda,0.00022577895899984123
subsample,0.9691735563061232
subsample_freq,9.0
colsample_bytree,0.6106605598174227
learning_rate,0.03287004600643345
n_estimators,160.0
