parameter,value
num_leaves,25.0
max_depth,3.0
min_child_samples,1.0
reg_alpha,0.00019520288347359642
reg_lambda,0.0019769129385261296
subsample,0.4847572060857216
subsample_freq,7.0
colsample_bytree,0.3679643650770003
learning_rate,0.026463037906614074
n_estimators,160.0
