parameter,value
num_leaves,11.0
max_depth,4.0
min_child_samples,28.0
reg_alpha,0.0651428126361132
reg_lambda,0.001715513083552833
subsample,0.5920167471179809
subsample_freq,8.0
colsample_bytree,0.6511108061881954
learning_rate,0.015841324716273066
n_estimators,160.0
