parameter,value
num_leaves,9.0
max_depth,5.0
min_child_samples,1.0
reg_alpha,0.00042594128780622085
reg_lambda,0.030630305750072178
subsample,0.3750598540130432
subsample_freq,1.0
colsample_bytree,0.9809400683879571
learning_rate,0.02748939128902422
n_estimators,160.0
