parameter,value
num_leaves,2.0
max_depth,3.0
min_child_samples,84.0
reg_alpha,0.00046380565364671355
reg_lambda,0.00016845857566286893
subsample,0.6289311744639218
subsample_freq,1.0
colsample_bytree,0.44998263925952264
learning_rate,0.028773523288987444
n_estimators,160.0
