parameter,value
num_leaves,20.0
max_depth,3.0
min_child_samples,1.0
reg_alpha,0.010126074333874746
reg_lambda,0.00015946313250156534
subsample,0.3802379351372441
subsample_freq,4.0
colsample_bytree,0.8108479411234768
learning_rate,0.015645550249776555
n_estimators,160.0
