parameter,value
num_leaves,25.0
max_depth,6.0
min_child_samples,5.0
reg_alpha,0.0019522531868477048
reg_lambda,1.0222846299433714
subsample,0.3828155765411022
subsample_freq,1.0
colsample_bytree,0.9274810104149526
learning_rate,0.013596005200384967
n_estimators,160.0
