parameter,value
num_leaves,18.0
max_depth,5.0
min_child_samples,61.0
reg_alpha,0.022382876142065397
reg_lambda,0.2745271040261591
subsample,0.26399609268113705
subsample_freq,7.0
colsample_bytree,0.7701101729599975
learning_rate,0.03758250490607027
n_estimators,160.0
