parameter,value
num_leaves,18.0
max_depth,4.0
min_child_samples,4.0
reg_alpha,0.08317555023303297
reg_lambda,0.002264215725210214
subsample,0.7748980890051649
subsample_freq,7.0
colsample_bytree,0.4051144233496479
learning_rate,0.036627166977930656
n_estimators,160.0
