parameter,value
num_leaves,2.0
max_depth,7.0
min_child_samples,1.0
reg_alpha,0.00021619277345650743
reg_lambda,0.000147445934372382
subsample,0.8010888606785087
subsample_freq,2.0
colsample_bytree,0.6770913417718335
learning_rate,0.1613872955433848
n_estimators,160.0
