parameter,value
num_leaves,11.0
max_depth,6.0
min_child_samples,15.0
reg_alpha,0.3150058274124697
reg_lambda,0.000463757928705435
subsample,0.8669961307595145
subsample_freq,7.0
colsample_bytree,0.7720074779237817
learning_rate,0.025719272153650042
n_estimators,160.0
