parameter,value
num_leaves,12.0
max_depth,2.0
min_child_samples,1.0
reg_alpha,0.0002055390014006974
reg_lambda,0.00013124885341474497
subsample,0.4938525822284728
subsample_freq,10.0
colsample_bytree,0.6388948056430525
learning_rate,0.06676367204129907
n_estimators,160.0
