parameter,value
num_leaves,14.0
max_depth,2.0
min_child_samples,5.0
reg_alpha,0.002101836015790127
reg_lambda,0.21156013787876546
subsample,0.38024157377998136
subsample_freq,10.0
colsample_bytree,0.4519167140469144
learning_rate,0.027081508523670163
n_estimators,160.0
