parameter,value
num_leaves,25.0
max_depth,5.0
min_child_samples,37.0
reg_alpha,3.1876110616342244
reg_lambda,0.0011803347512897102
subsample,0.41188839756928575
subsample_freq,1.0
colsample_bytree,0.34043125738994195
learning_rate,0.032246756388224114
n_estimators,160.0
