parameter,value
num_leaves,24.0
max_depth,3.0
min_child_samples,1.0
reg_alpha,0.004370272813321079
reg_lambda,0.014874241338828479
subsample,0.7600230496901156
subsample_freq,1.0
colsample_bytree,0.8660734592134137
learning_rate,0.011386121791356226
n_estimators,160.0
