parameter,value
num_leaves,28.0
max_depth,5.0
min_child_samples,3.0
reg_alpha,0.0005676668607458381
reg_lambda,0.009854347024826588
subsample,0.581486846591165
subsample_freq,1.0
colsample_bytree,0.47955964754747593
learning_rate,0.33032892034786826
n_estimators,160.0
