parameter,value
num_leaves,20.0
max_depth,2.0
min_child_samples,6.0
reg_alpha,0.0022453140825201084
reg_lambda,0.00025723475807746453
subsample,0.8518826463461986
subsample_freq,6.0
colsample_bytree,0.9523213298776141
learning_rate,0.0161185647929007
n_estimators,160.0
