parameter,value
num_leaves,22.0
max_depth,7.0
min_child_samples,31.0
reg_alpha,0.022142999386444318
reg_lambda,0.00016655254783304335
subsample,0.9504059597673519
subsample_freq,10.0
colsample_bytree,0.8580546461267041
learning_rate,0.019888879395657918
n_estimators,160.0
