parameter,value
num_leaves,2.0
max_depth,3.0
min_child_samples,14.0
reg_alpha,0.041772598522158165
reg_lambda,0.010294678501519548
subsample,0.5018624244252113
subsample_freq,10.0
colsample_bytree,0.961354405358797
learning_rate,0.047025428837804015
n_estimators,160.0
