parameter,value
num_leaves,12.0
max_depth,7.0
min_child_samples,1.0
reg_alpha,0.03052193033964993
reg_lambda,0.037266645979456614
subsample,0.3066414527327769
subsample_freq,4.0
colsample_bytree,0.42111374451602573
learning_rate,0.05180586053841534
n_estimators,160.0
