parameter,value
num_leaves,10.0
max_depth,2.0
min_child_samples,3.0
reg_alpha,0.00027496970467931866
reg_lambda,0.001483113642576894
subsample,0.6750912119199824
subsample_freq,7.0
colsample_bytree,0.7647398210543515
learning_rate,0.04938332543686407
n_estimators,160.0
