parameter,value
num_leaves,12.0
max_depth,2.0
min_child_samples,78.0
reg_alpha,0.00013802357097200774
reg_lambda,0.0026241581517232517
subsample,0.7952666503062134
subsample_freq,4.0
colsample_bytree,0.28252766642930766
learning_rate,0.01861689612364433
n_estimators,160.0
