parameter,value
num_leaves,19.0
max_depth,4.0
min_child_samples,4.0
reg_alpha,0.00033915303448229524
reg_lambda,0.0706047408693381
subsample,0.6856351683709557
subsample_freq,10.0
colsample_bytree,0.5634778883496263
learning_rate,0.029349317798638835
n_estimators,160.0
