parameter,value
num_leaves,21.0
max_depth,6.0
min_child_samples,62.0
reg_alpha,0.0006645711244091753
reg_lambda,0.016346254539964224
subsample,0.30351621279225455
subsample_freq,1.0
colsample_bytree,0.7106868473010086
learning_rate,0.005249576133008196
n_estimators,160.0
