parameter,value
num_leaves,9.0
max_depth,2.0
min_child_samples,24.0
reg_alpha,0.000252497081752339
reg_lambda,0.6689286611402029
subsample,0.26907041052573544
subsample_freq,2.0
colsample_bytree,0.8226088593060157
learning_rate,0.030596721142467285
n_estimators,160.0
