parameter,value
num_leaves,27.0
max_depth,6.0
min_child_samples,5.0
reg_alpha,0.018015141726570972
reg_lambda,0.0274700526429085
subsample,0.6570955397757585
subsample_freq,10.0
colsample_bytree,0.3561783399592756
learning_rate,0.009011251186834846
n_estimators,160.0
