parameter,value
num_leaves,6.0
max_depth,2.0
min_child_samples,2.0
reg_alpha,0.014532462314418544
reg_lambda,0.007716770326874956
subsample,0.34495413790259194
subsample_freq,3.0
colsample_bytree,0.8402524244111865
learning_rate,0.02624667616680066
n_estimators,160.0
