parameter,value
num_leaves,21.0
max_depth,3.0
min_child_samples,9.0
reg_alpha,0.0026750790988412767
reg_lambda,1.5019267634977638
subsample,0.6550809198844726
subsample_freq,10.0
colsample_bytree,0.9049670430672028
learning_rate,0.01236238573005858
n_estimators,160.0
