parameter,value
num_leaves,5.0
max_depth,4.0
min_child_samples,49.0
reg_alpha,0.0019291379155162674
reg_lambda,0.010135030456890346
subsample,0.6152166853549421
subsample_freq,4.0
colsample_bytree,0.9301005789651963
learning_rate,0.08725486835574536
n_estimators,160.0
