parameter,value
num_leaves,2.0
max_depth,5.0
min_child_samples,96.0
reg_alpha,0.03248440998155209
reg_lambda,0.016765562592140786
subsample,0.5038223872139309
subsample_freq,4.0
colsample_bytree,0.9237056405705943
learning_rate,0.007187020797121467
n_estimators,160.0
