parameter,value
num_leaves,15.0
max_depth,4.0
min_child_samples,3.0
reg_alpha,0.00026725705570572895
reg_lambda,6.491986730012555
subsample,0.7995585263465226
subsample_freq,6.0
colsample_bytree,0.45292783832152034
learning_rate,0.024732662511436878
n_estimators,160.0
