parameter,value
num_leaves,11.0
max_depth,4.0
min_child_samples,86.0
reg_alpha,0.5156881155767831
reg_lambda,0.009879938398948181
subsample,0.9770005598433147
subsample_freq,3.0
colsample_bytree,0.5278450291884571
learning_rate,0.021954219922287736
n_estimators,160.0
