parameter,value
num_leaves,29.0
max_depth,3.0
min_child_samples,3.0
reg_alpha,0.0026298943441964515
reg_lambda,0.0005263830426890445
subsample,0.5371752713172437
subsample_freq,10.0
colsample_bytree,0.6650443474164842
learning_rate,0.03278484477892558
n_estimators,160.0
