parameter,value
num_leaves,4.0
max_depth,4.0
min_child_samples,6.0
reg_alpha,0.026350527446279488
reg_lambda,0.0001273421006908971
subsample,0.8262374795952379
subsample_freq,3.0
colsample_bytree,0.4886921602135673
learning_rate,0.05439135177010458
n_estimators,160.0
