parameter,value
num_leaves,24.0
max_depth,5.0
min_child_samples,1.0
reg_alpha,1.1008008515025045
reg_lambda,0.0008221282212022442
subsample,0.5903432227480779
subsample_freq,1.0
colsample_bytree,0.8653860235649412
learning_rate,0.007572415390024653
n_estimators,160.0
