parameter,value
num_leaves,6.0
max_depth,2.0
min_child_samples,88.0
reg_alpha,0.015039433754246866
reg_lambda,0.0010581699088181677
subsample,0.9502582083663934
subsample_freq,8.0
colsample_bytree,0.31284477870253646
learning_rate,0.05398396126389993
n_estimators,160.0
