parameter,value
num_leaves,24.0
max_depth,6.0
min_child_samples,1.0
reg_alpha,0.019355459274496507
reg_lambda,0.01095240669903682
subsample,0.8799225275728138
subsample_freq,3.0
colsample_bytree,0.8541714576728396
learning_rate,0.011127220490364746
n_estimators,160.0
