parameter,value
num_leaves,11.0
max_depth,6.0
min_child_samples,1.0
reg_alpha,0.07645071936005655
reg_lambda,0.0012560729484596053
subsample,0.8339164124700905
subsample_freq,10.0
colsample_bytree,0.9365315669600375
learning_rate,0.04600463338387755
n_estimators,160.0
