parameter,value
num_leaves,3.0
max_depth,4.0
min_child_samples,1.0
reg_alpha,0.0003185287660245977
reg_lambda,0.004323584251161136
subsample,0.4820200458219365
subsample_freq,10.0
colsample_bytree,0.3538037741065536
learning_rate,0.046733307223996164
n_estimators,160.0
