parameter,value
num_leaves,16.0
max_depth,2.0
min_child_samples,9.0
reg_alpha,0.0002833192793339781
reg_lambda,0.013713850225358796
subsample,0.7374831766523512
subsample_freq,8.0
colsample_bytree,0.5637051330580789
learning_rate,0.04346307043791877
n_estimators,160.0
