parameter,value
num_leaves,6.0
max_depth,4.0
min_child_samples,1.0
reg_alpha,0.08911560533207294
reg_lambda,0.0009366023059168421
subsample,0.2896769666952902
subsample_freq,1.0
colsample_bytree,0.8832087749706949
learning_rate,0.007763225360916493
n_estimators,160.0
