parameter,value
num_leaves,12.0
max_depth,5.0
min_child_samples,39.0
reg_alpha,0.0007409012233916891
reg_lambda,0.31406198928145407
subsample,0.6585673135147101
subsample_freq,2.0
colsample_bytree,0.9999823326519176
learning_rate,0.0341528499269505
n_estimators,160.0
