parameter,value
num_leaves,12.0
max_depth,2.0
min_child_samples,1.0
reg_alpha,0.028047487771198334
reg_lambda,0.00889339226706555
subsample,0.9988283427928213
subsample_freq,1.0
colsample_bytree,0.7153018941403901
learning_rate,0.006612239769405884
n_estimators,160.0
