parameter,value
num_leaves,13.0
max_depth,2.0
min_child_samples,72.0
reg_alpha,0.13680998668987998
reg_lambda,1.1670002355278066
subsample,0.5350871603614384
subsample_freq,9.0
colsample_bytree,0.25092161251946077
learning_rate,0.019111223775906364
n_estimators,160.0
