parameter,value
num_leaves,19.0
max_depth,2.0
min_child_samples,3.0
reg_alpha,0.00012228890650986792
reg_lambda,0.19157771240912377
subsample,0.9156936279596568
subsample_freq,7.0
colsample_bytree,0.7708792920362693
learning_rate,0.029619241689267887
n_estimators,160.0
