parameter,value
num_leaves,8.0
max_depth,7.0
min_child_samples,82.0
reg_alpha,0.05373177408810495
reg_lambda,0.0025312636347244086
subsample,0.881153517577986
subsample_freq,7.0
colsample_bytree,0.29315268756852353
learning_rate,0.017593575401152393
n_estimators,160.0
