parameter,value
num_leaves,14.0
max_depth,7.0
min_child_samples,82.0
reg_alpha,0.0011736393831307849
reg_lambda,0.8326601267953485
subsample,0.7150402788731792
subsample_freq,1.0
colsample_bytree,0.2508255945228968
learning_rate,0.018239930517628723
n_estimators,160.0
