parameter,value
num_leaves,29.0
max_depth,7.0
min_child_samples,18.0
reg_alpha,0.0003133808829410532
reg_lambda,0.005018686007236898
subsample,0.4009836063934535
subsample_freq,2.0
colsample_bytree,0.38136022330193153
learning_rate,0.02275405011783135
n_estimators,160.0
