parameter,value
num_leaves,11.0
max_depth,4.0
min_child_samples,74.0
reg_alpha,0.00018732865309869625
reg_lambda,0.46474136571052344
subsample,0.5774523426816814
subsample_freq,10.0
colsample_bytree,0.27332542025521706
learning_rate,0.029363098157706644
n_estimators,160.0
