parameter,value
num_leaves,15.0
max_depth,2.0
min_child_samples,82.0
reg_alpha,1.692312107829796
reg_lambda,0.00015203347753542037
subsample,0.8959162112235286
subsample_freq,8.0
colsample_bytree,0.3525569034805474
learning_rate,0.056375827801999394
n_estimators,160.0
