parameter,value
num_leaves,3.0
max_depth,5.0
min_child_samples,71.0
reg_alpha,0.026062556015741787
reg_lambda,0.020871629596292518
subsample,0.4204633319077874
subsample_freq,7.0
colsample_bytree,0.2692702714783901
learning_rate,0.02678764677329053
n_estimators,160.0
