parameter,value
num_leaves,8.0
max_depth,5.0
min_child_samples,12.0
reg_alpha,0.0003638269648944363
reg_lambda,0.0018908649966349893
subsample,0.6504279727787547
subsample_freq,4.0
colsample_bytree,0.9248142126644255
learning_rate,0.016852786971612826
n_estimators,160.0
