parameter,value
num_leaves,2.0
max_depth,4.0
min_child_samples,5.0
reg_alpha,0.00017719987498385543
reg_lambda,0.03082301439757292
subsample,0.2650717324563521
subsample_freq,9.0
colsample_bytree,0.7431499684614445
learning_rate,0.03662346033723046
n_estimators,160.0
