parameter,value
num_leaves,21.0
max_depth,7.0
min_child_samples,63.0
reg_alpha,0.00030669457949539957
reg_lambda,0.0011419318625910727
subsample,0.6031910762422075
subsample_freq,9.0
colsample_bytree,0.2671175456246893
learning_rate,0.028885423209542238
n_estimators,160.0
