parameter,value
num_leaves,17.0
max_depth,5.0
min_child_samples,7.0
reg_alpha,0.0001246515575976462
reg_lambda,0.11693786298513927
subsample,0.5710943775317205
subsample_freq,10.0
colsample_bytree,0.9817683537756089
learning_rate,0.021130825117868242
n_estimators,160.0
