parameter,value
num_leaves,12.0
max_depth,2.0
min_child_samples,74.0
reg_alpha,0.000198581486927035
reg_lambda,0.0003539852561925638
subsample,0.37765269486296177
subsample_freq,9.0
colsample_bytree,0.7620125514274563
learning_rate,0.1694573231525636
n_estimators,160.0
