parameter,value
num_leaves,12.0
max_depth,2.0
min_child_samples,4.0
reg_alpha,0.0009654795932486597
reg_lambda,0.0003919154163879474
subsample,0.5707713683347401
subsample_freq,2.0
colsample_bytree,0.44054155593390265
learning_rate,0.04527186204033666
n_estimators,160.0
