parameter,value
num_leaves,30.0
max_depth,2.0
min_child_samples,28.0
reg_alpha,0.00013949006181605234
reg_lambda,0.17247676336190365
subsample,0.9527831042752697
subsample_freq,10.0
colsample_bytree,0.994763342136454
learning_rate,0.006871499819513929
n_estimators,160.0
