parameter,value
num_leaves,17.0
max_depth,5.0
min_child_samples,8.0
reg_alpha,0.00016893389157803866
reg_lambda,0.08118790856047325
subsample,0.7182234081503102
subsample_freq,10.0
colsample_bytree,0.3856728512576036
learning_rate,0.025944179241697552
n_estimators,160.0
