parameter,value
num_leaves,26.0
max_depth,2.0
min_child_samples,3.0
reg_alpha,0.0010017066977885372
reg_lambda,0.0004441979795931648
subsample,0.4580932882284553
subsample_freq,8.0
colsample_bytree,0.3943544089462626
learning_rate,0.029218887175218988
n_estimators,160.0
