parameter,value
num_leaves,4.0
max_depth,5.0
min_child_samples,22.0
reg_alpha,0.0031777938540783054
reg_lambda,0.5502515443771959
subsample,0.9561712765541476
subsample_freq,10.0
colsample_bytree,0.6925556197188653
learning_rate,0.055074470709486865
n_estimators,160.0
