parameter,value
num_leaves,15.0
max_depth,6.0
min_child_samples,1.0
reg_alpha,0.00012041606884829113
reg_lambda,0.006743124431862076
subsample,0.8692791679032236
subsample_freq,10.0
colsample_bytree,0.5362101962534337
learning_rate,0.006402813140425144
n_estimators,160.0
