parameter,value
num_leaves,8.0
max_depth,5.0
min_child_samples,1.0
reg_alpha,0.003589916088089846
reg_lambda,0.005758186710177568
subsample,0.33391248933942763
subsample_freq,3.0
colsample_bytree,0.7252307166671687
learning_rate,0.013790045749854088
n_estimators,160.0
