parameter,value
max_depth,3.0
min_child_weight,3.0
reg_alpha,0.0004230879952660024
reg_lambda,6.808887047374358
subsample,0.9504212187543417
colsample_bytree,0.9153902638383714
gamma,19.218986152051052
learning_rate,0.34485657708615625
n_estimators,200.0
