parameter,value
max_depth,5.0
min_child_weight,12.0
reg_alpha,0.0016580164549770133
reg_lambda,0.04095754307112013
subsample,0.6669622443000655
colsample_bytree,0.21651167601789045
gamma,4.634734214876968
learning_rate,0.15285302782450133
n_estimators,200.0
