parameter,value
max_depth,5.0
min_child_weight,4.0
reg_alpha,4.751591106875885
reg_lambda,0.00037996448974897537
subsample,0.5128677907825402
colsample_bytree,0.4195197030953801
gamma,62.350215471381475
learning_rate,0.043008555372721274
n_estimators,200.0
