parameter,value
max_depth,4.0
min_child_weight,34.0
reg_alpha,0.9763426447170971
reg_lambda,0.0035953839646644904
subsample,0.9863042255925089
colsample_bytree,0.9992443012430802
gamma,37.29966156773572
learning_rate,0.09109826020863661
n_estimators,200.0
