parameter,value
max_depth,4.0
min_child_weight,2.0
reg_alpha,0.011860508457040814
reg_lambda,0.14375282685542934
subsample,0.5605567572893566
colsample_bytree,0.9617164623079779
gamma,19.63196045435208
learning_rate,0.027883055611787194
n_estimators,200.0
