parameter,value
max_depth,4.0
min_child_weight,0.0
reg_alpha,0.02112318722704408
reg_lambda,0.5794088320243855
subsample,0.3418562231036876
colsample_bytree,0.9678757614366797
gamma,48.45232597442616
learning_rate,0.030388902145951954
n_estimators,200.0
