parameter,value
max_depth,2.0
min_child_weight,24.0
reg_alpha,9.896980648884936
reg_lambda,0.0001394088063634891
subsample,0.654673800105213
colsample_bytree,0.218645268959175
gamma,93.0597677843296
learning_rate,0.21428824454412138
n_estimators,200.0
