parameter,value
max_depth,7.0
min_child_weight,43.0
reg_alpha,7.943057366596414
reg_lambda,6.445171800922577
subsample,0.6733487516129493
colsample_bytree,0.25884194051327497
gamma,3.591890540273123
learning_rate,0.3865964776073464
n_estimators,200.0
