parameter,value
max_depth,5.0
min_child_weight,3.0
reg_alpha,0.023549716259872993
reg_lambda,0.000192906316069208
subsample,0.9537608717836585
colsample_bytree,0.3896201814545695
gamma,5.3787957121620575
learning_rate,0.0057152117707582675
n_estimators,200.0
