parameter,value
max_depth,2.0
min_child_weight,2.0
reg_alpha,0.06298348821695586
reg_lambda,8.424510492407247
subsample,0.9012099878888253
colsample_bytree,0.20000874592241114
gamma,0.2320754728324414
learning_rate,0.18647614553516323
n_estimators,200.0
