parameter,value
max_depth,2.0
min_child_weight,0.0
reg_alpha,0.00010380930232679716
reg_lambda,0.007778617446416257
subsample,0.7738512928368569
colsample_bytree,0.9956583878145747
gamma,38.36709587015252
learning_rate,0.05927493085477089
n_estimators,200.0
