parameter,value
max_depth,5.0
min_child_weight,23.0
reg_alpha,0.0004693286102904409
reg_lambda,0.02588380398266244
subsample,0.9593189386256786
colsample_bytree,0.3267637942480665
gamma,44.45280554770612
learning_rate,0.4549193947869214
n_estimators,200.0
