parameter,value
max_depth,3.0
min_child_weight,13.0
reg_alpha,0.04332118709746699
reg_lambda,0.0005317964182110868
subsample,0.7777818410151778
colsample_bytree,0.8555003944793155
gamma,53.86224907302626
learning_rate,0.01706253491382792
n_estimators,200.0
