parameter,value
max_depth,3.0
min_child_weight,7.0
reg_alpha,3.9059259933334256
reg_lambda,0.00018551027992030314
subsample,0.9853060066367265
colsample_bytree,0.909738782390207
gamma,58.54822091967492
learning_rate,0.04839392284330653
n_estimators,200.0
