parameter,value
max_depth,7.0
min_child_weight,0.0
reg_alpha,0.012747605828157257
reg_lambda,0.0009880285846897146
subsample,0.6341625572511783
colsample_bytree,0.41130720439808943
gamma,18.935889000146897
learning_rate,0.3325572953414304
n_estimators,200.0
