parameter,value
max_depth,2.0
min_child_weight,2.0
reg_alpha,0.7995580306604785
reg_lambda,0.00025023238135402564
subsample,0.9098075288968708
colsample_bytree,0.9095689287227293
gamma,63.21371054931525
learning_rate,0.07768497737518819
n_estimators,200.0
