parameter,value
max_depth,5.0
min_child_weight,4.0
reg_alpha,0.01318336889292479
reg_lambda,0.01820506929929171
subsample,0.9872324680134882
colsample_bytree,0.5950745582895568
gamma,53.86916609601788
learning_rate,0.013574262087805797
n_estimators,200.0
