parameter,value
max_depth,4.0
min_child_weight,64.0
reg_alpha,0.03749164501253066
reg_lambda,0.6061440211750977
subsample,0.6892062016659365
colsample_bytree,0.5568234778223871
gamma,27.36246285240531
learning_rate,0.4944569062921105
n_estimators,200.0
