parameter,value
max_depth,2.0
min_child_weight,10.0
reg_alpha,0.0015904894126327798
reg_lambda,0.0017154129383821855
subsample,0.21813785049294612
colsample_bytree,0.947654801182106
gamma,23.909959080592273
learning_rate,0.022597576993974564
n_estimators,200.0
