parameter,value
max_depth,2.0
min_child_weight,8.0
reg_alpha,0.0023888581416733994
reg_lambda,1.137967243268479
subsample,0.6922175792504585
colsample_bytree,0.9448492816521892
gamma,0.019828187776526715
learning_rate,0.04343636240772152
n_estimators,200.0
