parameter,value
max_depth,2.0
min_child_weight,4.0
reg_alpha,0.0450239354388191
reg_lambda,0.27880597772762933
subsample,0.9712708706905977
colsample_bytree,0.9452431780703021
gamma,74.67137840000449
learning_rate,0.16974451456955653
n_estimators,200.0
