parameter,value
max_depth,2.0
min_child_weight,7.0
reg_alpha,2.9206713515618303
reg_lambda,0.0037499918014511813
subsample,0.6083696474245629
colsample_bytree,0.45815816427216605
gamma,99.80221306873979
learning_rate,0.258407787204553
n_estimators,200.0
