parameter,value
max_depth,2.0
min_child_weight,44.0
reg_alpha,0.0016485978723609772
reg_lambda,0.05043108459123904
subsample,0.8279798908456223
colsample_bytree,0.4361166134074791
gamma,15.578736730343744
learning_rate,0.04139784140223349
n_estimators,200.0
