parameter,value
max_depth,2.0
min_child_weight,14.0
reg_alpha,0.296585956865704
reg_lambda,0.0009915744701526833
subsample,0.20058000966126993
colsample_bytree,0.9636527377603396
gamma,1.8562466539100906
learning_rate,0.1421562130372711
n_estimators,200.0
