parameter,value
max_depth,5.0
min_child_weight,13.0
reg_alpha,1.8779533952417733
reg_lambda,0.18916120198481612
subsample,0.3876599701223629
colsample_bytree,0.9781366689281907
gamma,61.803220592132064
learning_rate,0.017699948150144813
n_estimators,200.0
