parameter,value
max_depth,4.0
min_child_weight,13.0
reg_alpha,1.2121465936277753
reg_lambda,0.00600694276147932
subsample,0.26462769811738246
colsample_bytree,0.9591669641069752
gamma,46.06351238342717
learning_rate,0.08792203578395552
n_estimators,200.0
