parameter,value
max_depth,4.0
min_child_weight,2.0
reg_alpha,0.9297442856251666
reg_lambda,0.004489374308042222
subsample,0.7611628532416066
colsample_bytree,0.9757053920004326
gamma,16.236967971064786
learning_rate,0.03598138366446195
n_estimators,200.0
