parameter,value
max_depth,2.0
min_child_weight,0.0
reg_alpha,0.0020676143461002194
reg_lambda,0.014030451212096073
subsample,0.39083885460922935
colsample_bytree,0.7102095548632902
gamma,51.77553237282998
learning_rate,0.10713173665795639
n_estimators,200.0
