parameter,value
max_depth,8.0
min_child_weight,47.0
reg_alpha,0.10705657426502488
reg_lambda,0.8736338324853323
subsample,0.40730270488236897
colsample_bytree,0.3526298748532106
gamma,54.72213733685166
learning_rate,0.49474921550532047
n_estimators,200.0
