parameter,value
max_depth,2.0
min_child_weight,6.0
reg_alpha,0.20047862174927095
reg_lambda,0.05821883986860452
subsample,0.7476196733097997
colsample_bytree,0.9299357712184673
gamma,16.363983251712558
learning_rate,0.0831726764572149
n_estimators,200.0
