parameter,value
max_depth,5.0
min_child_weight,8.0
reg_alpha,2.9173804810774753
reg_lambda,0.001756865169781689
subsample,0.9002668821861035
colsample_bytree,0.7839467670798894
gamma,85.97311760078836
learning_rate,0.08422559380151676
n_estimators,200.0
