parameter,value
max_depth,4.0
min_child_weight,22.0
reg_alpha,0.04369306803651939
reg_lambda,0.022623269588490674
subsample,0.6128314440577924
colsample_bytree,0.967705345247462
gamma,82.64013376142012
learning_rate,0.016849899450304642
n_estimators,200.0
