parameter,value
max_depth,5.0
min_child_weight,0.0
reg_alpha,0.015589622616166112
reg_lambda,0.0028596237248474958
subsample,0.941854438853845
colsample_bytree,0.9033266400482072
gamma,76.72131877631143
learning_rate,0.020321212899615346
n_estimators,200.0
