parameter,value
max_depth,2.0
min_child_weight,0.0
reg_alpha,0.0003061829657705111
reg_lambda,0.00019533318871742966
subsample,0.2447106582598409
colsample_bytree,0.8649678861073958
gamma,17.184270508787783
learning_rate,0.00817088600488981
n_estimators,200.0
