parameter,value
max_depth,4.0
min_child_weight,40.0
reg_alpha,1.938740096872375
reg_lambda,0.1596461055716937
subsample,0.9186906776360891
colsample_bytree,0.9417577097440204
gamma,99.70001680984844
learning_rate,0.0159189952421735
n_estimators,200.0
