parameter,value
max_depth,7.0
min_child_weight,68.0
reg_alpha,0.0014177804291670047
reg_lambda,0.3290223245334438
subsample,0.9999678774631316
colsample_bytree,0.6078768881494798
gamma,30.01264799700835
learning_rate,0.012009186681028405
n_estimators,200.0
