parameter,value
max_depth,3.0
min_child_weight,5.0
reg_alpha,0.006114947521914938
reg_lambda,0.001289637467872144
subsample,0.8908673550160529
colsample_bytree,0.22584934054602027
gamma,86.05817606667449
learning_rate,0.06671974853602772
n_estimators,200.0
