parameter,value
max_depth,8.0
min_child_weight,2.0
reg_alpha,0.001120263411518143
reg_lambda,0.030346056903162135
subsample,0.9841597283604826
colsample_bytree,0.5395071517363992
gamma,6.536178730135621
learning_rate,0.3235433630900528
n_estimators,200.0
