parameter,value
max_depth,3.0
min_child_weight,2.0
reg_alpha,6.819680832895508
reg_lambda,0.029862803218864958
subsample,0.2119553301015366
colsample_bytree,0.4683295353498251
gamma,93.942432163382
learning_rate,0.0938616856264544
n_estimators,200.0
