parameter,value
max_depth,2.0
min_child_weight,4.0
reg_alpha,0.0950822793348366
reg_lambda,0.004330077068487474
subsample,0.5391046025828412
colsample_bytree,0.9092961902318173
gamma,80.3327323342249
learning_rate,0.024519367232588827
n_estimators,200.0
