parameter,value
max_depth,5.0
min_child_weight,33.0
reg_alpha,0.0035426010037158343
reg_lambda,1.0356840864945636
subsample,0.9984390168238299
colsample_bytree,0.9498465905967023
gamma,65.29584074780931
learning_rate,0.01582890602004427
n_estimators,200.0
