parameter,value
max_depth,4.0
min_child_weight,29.0
reg_alpha,0.0003939785906935452
reg_lambda,0.00011984697258890648
subsample,0.8667329868030044
colsample_bytree,0.9703550697444829
gamma,22.61610070492795
learning_rate,0.01495776047208681
n_estimators,200.0
