parameter,value
max_depth,2.0
min_child_weight,0.0
reg_alpha,0.00030405970002640563
reg_lambda,0.053959290866417826
subsample,0.2730846459805922
colsample_bytree,0.9709325566305547
gamma,33.71103807291326
learning_rate,0.015168083691372933
n_estimators,200.0
