parameter,value
max_depth,2.0
min_child_weight,81.0
reg_alpha,0.00018143008629310838
reg_lambda,0.006740485705423724
subsample,0.20380589485761952
colsample_bytree,0.28035813819885774
gamma,74.69482726404812
learning_rate,0.13340330280872476
n_estimators,200.0
