parameter,value
max_depth,3.0
min_child_weight,100.0
reg_alpha,0.14328233648792094
reg_lambda,0.0008851571633115844
subsample,0.24950868793159733
colsample_bytree,0.25572128416660345
gamma,13.076551204579417
learning_rate,0.4930794567155572
n_estimators,200.0
