parameter,value
max_depth,6.0
min_child_weight,2.0
reg_alpha,0.0006770000199119631
reg_lambda,3.643819033721598
subsample,0.5123487760168036
colsample_bytree,0.6512901578548085
gamma,21.1371785981647
learning_rate,0.06242216836447744
n_estimators,200.0
