parameter,value
max_depth,5.0
min_child_weight,2.0
reg_alpha,0.039819117802384014
reg_lambda,0.7121899660067245
subsample,0.9987610663962452
colsample_bytree,0.9079240716288418
gamma,90.04250688486378
learning_rate,0.05080654825631495
n_estimators,200.0
