parameter,value
max_depth,5.0
min_child_weight,3.0
reg_alpha,5.830050673583453
reg_lambda,0.00010705806466934016
subsample,0.4303413634184192
colsample_bytree,0.45070670159456205
gamma,15.493719128198808
learning_rate,0.03964517559718881
n_estimators,200.0
