parameter,value
max_depth,3.0
min_child_weight,0.0
reg_alpha,0.00022610422165826762
reg_lambda,0.647035575670922
subsample,0.9245119843997279
colsample_bytree,0.6596384278053985
gamma,82.59384509186377
learning_rate,0.010527856110454922
n_estimators,200.0
