parameter,value
max_depth,4.0
min_child_weight,45.0
reg_alpha,0.08235397311866842
reg_lambda,0.00016271963145796854
subsample,0.9997638482573395
colsample_bytree,0.9850426520857273
gamma,95.34108735069911
learning_rate,0.013622960588850373
n_estimators,200.0
