parameter,value
max_depth,4.0
min_child_weight,3.0
reg_alpha,0.4469692421747689
reg_lambda,0.00032705199715401124
subsample,0.28755189335149983
colsample_bytree,0.9543981965505239
gamma,43.09196780982066
learning_rate,0.05000070787040764
n_estimators,200.0
