parameter,value
max_depth,3.0
min_child_weight,2.0
reg_alpha,0.000714142948612661
reg_lambda,0.01977688831287704
subsample,0.747179165219315
colsample_bytree,0.8664796263722624
gamma,44.33427536006239
learning_rate,0.05482048062717603
n_estimators,200.0
