parameter,value
max_depth,2.0
min_child_weight,6.0
reg_alpha,0.1356861568355476
reg_lambda,0.0014068350011091273
subsample,0.9292884584650545
colsample_bytree,0.22783183535479667
gamma,92.75934037178328
learning_rate,0.17844364806625276
n_estimators,200.0
