parameter,value
max_depth,8.0
min_child_weight,45.0
reg_alpha,0.005688982911501107
reg_lambda,6.03966677865518
subsample,0.9995685822770751
colsample_bytree,0.9828817057413479
gamma,11.355787001710633
learning_rate,0.013845417393340007
n_estimators,200.0
