parameter,value
max_depth,8.0
min_child_weight,37.0
reg_alpha,0.14487612008198564
reg_lambda,3.3516608806178656
subsample,0.26891233438140943
colsample_bytree,0.46061182783312893
gamma,36.59838143227921
learning_rate,0.02826425717391573
n_estimators,200.0
