parameter,value
max_depth,4.0
min_child_weight,5.0
reg_alpha,0.01559378845418178
reg_lambda,9.931558115351434
subsample,0.8131774962702387
colsample_bytree,0.697669714284683
gamma,20.91529603807726
learning_rate,0.005624693246417449
n_estimators,200.0
