parameter,value
max_depth,4.0
min_child_weight,4.0
reg_alpha,4.919361394220972
reg_lambda,0.13507567699032894
subsample,0.9998381240329501
colsample_bytree,0.4375663216388872
gamma,68.64949801727451
learning_rate,0.09660346497057593
n_estimators,200.0
