parameter,value
max_depth,2.0
min_child_weight,0.0
reg_alpha,0.1997698286316999
reg_lambda,0.0003365155095836952
subsample,0.993819513206343
colsample_bytree,0.6979536070001329
gamma,72.39368557924489
learning_rate,0.05006138557150899
n_estimators,200.0
