parameter,value
max_depth,5.0
min_child_weight,69.0
reg_alpha,0.003060276612026598
reg_lambda,0.0002377087074386729
subsample,0.85972372864788
colsample_bytree,0.9256339679793509
gamma,85.7905319313534
learning_rate,0.18162877972109334
n_estimators,200.0
