parameter,value
max_depth,2.0
min_child_weight,12.0
reg_alpha,0.0012703835927487515
reg_lambda,0.11986679282289231
subsample,0.3099433140248967
colsample_bytree,0.6273006267188797
gamma,72.18918253112943
learning_rate,0.39963375963217745
n_estimators,200.0
