parameter,value
max_depth,4.0
min_child_weight,20.0
reg_alpha,0.0010464140711825191
reg_lambda,0.002272455148570426
subsample,0.8186561829128153
colsample_bytree,0.8167882419006937
gamma,92.54289840782754
learning_rate,0.42908162890573187
n_estimators,200.0
