parameter,value
max_depth,4.0
min_child_weight,35.0
reg_alpha,0.02934968809833009
reg_lambda,0.027118213920177915
subsample,0.37483740606327515
colsample_bytree,0.5820245775297294
gamma,46.64865094413611
learning_rate,0.45050745748398086
n_estimators,200.0
