parameter,value
max_depth,4.0
min_child_weight,10.0
reg_alpha,0.14940853987011898
reg_lambda,5.4423272055390886
subsample,0.47353332276291493
colsample_bytree,0.9970152604330081
gamma,90.98801880125355
learning_rate,0.016997828143493637
n_estimators,200.0
