parameter,value
max_depth,8.0
min_child_weight,54.0
reg_alpha,1.851426400729963
reg_lambda,0.0036970175991022616
subsample,0.8001565490019272
colsample_bytree,0.963652053990767
gamma,4.676682618058567
learning_rate,0.040855185612597544
n_estimators,200.0
