parameter,value
max_depth,5.0
min_child_weight,25.0
reg_alpha,0.0070569310465601835
reg_lambda,0.004576743171952455
subsample,0.7518109291641806
colsample_bytree,0.9580895810633127
gamma,30.194386251264262
learning_rate,0.013858322873287303
n_estimators,200.0
