parameter,value
max_depth,5.0
min_child_weight,95.0
reg_alpha,0.0008042952973242408
reg_lambda,9.95682670207779
subsample,0.8689582482226003
colsample_bytree,0.564519680974281
gamma,18.65745238118969
learning_rate,0.26966952992439447
n_estimators,200.0
