parameter,value
max_depth,3.0
min_child_weight,2.0
reg_alpha,1.7909544695534194
reg_lambda,4.097694120303525
subsample,0.9830591301252254
colsample_bytree,0.6291870770568654
gamma,8.513009975676656
learning_rate,0.053156668248559386
n_estimators,200.0
