parameter,value
max_depth,2.0
min_child_weight,3.0
reg_alpha,0.0051722062988299585
reg_lambda,0.005542266753063982
subsample,0.39984276879103514
colsample_bytree,0.6611276136991722
gamma,14.612357800586906
learning_rate,0.06434083496291737
n_estimators,200.0
