parameter,value
max_depth,4.0
min_child_weight,7.0
reg_alpha,0.0002640488970390122
reg_lambda,0.9303099671178771
subsample,0.6815541122897746
colsample_bytree,0.6152212962625128
gamma,92.53154834626723
learning_rate,0.20753031211183823
n_estimators,200.0
