parameter,value
max_depth,5.0
min_child_weight,10.0
reg_alpha,0.19269133189401697
reg_lambda,0.00018035726246788504
subsample,0.9990577007584944
colsample_bytree,0.7014684799153563
gamma,24.534322105699253
learning_rate,0.32475041993367004
n_estimators,200.0
