parameter,value
max_depth,3.0
min_child_weight,27.0
reg_alpha,0.06836810613955738
reg_lambda,0.0006466923720219805
subsample,0.9757551413089799
colsample_bytree,0.5061734143307027
gamma,96.69999085357479
learning_rate,0.20083939019293076
n_estimators,200.0
