parameter,value
max_depth,7.0
min_child_weight,97.0
reg_alpha,0.10837501076358644
reg_lambda,0.03403637049610446
subsample,0.20008638387489086
colsample_bytree,0.8979795228773089
gamma,79.06525665771511
learning_rate,0.017281217585561413
n_estimators,200.0
