parameter,value
max_depth,7.0
min_child_weight,2.0
reg_alpha,0.03342519202714185
reg_lambda,0.006088715556663813
subsample,0.5764038257027966
colsample_bytree,0.9834156641995732
gamma,85.830848285969
learning_rate,0.10670383260118657
n_estimators,200.0
