parameter,value
max_depth,4.0
min_child_weight,20.0
reg_alpha,0.25404110791862794
reg_lambda,0.016420068566240845
subsample,0.42609669582933896
colsample_bytree,0.998665785257812
gamma,97.94182085298743
learning_rate,0.021554656030506637
n_estimators,200.0
