parameter,value
max_depth,5.0
min_child_weight,52.0
reg_alpha,0.0004286617836338043
reg_lambda,0.00013431097893674932
subsample,0.8840161294924671
colsample_bytree,0.9712002834308127
gamma,35.85502445206415
learning_rate,0.02701756324094818
n_estimators,200.0
