parameter,value
max_depth,8.0
min_child_weight,60.0
reg_alpha,0.00022697113801914306
reg_lambda,0.0008872582311650308
subsample,0.9997387345440003
colsample_bytree,0.5113017063417935
gamma,18.738253366739997
learning_rate,0.0030146200945949378
n_estimators,200.0
