parameter,value
max_depth,5.0
min_child_weight,93.0
reg_alpha,0.0070115898965490125
reg_lambda,0.00207654126290158
subsample,0.8440276940635363
colsample_bytree,0.8778335953123173
gamma,1.6840265084410337
learning_rate,0.08722262392797833
n_estimators,200.0
