parameter,value
max_depth,2.0
min_child_weight,0.0
reg_alpha,0.006835263490912891
reg_lambda,0.022728136298397126
subsample,0.6496881979058652
colsample_bytree,0.9427712992837232
gamma,81.0033191815049
learning_rate,0.04307136379729414
n_estimators,200.0
