parameter,value
max_depth,5.0
min_child_weight,41.0
reg_alpha,0.01608336370942147
reg_lambda,0.3740692138001465
subsample,0.9999721377784557
colsample_bytree,0.9801567708236395
gamma,95.01703511430004
learning_rate,0.011013296812076025
n_estimators,200.0
