parameter,value
max_depth,2.0
min_child_weight,0.0
reg_alpha,0.6174242317422795
reg_lambda,0.00048761085825542883
subsample,0.6339091149687677
colsample_bytree,0.9783008847609141
gamma,82.50766585504742
learning_rate,0.03026050692420973
n_estimators,200.0
