parameter,value
max_depth,2.0
min_child_weight,43.0
reg_alpha,0.05097900134604791
reg_lambda,5.946956291185962
subsample,0.525690322359804
colsample_bytree,0.7553000491497672
gamma,19.351320924046085
learning_rate,0.01658161212985711
n_estimators,200.0
