parameter,value
max_depth,2.0
min_child_weight,37.0
reg_alpha,0.14864245993010705
reg_lambda,0.01003915438780598
subsample,0.73746418383804
colsample_bytree,0.5141160807390577
gamma,74.48160360434434
learning_rate,0.10798159233659797
n_estimators,200.0
