parameter,value
max_depth,2.0
min_child_weight,31.0
reg_alpha,0.2672945304284701
reg_lambda,0.00019586154916836825
subsample,0.9846197846208887
colsample_bytree,0.42154794636521126
gamma,10.64103010199975
learning_rate,0.0094443019030474
n_estimators,200.0
