parameter,value
max_depth,4.0
min_child_weight,3.0
reg_alpha,0.0005290865278345933
reg_lambda,0.2802311072199303
subsample,0.5637283232867755
colsample_bytree,0.5140084627840025
gamma,49.77947691342232
learning_rate,0.06911001491197767
n_estimators,200.0
