parameter,value
max_depth,4.0
min_child_weight,19.0
reg_alpha,1.6035926853664193
reg_lambda,0.025557423982717084
subsample,0.9238206193351239
colsample_bytree,0.739524926633536
gamma,58.93994993887923
learning_rate,0.020819338656278198
n_estimators,200.0
