parameter,value
max_depth,4.0
min_child_weight,52.0
reg_alpha,2.245298069787508
reg_lambda,0.021702051760454505
subsample,0.9474475777087183
colsample_bytree,0.8096722137715093
gamma,77.85750796652785
learning_rate,0.01794630288666544
n_estimators,200.0
