parameter,value
max_depth,5.0
min_child_weight,6.0
reg_alpha,1.2087338757589163
reg_lambda,9.719111416218619
subsample,0.7481473561701976
colsample_bytree,0.9997322539268145
gamma,5.882083463658647
learning_rate,0.15933003294389325
n_estimators,200.0
