parameter,value
max_depth,2.0
min_child_weight,67.0
reg_alpha,0.014696662322371953
reg_lambda,0.0020553569189902393
subsample,0.25665950692254
colsample_bytree,0.6774254339177462
gamma,27.413379638630154
learning_rate,0.22150323862822247
n_estimators,200.0
