parameter,value
max_depth,5.0
min_child_weight,8.0
reg_alpha,0.02900807108908892
reg_lambda,0.30158794029180375
subsample,0.5998457289203694
colsample_bytree,0.931969154643399
gamma,22.888912417432927
learning_rate,0.02941788849555689
n_estimators,200.0
