parameter,value
max_depth,4.0
min_child_weight,0.0
reg_alpha,0.00044849871746544055
reg_lambda,0.013945202863721494
subsample,0.6062960331102686
colsample_bytree,0.8902657497162388
gamma,23.34452327330408
learning_rate,0.08547493620663181
n_estimators,200.0
