parameter,value
max_depth,6.0
min_child_weight,43.0
reg_alpha,3.6199695646430654
reg_lambda,0.40199018515137086
subsample,0.2180819355970056
colsample_bytree,0.5512329566192584
gamma,47.127876364616455
learning_rate,0.23946591826425107
n_estimators,200.0
