parameter,value
max_depth,7.0
min_child_weight,0.0
reg_alpha,0.0390049951031683
reg_lambda,0.0006815411395819172
subsample,0.20203251681673637
colsample_bytree,0.9605995096962373
gamma,75.50053489497903
learning_rate,0.0074474573476659275
n_estimators,200.0
