parameter,value
max_depth,5.0
min_child_weight,3.0
reg_alpha,0.0034628136592187364
reg_lambda,1.9092643583278246
subsample,0.8257410331378493
colsample_bytree,0.6729841088808012
gamma,29.837133441010586
learning_rate,0.03404803496263807
n_estimators,200.0
