parameter,value
max_depth,7.0
min_child_weight,100.0
reg_alpha,0.011176106603619257
reg_lambda,0.09640062392630738
subsample,0.20006098685196688
colsample_bytree,0.5917101062442612
gamma,65.65888887867725
learning_rate,0.011741792346139387
n_estimators,200.0
