parameter,value
max_depth,2.0
min_child_weight,20.0
reg_alpha,0.009630990276916454
reg_lambda,4.988902234797613
subsample,0.7654151149096703
colsample_bytree,0.5868340471919808
gamma,70.513313680836
learning_rate,0.33373837586059757
n_estimators,200.0
