parameter,value
max_depth,6.0
min_child_weight,18.0
reg_alpha,0.0006378800393836172
reg_lambda,0.0392447857145956
subsample,0.42988222345208565
colsample_bytree,0.9324214453244328
gamma,0.18576177309844108
learning_rate,0.013023711748378363
n_estimators,200.0
