parameter,value
max_depth,5.0
min_child_weight,4.0
reg_alpha,0.00019195845229191886
reg_lambda,0.0015299033766855168
subsample,0.4302322446589063
colsample_bytree,0.9103800121098471
gamma,72.09164395662167
learning_rate,0.22309657525754928
n_estimators,200.0
