parameter,value
max_depth,6.0
min_child_weight,28.0
reg_alpha,0.06491967041038028
reg_lambda,0.021677061888333245
subsample,0.6705763028631802
colsample_bytree,0.7084735806164337
gamma,87.24774727643825
learning_rate,0.06803999069670487
n_estimators,200.0
