parameter,value
max_depth,2.0
min_child_weight,0.0
reg_alpha,4.125290214401896
reg_lambda,0.009780019932442496
subsample,0.3280949811993399
colsample_bytree,0.855792053893395
gamma,48.65636786943042
learning_rate,0.025524532232222633
n_estimators,200.0
