parameter,value
max_depth,2.0
min_child_weight,47.0
reg_alpha,0.026183297744673612
reg_lambda,0.0029298325712904224
subsample,0.7489560840852285
colsample_bytree,0.7921461168218453
gamma,1.3455364510977947
learning_rate,0.1930861253723281
n_estimators,200.0
