parameter,value
max_depth,5.0
min_child_weight,12.0
reg_alpha,0.00023566487755544152
reg_lambda,0.03976502026198244
subsample,0.9995795970377094
colsample_bytree,0.9430558326613141
gamma,81.8836389842946
learning_rate,0.004143157461107013
n_estimators,200.0
