parameter,value
max_depth,4.0
min_child_weight,3.0
reg_alpha,0.7945248451048642
reg_lambda,0.0597940499262269
subsample,0.6331907220214587
colsample_bytree,0.7485405283160983
gamma,85.93750786783114
learning_rate,0.039455919848375334
n_estimators,200.0
