parameter,value
max_depth,2.0
min_child_weight,98.0
reg_alpha,4.029837680504064
reg_lambda,0.006850577203786776
subsample,0.9184770294964402
colsample_bytree,0.2208782270294753
gamma,8.411929301279176
learning_rate,0.04119353099913015
n_estimators,200.0
