parameter,value
max_depth,4.0
min_child_weight,28.0
reg_alpha,9.52093805714208
reg_lambda,0.1253643239296187
subsample,0.7853214764661698
colsample_bytree,0.9188753589928647
gamma,99.85118033138069
learning_rate,0.4931847587929231
n_estimators,200.0
