parameter,value
max_depth,4.0
min_child_weight,4.0
reg_alpha,0.0010907100206552932
reg_lambda,0.004781638746885964
subsample,0.9716818022709482
colsample_bytree,0.9159522678337892
gamma,96.94870153202739
learning_rate,0.014298814041924998
n_estimators,200.0
