parameter,value
max_depth,2.0
min_child_weight,65.0
reg_alpha,0.611359069130601
reg_lambda,0.000709818489160015
subsample,0.8529616901577852
colsample_bytree,0.6507315479273958
gamma,26.206113586451675
learning_rate,0.4932399743132438
n_estimators,200.0
