parameter,value
max_depth,2.0
min_child_weight,65.0
reg_alpha,1.6344082512915787
reg_lambda,0.013729977503361775
subsample,0.35460256353235037
colsample_bytree,0.2588308631282966
gamma,49.75366770612864
learning_rate,0.4977051086867328
n_estimators,200.0
