parameter,value
max_depth,4.0
min_child_weight,78.0
reg_alpha,4.777730944749109
reg_lambda,0.24180785530567647
subsample,0.20034048237355662
colsample_bytree,0.5641938133756477
gamma,5.619827934719382
learning_rate,0.03831097102120584
n_estimators,200.0
