parameter,value
max_depth,4.0
min_child_weight,64.0
reg_alpha,0.022208107588262267
reg_lambda,0.04329275406044631
subsample,0.8643378039618519
colsample_bytree,0.21298250527631823
gamma,42.26382522928307
learning_rate,0.4980556967311289
n_estimators,200.0
