parameter,value
max_depth,8.0
min_child_weight,60.0
reg_alpha,0.22336395495930367
reg_lambda,3.4048290302636186
subsample,0.9819643718371444
colsample_bytree,0.6122556988791004
gamma,65.42784216497712
learning_rate,0.01825640799191875
n_estimators,200.0
