parameter,value
max_depth,4.0
min_child_weight,9.0
reg_alpha,0.0004031645547073232
reg_lambda,0.02761777218063956
subsample,0.827367731645419
colsample_bytree,0.9582678968535433
gamma,62.731688994804216
learning_rate,0.021557206568713006
n_estimators,200.0
