parameter,value
max_depth,4.0
min_child_weight,2.0
reg_alpha,0.9413511591980147
reg_lambda,0.0036963954286232986
subsample,0.9760898784126402
colsample_bytree,0.3401434857690907
gamma,90.48823672024932
learning_rate,0.0524968674672759
n_estimators,200.0
