parameter,value
max_depth,3.0
min_child_weight,70.0
reg_alpha,0.0002561927200499036
reg_lambda,0.02620401095354534
subsample,0.9722617407435222
colsample_bytree,0.45856461807686905
gamma,82.91768281911263
learning_rate,0.04205801862226268
n_estimators,200.0
