parameter,value
max_depth,4.0
min_child_weight,96.0
reg_alpha,0.0004189542203621118
reg_lambda,0.0005045232855303304
subsample,0.24768159859266284
colsample_bytree,0.2780449803672886
gamma,38.37131624349165
learning_rate,0.0639293262303614
n_estimators,200.0
