parameter,value
max_depth,2.0
min_child_weight,31.0
reg_alpha,2.1519792592228426
reg_lambda,0.6046871949734414
subsample,0.7738229907235444
colsample_bytree,0.8918838645427193
gamma,6.337725866068675
learning_rate,0.49422004198787733
n_estimators,200.0
