parameter,value
max_depth,7.0
min_child_weight,88.0
reg_alpha,0.002328810980733982
reg_lambda,0.8283162494229473
subsample,0.49867517318486904
colsample_bytree,0.6005998415585232
gamma,0.10627993741547392
learning_rate,0.268858467929154
n_estimators,200.0
