parameter,value
max_depth,3.0
min_child_weight,3.0
reg_alpha,5.455996767749327
reg_lambda,0.3845306608403464
subsample,0.5173323812724967
colsample_bytree,0.6812338310763942
gamma,64.74368791607321
learning_rate,0.06927698695586736
n_estimators,200.0
