parameter,value
max_depth,7.0
min_child_weight,9.0
reg_alpha,0.005732500061235459
reg_lambda,9.451980638671516
subsample,0.8109499123822175
colsample_bytree,0.2150703711393419
gamma,53.13512667531571
learning_rate,0.061147867122449955
n_estimators,200.0
