parameter,value
max_depth,3.0
min_child_weight,5.0
reg_alpha,2.264445355581071
reg_lambda,0.12442890799661807
subsample,0.9352441008358277
colsample_bytree,0.4877857952179636
gamma,19.46178279229689
learning_rate,0.0418355784725567
n_estimators,200.0
