parameter,value
max_depth,5.0
min_child_weight,96.0
reg_alpha,0.0001380764136020903
reg_lambda,0.47606821053238585
subsample,0.4069284285377177
colsample_bytree,0.8062604152600658
gamma,67.36518018174499
learning_rate,0.04137526369568692
n_estimators,200.0
