parameter,value
max_depth,4.0
min_child_weight,94.0
reg_alpha,4.482560030890664
reg_lambda,0.00032017046278268863
subsample,0.6519410232422052
colsample_bytree,0.2260282983969732
gamma,53.7123740525453
learning_rate,0.04005811603140775
n_estimators,200.0
