parameter,value
max_depth,7.0
min_child_weight,0.0
reg_alpha,2.8503645374645203
reg_lambda,0.0002161075801004587
subsample,0.5629571206688019
colsample_bytree,0.43093521005297436
gamma,89.74808656637533
learning_rate,0.007954290977813229
n_estimators,200.0
