parameter,value
max_depth,6.0
min_child_weight,14.0
reg_alpha,0.04846599428330981
reg_lambda,0.00012474262610411797
subsample,0.9737677127355406
colsample_bytree,0.9477734496177455
gamma,43.68746167599052
learning_rate,0.0020040103882250867
n_estimators,200.0
