parameter,value
max_depth,2.0
min_child_weight,76.0
reg_alpha,0.00016678328607396627
reg_lambda,0.040612226743323626
subsample,0.20055565938789505
colsample_bytree,0.3395059751545782
gamma,79.87227179358915
learning_rate,0.08484027362318294
n_estimators,200.0
