parameter,value
max_depth,5.0
min_child_weight,40.0
reg_alpha,0.0006358659991789539
reg_lambda,0.03616289028235297
subsample,0.9082194120953088
colsample_bytree,0.9992919084524071
gamma,19.11516710087526
learning_rate,0.013664051734559627
n_estimators,200.0
