parameter,value
max_depth,3.0
min_child_weight,56.0
reg_alpha,0.43829968597712177
reg_lambda,0.0005645007083744617
subsample,0.9973891284025976
colsample_bytree,0.9558117992869517
gamma,8.74966330714756
learning_rate,0.012290397813199462
n_estimators,200.0
