parameter,value
max_depth,5.0
min_child_weight,7.0
reg_alpha,2.852563890846833
reg_lambda,4.356456708507071
subsample,0.7121851999838494
colsample_bytree,0.876344585147111
gamma,13.07904183302497
learning_rate,0.25113627573327946
n_estimators,200.0
