parameter,value
max_depth,4.0
min_child_weight,22.0
reg_alpha,9.911176875456258
reg_lambda,0.00016332467253960944
subsample,0.578280377996862
colsample_bytree,0.9805113081558346
gamma,56.55674132643521
learning_rate,0.033903798342592904
n_estimators,200.0
