parameter,value
max_depth,4.0
min_child_weight,35.0
reg_alpha,0.00027119020447139455
reg_lambda,0.797592829345921
subsample,0.8494090305965095
colsample_bytree,0.9548097370814372
gamma,80.87667322465317
learning_rate,0.011335180237437476
n_estimators,200.0
