parameter,value
max_depth,4.0
min_child_weight,0.0
reg_alpha,0.002638081783667277
reg_lambda,4.7344765916371445
subsample,0.791846604136484
colsample_bytree,0.9991771073480664
gamma,38.299389955961054
learning_rate,0.04924555657875316
n_estimators,200.0
