parameter,value
max_depth,2.0
min_child_weight,0.0
reg_alpha,4.4520774285532605
reg_lambda,0.0003659085456871258
subsample,0.8412256190576295
colsample_bytree,0.565781855643062
gamma,87.65963140658614
learning_rate,0.20740040037849722
n_estimators,200.0
