parameter,value
max_depth,5.0
min_child_weight,4.0
reg_alpha,0.0222616679850271
reg_lambda,0.0018933374652404967
subsample,0.9864910943940949
colsample_bytree,0.9310391849481033
gamma,34.89323580161191
learning_rate,0.03526533358482655
n_estimators,200.0
