parameter,value
max_depth,5.0
min_child_weight,32.0
reg_alpha,0.00014971143801862684
reg_lambda,0.0010052839804630736
subsample,0.967504104884016
colsample_bytree,0.9020894195321603
gamma,6.243234866387143
learning_rate,0.01594145560454388
n_estimators,200.0
