parameter,value
max_depth,4.0
min_child_weight,27.0
reg_alpha,7.3405626534501325
reg_lambda,0.4714228407174413
subsample,0.9389943963050758
colsample_bytree,0.9682907577113687
gamma,9.888131332854265
learning_rate,0.011648488456744984
n_estimators,200.0
