parameter,value
max_depth,4.0
min_child_weight,2.0
reg_alpha,5.195258925764959
reg_lambda,0.002326391080066343
subsample,0.40053650133026675
colsample_bytree,0.4949877651640056
gamma,85.98808876368942
learning_rate,0.04936756703162838
n_estimators,200.0
