parameter,value
max_depth,3.0
min_child_weight,2.0
reg_alpha,0.00017025563385222205
reg_lambda,0.0008733748576682255
subsample,0.6146721651647901
colsample_bytree,0.2948126974043527
gamma,77.60860767576513
learning_rate,0.06875421975473507
n_estimators,200.0
