parameter,value
max_depth,4.0
min_child_weight,32.0
reg_alpha,5.69820432517058
reg_lambda,2.7616076802599183
subsample,0.7851528315998133
colsample_bytree,0.5591570064314075
gamma,51.904737804792845
learning_rate,0.08542431769218896
n_estimators,200.0
