parameter,value
max_depth,3.0
min_child_weight,5.0
reg_alpha,0.0923153618774249
reg_lambda,0.042301215594899154
subsample,0.86978561545633
colsample_bytree,0.5065293217575781
gamma,8.89169907306331
learning_rate,0.0736906195839866
n_estimators,200.0
