parameter,value
max_depth,2.0
min_child_weight,0.0
reg_alpha,0.004022274269143612
reg_lambda,0.002678410127098634
subsample,0.5315440740795633
colsample_bytree,0.3836992699810526
gamma,14.003389175231836
learning_rate,0.1208593073753964
n_estimators,200.0
