parameter,value
max_depth,4.0
min_child_weight,31.0
reg_alpha,3.546095537263914
reg_lambda,0.2533075465655165
subsample,0.9663493152629855
colsample_bytree,0.9848981084787117
gamma,86.99807793845187
learning_rate,0.015707354690897637
n_estimators,200.0
