parameter,value
max_depth,5.0
min_child_weight,6.0
reg_alpha,0.035892498966691506
reg_lambda,1.4001035487320228
subsample,0.9529826323019069
colsample_bytree,0.21287200825925326
gamma,1.6417071294887404
learning_rate,0.044358683513294465
n_estimators,200.0
