parameter,value
max_depth,4.0
min_child_weight,93.0
reg_alpha,0.0002420521221524621
reg_lambda,0.0007806034868634427
subsample,0.32691184221098896
colsample_bytree,0.9621651742655691
gamma,3.092234442722932
learning_rate,0.43349307247073404
n_estimators,200.0
