parameter,value
max_depth,2.0
min_child_weight,12.0
reg_alpha,0.03535596773033552
reg_lambda,0.0049376173503088506
subsample,0.26599703694680704
colsample_bytree,0.288886786747832
gamma,78.64691791791333
learning_rate,0.029911192948962082
n_estimators,200.0
