parameter,value
max_depth,4.0
min_child_weight,100.0
reg_alpha,0.0004856638143303552
reg_lambda,0.0008683598439634629
subsample,0.2666459893210248
colsample_bytree,0.30630664775435895
gamma,12.705200995902178
learning_rate,0.06527640720493103
n_estimators,200.0
