parameter,value
max_depth,4.0
min_child_weight,4.0
reg_alpha,1.6916383643859687
reg_lambda,0.028460427833074255
subsample,0.9175382282507653
colsample_bytree,0.864643921355249
gamma,45.9964386300882
learning_rate,0.04308419823613032
n_estimators,200.0
