parameter,value
max_depth,4.0
min_child_weight,0.0
reg_alpha,0.00014502117998898293
reg_lambda,0.03295088759130511
subsample,0.45654401825077656
colsample_bytree,0.3906019071341272
gamma,69.38434583870449
learning_rate,0.49746095236222787
n_estimators,200.0
