parameter,value
max_depth,2.0
min_child_weight,17.0
reg_alpha,2.024769554772534
reg_lambda,0.051878437565675194
subsample,0.9118853137195762
colsample_bytree,0.8510799984866116
gamma,6.426801682825545
learning_rate,0.07842387121945373
n_estimators,200.0
