parameter,value
max_depth,5.0
min_child_weight,5.0
reg_alpha,6.19534780175798
reg_lambda,0.17524609271159644
subsample,0.5555337376759126
colsample_bytree,0.9987988393276788
gamma,3.5284973419572543
learning_rate,0.029562306801125884
n_estimators,200.0
