parameter,value
max_depth,2.0
min_child_weight,92.0
reg_alpha,0.0023939346487986944
reg_lambda,0.06535340630493097
subsample,0.5877493988529421
colsample_bytree,0.5586957185332053
gamma,13.175004397696657
learning_rate,0.40279760732170306
n_estimators,200.0
