parameter,value
max_depth,3.0
min_child_weight,3.0
reg_alpha,0.03611072834001702
reg_lambda,3.436556108177752
subsample,0.7615914090752381
colsample_bytree,0.5982103045624257
gamma,83.34016568699562
learning_rate,0.03994294871551458
n_estimators,200.0
