parameter,value
max_depth,8.0
min_child_weight,2.0
reg_alpha,1.0780357976146273
reg_lambda,0.00024045291850724118
subsample,0.5354524316358522
colsample_bytree,0.4018680461433259
gamma,62.697611564603214
learning_rate,0.38939380603463014
n_estimators,200.0
