parameter,value
max_depth,4.0
min_child_weight,44.0
reg_alpha,0.00035477294844162206
reg_lambda,0.0008466939254385113
subsample,0.986597340633094
colsample_bytree,0.9621949810521323
gamma,99.87100137276813
learning_rate,0.012548511241949337
n_estimators,200.0
