parameter,value
max_depth,2.0
min_child_weight,30.0
reg_alpha,1.3832823431699215
reg_lambda,0.17524806346939223
subsample,0.6097605677833301
colsample_bytree,0.9269602243937228
gamma,85.3265266693661
learning_rate,0.032065996759996294
n_estimators,200.0
