parameter,value
max_depth,4.0
min_child_weight,3.0
reg_alpha,1.2272772734362531
reg_lambda,0.008813823868160865
subsample,0.5272927856205373
colsample_bytree,0.9214272282281856
gamma,82.04438776421125
learning_rate,0.10124878548844068
n_estimators,200.0
