parameter,value
max_depth,8.0
min_child_weight,4.0
reg_alpha,9.964512096299202
reg_lambda,0.0006152432151795306
subsample,0.9309013948813819
colsample_bytree,0.9281439775021337
gamma,69.85873373345724
learning_rate,0.015966316552749996
n_estimators,200.0
