parameter,value
max_depth,2.0
min_child_weight,0.0
reg_alpha,4.047465291134617
reg_lambda,0.0032190234006202567
subsample,0.36670575630042535
colsample_bytree,0.49317083612076684
gamma,52.967447688428436
learning_rate,0.4382524312711472
n_estimators,200.0
