parameter,value
max_depth,3.0
min_child_weight,79.0
reg_alpha,0.5214917717588714
reg_lambda,0.06089257292311501
subsample,0.21247694824424052
colsample_bytree,0.35459931350708734
gamma,0.017468291105394607
learning_rate,0.05697127944013781
n_estimators,200.0
