parameter,value
max_depth,4.0
min_child_weight,3.0
reg_alpha,0.0073554007883227975
reg_lambda,0.00017756429242662264
subsample,0.6765088365167737
colsample_bytree,0.9828566710146575
gamma,65.62093585866297
learning_rate,0.49958561364659804
n_estimators,200.0
