parameter,value
max_depth,2.0
min_child_weight,43.0
reg_alpha,0.06934315727707531
reg_lambda,0.15279822319804368
subsample,0.6802105617757918
colsample_bytree,0.8112801628188623
gamma,60.98683355754515
learning_rate,0.43580178757986
n_estimators,200.0
