parameter,value
max_depth,5.0
min_child_weight,72.0
reg_alpha,0.0020162024749983414
reg_lambda,0.485920465556556
subsample,0.2003893873543226
colsample_bytree,0.26966459005169663
gamma,17.54568693340687
learning_rate,0.07255784572112621
n_estimators,200.0
