parameter,value
max_depth,5.0
min_child_weight,2.0
reg_alpha,2.882708331562613
reg_lambda,8.24236406909861
subsample,0.5418122043811253
colsample_bytree,0.9463058759107003
gamma,84.89555728607297
learning_rate,0.08326473617330248
n_estimators,200.0
