parameter,value
max_depth,5.0
min_child_weight,15.0
reg_alpha,1.413986641814998
reg_lambda,0.0008508816225320272
subsample,0.9048268932341044
colsample_bytree,0.9752618370837239
gamma,95.4269345273614
learning_rate,0.05156128008203303
n_estimators,200.0
