parameter,value
max_depth,7.0
min_child_weight,4.0
reg_alpha,0.001714571145860729
reg_lambda,0.0010547969369561997
subsample,0.22303638237224255
colsample_bytree,0.6823430844322995
gamma,17.44964181539731
learning_rate,0.031840097029814184
n_estimators,200.0
