parameter,value
max_depth,8.0
min_child_weight,2.0
reg_alpha,0.6787796196140309
reg_lambda,0.0658912725619714
subsample,0.20173171468474443
colsample_bytree,0.6833054305917963
gamma,41.82936685826379
learning_rate,0.021920283067869074
n_estimators,200.0
