parameter,value
max_depth,5.0
min_child_weight,10.0
reg_alpha,0.25598580280150474
reg_lambda,0.0008838465045349575
subsample,0.23104005373422554
colsample_bytree,0.9663598331493984
gamma,2.1113333694411907
learning_rate,0.30964177167080126
n_estimators,200.0
