parameter,value
max_depth,2.0
min_child_weight,74.0
reg_alpha,6.343106325387249
reg_lambda,0.0009318453939071219
subsample,0.9998762712873919
colsample_bytree,0.2308145351233081
gamma,0.19469406533682498
learning_rate,0.04647928325710784
n_estimators,200.0
