parameter,value
max_depth,2.0
min_child_weight,64.0
reg_alpha,0.007099784331431335
reg_lambda,0.2709608780771323
subsample,0.8634872821920031
colsample_bytree,0.49771188228579233
gamma,1.9608669736297757
learning_rate,0.21192716774829207
n_estimators,200.0
