parameter,value
max_depth,2.0
min_child_weight,20.0
reg_alpha,0.00024203471615500479
reg_lambda,0.3170785608358363
subsample,0.24088522209977933
colsample_bytree,0.7380630633149328
gamma,12.130221887559017
learning_rate,0.3912701270520851
n_estimators,200.0
