parameter,value
max_depth,2.0
min_child_weight,24.0
reg_alpha,0.13740937433243677
reg_lambda,0.384538171935532
subsample,0.9776066451317246
colsample_bytree,0.2841484236556962
gamma,94.32541629887461
learning_rate,0.12425169596996403
n_estimators,200.0
