parameter,value
max_depth,2.0
min_child_weight,7.0
reg_alpha,0.001427749145099934
reg_lambda,0.00030975551632169947
subsample,0.6768350023799895
colsample_bytree,0.4745039208016324
gamma,83.99959524981628
learning_rate,0.10293983682757839
n_estimators,200.0
