parameter,value
max_depth,4.0
min_child_weight,3.0
reg_alpha,0.00015535988898677605
reg_lambda,0.003421518597675644
subsample,0.8268479672572209
colsample_bytree,0.8175266106340732
gamma,47.43433297152038
learning_rate,0.04182177453137407
n_estimators,200.0
