parameter,value
max_depth,4.0
min_child_weight,23.0
reg_alpha,0.0027295022911299678
reg_lambda,0.565575513840097
subsample,0.8963235775121894
colsample_bytree,0.9635311392016196
gamma,0.5360886251242007
learning_rate,0.021747881589503207
n_estimators,200.0
