parameter,value
max_depth,2.0
min_child_weight,11.0
reg_alpha,0.064120007091397
reg_lambda,0.00021686364251339606
subsample,0.8818589316348402
colsample_bytree,0.563718618377945
gamma,86.56209741627039
learning_rate,0.02058114127284151
n_estimators,200.0
