parameter,value
max_depth,2.0
min_child_weight,2.0
reg_alpha,6.714710414097981
reg_lambda,0.05415200052813051
subsample,0.20181736562437316
colsample_bytree,0.9418444239073408
gamma,48.362406828688215
learning_rate,0.0157847667997404
n_estimators,200.0
