parameter,value
max_depth,8.0
min_child_weight,39.0
reg_alpha,0.0011751145878344366
reg_lambda,0.007624878312183446
subsample,0.30838093105897413
colsample_bytree,0.6819118984752336
gamma,36.820002324858905
learning_rate,0.24378997030746666
n_estimators,200.0
