parameter,value
max_depth,4.0
min_child_weight,50.0
reg_alpha,0.0008736708960465695
reg_lambda,0.36945057552193616
subsample,0.9990228725995878
colsample_bytree,0.9971580465371517
gamma,70.32006424914599
learning_rate,0.005828675675061127
n_estimators,200.0
