parameter,value
max_depth,2.0
min_child_weight,0.0
reg_alpha,8.039061787653333
reg_lambda,0.007286169341120114
subsample,0.20010369671517597
colsample_bytree,0.9374463405939886
gamma,71.3196084696591
learning_rate,0.0244716776503214
n_estimators,200.0
