parameter,value
max_depth,6.0
min_child_weight,27.0
reg_alpha,0.0018757741150148347
reg_lambda,0.00012527662860569724
subsample,0.4734923989635648
colsample_bytree,0.6089964662682137
gamma,45.529591976770064
learning_rate,0.11406720237476162
n_estimators,200.0
