parameter,value
max_depth,2.0
min_child_weight,2.0
reg_alpha,0.00010242478514927281
reg_lambda,0.16786394317490205
subsample,0.2533374114341604
colsample_bytree,0.7575937070087757
gamma,6.275604134746697
learning_rate,0.03367866737551721
n_estimators,200.0
