parameter,value
max_depth,5.0
min_child_weight,2.0
reg_alpha,0.017867660077551712
reg_lambda,0.03290945978719275
subsample,0.5466443717946047
colsample_bytree,0.3905423270923697
gamma,71.53216939877238
learning_rate,0.037492976652616236
n_estimators,200.0
