parameter,value
max_depth,3.0
min_child_weight,38.0
reg_alpha,3.529136573427569
reg_lambda,0.4795921857479984
subsample,0.9998490131041478
colsample_bytree,0.9538880520292146
gamma,87.72385557373644
learning_rate,0.04627592113244555
n_estimators,200.0
