parameter,value
max_depth,5.0
min_child_weight,2.0
reg_alpha,0.06533459067125195
reg_lambda,0.002057622780325861
subsample,0.2604656436141456
colsample_bytree,0.5673571871565206
gamma,79.10125177884842
learning_rate,0.020084621590376262
n_estimators,200.0
