parameter,value
max_depth,5.0
min_child_weight,50.0
reg_alpha,0.00027990394019060855
reg_lambda,0.2973523112315668
subsample,0.28407169205608096
colsample_bytree,0.9989124949097924
gamma,91.75141886653165
learning_rate,0.49506409553737823
n_estimators,200.0
