parameter,value
max_depth,5.0
min_child_weight,0.0
reg_alpha,0.00026894232027476676
reg_lambda,0.0034723732758872865
subsample,0.9659087399957315
colsample_bytree,0.2491645207690843
gamma,69.98519310063746
learning_rate,0.05520500822330528
n_estimators,200.0
