parameter,value
max_depth,5.0
min_child_weight,77.0
reg_alpha,0.043509323423519077
reg_lambda,0.23328221383705358
subsample,0.4045367556808378
colsample_bytree,0.40703567933964363
gamma,3.7585744567805373
learning_rate,0.49889534786904927
n_estimators,200.0
