parameter,value
max_depth,6.0
min_child_weight,41.0
reg_alpha,0.00888732050783563
reg_lambda,0.023049128963522337
subsample,0.8034605576882756
colsample_bytree,0.20140344057943313
gamma,27.382222495871435
learning_rate,0.0518524776075039
n_estimators,200.0
