parameter,value
max_depth,2.0
min_child_weight,3.0
reg_alpha,0.0011176159232476137
reg_lambda,0.053390602190198
subsample,0.5676159622686099
colsample_bytree,0.8310976068625392
gamma,3.781587095291262
learning_rate,0.056640464629494965
n_estimators,200.0
