parameter,value
max_depth,8.0
min_child_weight,17.0
reg_alpha,0.0110456627246425
reg_lambda,0.0062169384347839874
subsample,0.9993816811882787
colsample_bytree,0.24162251713672336
gamma,81.16818503627002
learning_rate,0.35808290599009995
n_estimators,200.0
