parameter,value
max_depth,3.0
min_child_weight,4.0
reg_alpha,0.00014134972502198676
reg_lambda,2.6264026035740793
subsample,0.9649441482072488
colsample_bytree,0.7929357976309873
gamma,40.41494888508342
learning_rate,0.04199679818392357
n_estimators,200.0
