parameter,value
max_depth,5.0
min_child_weight,33.0
reg_alpha,0.000606448467058732
reg_lambda,0.02495713819222424
subsample,0.7854849117701699
colsample_bytree,0.9517974506895375
gamma,12.569374691513318
learning_rate,0.018749389455792825
n_estimators,200.0
