parameter,value
max_depth,5.0
min_child_weight,6.0
reg_alpha,3.28329456406087
reg_lambda,0.003824318298280074
subsample,0.5105841984268241
colsample_bytree,0.9470634358368688
gamma,47.701556572741495
learning_rate,0.026301098238382743
n_estimators,200.0
