parameter,value
max_depth,5.0
min_child_weight,45.0
reg_alpha,0.0046214002282972825
reg_lambda,0.01634874656385537
subsample,0.9997560194385151
colsample_bytree,0.9800214492583541
gamma,19.578836700721514
learning_rate,0.0061717400114413845
n_estimators,200.0
