parameter,value
max_depth,4.0
min_child_weight,2.0
reg_alpha,0.015040897247935748
reg_lambda,0.011795248545767164
subsample,0.9449189572708162
colsample_bytree,0.2989638068277614
gamma,3.3770668521118474
learning_rate,0.04172854836458226
n_estimators,200.0
