parameter,value
max_depth,4.0
min_child_weight,17.0
reg_alpha,0.2750161118023777
reg_lambda,0.00030994765678488286
subsample,0.45962925383846637
colsample_bytree,0.9595907748813571
gamma,46.99530722820238
learning_rate,0.012324107439073131
n_estimators,200.0
