parameter,value
max_depth,8.0
min_child_weight,87.0
reg_alpha,0.0597437870255809
reg_lambda,7.720055076408053
subsample,0.9998369774548547
colsample_bytree,0.9755212945187991
gamma,35.82029278115955
learning_rate,0.040245438362034584
n_estimators,200.0
