parameter,value
max_depth,4.0
min_child_weight,12.0
reg_alpha,0.1374232208397156
reg_lambda,3.466630773418429
subsample,0.3693332735147881
colsample_bytree,0.957655318586597
gamma,59.20797506262501
learning_rate,0.02764164792140869
n_estimators,200.0
