parameter,value
max_depth,5.0
min_child_weight,5.0
reg_alpha,1.491609113880603
reg_lambda,0.43170352932291156
subsample,0.7214571395352858
colsample_bytree,0.9574129260943396
gamma,50.300430254044834
learning_rate,0.04229167112167628
n_estimators,200.0
