parameter,value
max_depth,4.0
min_child_weight,31.0
reg_alpha,0.03547193249269692
reg_lambda,0.8882605473319822
subsample,0.9308320630381144
colsample_bytree,0.9435880416823167
gamma,32.745705002781285
learning_rate,0.012907632949956182
n_estimators,200.0
