parameter,value
max_depth,2.0
min_child_weight,4.0
reg_alpha,0.0899335270879426
reg_lambda,0.006564643966788922
subsample,0.9240108679717195
colsample_bytree,0.5233975865139926
gamma,50.15510809879882
learning_rate,0.07683562662418122
n_estimators,200.0
