parameter,value
max_depth,5.0
min_child_weight,29.0
reg_alpha,0.007476977175767374
reg_lambda,0.0003270133644113427
subsample,0.3268846994352887
colsample_bytree,0.20002132526223076
gamma,12.152698121045148
learning_rate,0.048143730051375476
n_estimators,200.0
