parameter,value
max_depth,7.0
min_child_weight,0.0
reg_alpha,0.0001772077950659742
reg_lambda,0.16054567320329546
subsample,0.918436942831889
colsample_bytree,0.6097056331214336
gamma,97.83480108894828
learning_rate,0.0168753385399704
n_estimators,200.0
