parameter,value
max_depth,7.0
min_child_weight,3.0
reg_alpha,0.00011877902639360171
reg_lambda,0.04297682136596975
subsample,0.24041679237262045
colsample_bytree,0.7106517904494252
gamma,12.548823978189368
learning_rate,0.005313104672564371
n_estimators,200.0
