parameter,value
max_depth,4.0
min_child_weight,2.0
reg_alpha,9.941445284078553
reg_lambda,0.2022703329187473
subsample,0.9972288921854573
colsample_bytree,0.5186396274680158
gamma,65.86979426171345
learning_rate,0.0348920041002251
n_estimators,200.0
