parameter,value
max_depth,5.0
min_child_weight,3.0
reg_alpha,9.90142077049329
reg_lambda,0.10238254730384505
subsample,0.9657434924477455
colsample_bytree,0.37562200147865366
gamma,75.22159976263156
learning_rate,0.04754143894155222
n_estimators,200.0
