parameter,value
max_depth,5.0
min_child_weight,3.0
reg_alpha,0.000395449707255448
reg_lambda,4.962110768754902
subsample,0.47223191968639355
colsample_bytree,0.9244805939871783
gamma,90.58533907553698
learning_rate,0.029635768947465706
n_estimators,200.0
