parameter,value
max_depth,5.0
min_child_weight,33.0
reg_alpha,0.0011996795342076223
reg_lambda,0.001063728947594262
subsample,0.9984350114382625
colsample_bytree,0.945107844096593
gamma,23.122236398115984
learning_rate,0.0022222278221524184
n_estimators,200.0
