parameter,value
max_depth,5.0
min_child_weight,5.0
reg_alpha,0.14351525390357575
reg_lambda,0.26862397178941066
subsample,0.6665792639471109
colsample_bytree,0.9433379179053462
gamma,24.213870643058886
learning_rate,0.02595266192538126
n_estimators,200.0
