parameter,value
max_depth,4.0
min_child_weight,2.0
reg_alpha,4.127757708202957
reg_lambda,0.0062662630412222455
subsample,0.7380268793824615
colsample_bytree,0.5375567621710508
gamma,5.768500576914908
learning_rate,0.011928567894692743
n_estimators,200.0
