parameter,value
max_depth,4.0
min_child_weight,23.0
reg_alpha,0.00025362238392111794
reg_lambda,0.06378335686147779
subsample,0.5604839063378424
colsample_bytree,0.6960760193641942
gamma,3.988830947682448
learning_rate,0.0496480968484378
n_estimators,200.0
