parameter,value
max_depth,4.0
min_child_weight,37.0
reg_alpha,0.0002473082271601435
reg_lambda,0.0002792706894458589
subsample,0.20005043910623288
colsample_bytree,0.9556334987605001
gamma,93.32546743242983
learning_rate,0.4981877284520596
n_estimators,200.0
