parameter,value
max_depth,2.0
min_child_weight,12.0
reg_alpha,0.02244549220152608
reg_lambda,1.1471885992901214
subsample,0.5498735671412309
colsample_bytree,0.9446352254219192
gamma,22.204640385416763
learning_rate,0.11818618050047282
n_estimators,200.0
