parameter,value
max_depth,4.0
min_child_weight,2.0
reg_alpha,0.00010286857606612796
reg_lambda,0.7678705261140675
subsample,0.9416684976986612
colsample_bytree,0.7141468698443348
gamma,61.551451445409796
learning_rate,0.029789596630264623
n_estimators,200.0
