parameter,value
max_depth,2.0
min_child_weight,7.0
reg_alpha,0.0016841169798920347
reg_lambda,1.8635651772826045
subsample,0.9818886697400733
colsample_bytree,0.31175226774071463
gamma,87.35554225103287
learning_rate,0.049086078048841755
n_estimators,200.0
