parameter,value
max_depth,3.0
min_child_weight,4.0
reg_alpha,0.0016306419516812132
reg_lambda,0.1629897611229994
subsample,0.8310058530761293
colsample_bytree,0.9471456615039002
gamma,83.17536242916431
learning_rate,0.1387254932137933
n_estimators,200.0
