parameter,value
max_depth,2.0
min_child_weight,2.0
reg_alpha,0.40022023754954184
reg_lambda,0.3739774023859803
subsample,0.3209096474394788
colsample_bytree,0.7310567638619516
gamma,46.023813202505046
learning_rate,0.03754426839092834
n_estimators,200.0
