parameter,value
max_depth,5.0
min_child_weight,61.0
reg_alpha,1.77557323807447
reg_lambda,0.5147733127559663
subsample,0.45887134416627967
colsample_bytree,0.5498961306273681
gamma,12.34602186080203
learning_rate,0.46937569013408076
n_estimators,200.0
