parameter,value
max_depth,4.0
min_child_weight,2.0
reg_alpha,3.694598668365097
reg_lambda,2.6930740022999364
subsample,0.21673718134756112
colsample_bytree,0.20262668870687484
gamma,73.49151799919605
learning_rate,0.3833791969777211
n_estimators,200.0
