parameter,value
max_depth,2.0
min_child_weight,20.0
reg_alpha,0.00019395657075642336
reg_lambda,0.0024890539617488405
subsample,0.8592687982463466
colsample_bytree,0.9092862779645313
gamma,1.8492278713420136
learning_rate,0.35727813453551666
n_estimators,200.0
