parameter,value
max_depth,3.0
min_child_weight,72.0
reg_alpha,0.012087199454575821
reg_lambda,4.465635989815226
subsample,0.30159559680043646
colsample_bytree,0.8784579452755872
gamma,3.142836714375014
learning_rate,0.042512362181411675
n_estimators,200.0
