parameter,value
max_depth,4.0
min_child_weight,25.0
reg_alpha,0.15985957324881417
reg_lambda,2.0668563626697343
subsample,0.9839496947496053
colsample_bytree,0.3376042130329656
gamma,52.898623122517805
learning_rate,0.36698197245350217
n_estimators,200.0
