parameter,value
max_depth,2.0
min_child_weight,6.0
reg_alpha,6.033703022381445
reg_lambda,0.042607587939495324
subsample,0.9463424053865909
colsample_bytree,0.41262892696871944
gamma,26.890793997485016
learning_rate,0.021821853166282917
n_estimators,200.0
