parameter,value
max_depth,2.0
min_child_weight,1.0
reg_alpha,0.0011728075794549327
reg_lambda,0.34160450213543
subsample,0.7477004414492333
colsample_bytree,0.23185623047327644
gamma,38.28237444046483
learning_rate,0.2414468376366507
n_estimators,200.0
