parameter,value
max_depth,2.0
min_child_weight,2.0
reg_alpha,0.40355788125964387
reg_lambda,0.01636550227902635
subsample,0.6165856132877009
colsample_bytree,0.3273735725353375
gamma,16.793528091332643
learning_rate,0.24463674382828665
n_estimators,200.0
