parameter,value
max_depth,5.0
min_child_weight,97.0
reg_alpha,0.0005271277070303402
reg_lambda,0.035524802494827104
subsample,0.2653232249244706
colsample_bytree,0.5368925677401599
gamma,72.51131137871563
learning_rate,0.03865697610836302
n_estimators,200.0
