parameter,value
max_depth,4.0
min_child_weight,0.0
reg_alpha,2.2173253621851297
reg_lambda,0.05921061717037623
subsample,0.9707416830291108
colsample_bytree,0.455403148438648
gamma,85.13231725320507
learning_rate,0.02474580143123991
n_estimators,200.0
