parameter,value
max_depth,4.0
min_child_weight,3.0
reg_alpha,0.04056937721523721
reg_lambda,0.048090329484113736
subsample,0.765315597410069
colsample_bytree,0.8401345173823062
gamma,9.805879906529412
learning_rate,0.03071508966035994
n_estimators,200.0
