parameter,value
max_depth,2.0
min_child_weight,5.0
reg_alpha,0.0986185385058722
reg_lambda,0.0072002327780770784
subsample,0.3921951682652998
colsample_bytree,0.2959038455812548
gamma,66.90524163684461
learning_rate,0.13078057829113057
n_estimators,200.0
