parameter,value
max_depth,5.0
min_child_weight,97.0
reg_alpha,0.1721802435279193
reg_lambda,0.003562453460966986
subsample,0.2460666109253515
colsample_bytree,0.6388991473744837
gamma,92.51353793645683
learning_rate,0.36641164935498505
n_estimators,200.0
