parameter,value
max_depth,6.0
min_child_weight,2.0
reg_alpha,0.004329719651914275
reg_lambda,0.11845053663103734
subsample,0.45882278439809715
colsample_bytree,0.8921839274663815
gamma,95.3426284565031
learning_rate,0.05719101922418264
n_estimators,200.0
