parameter,value
max_depth,5.0
min_child_weight,48.0
reg_alpha,0.0014993582530491295
reg_lambda,0.03256693135908962
subsample,0.9842325867670849
colsample_bytree,0.9579606626706368
gamma,36.44961884862787
learning_rate,0.013338659414220454
n_estimators,200.0
