parameter,value
max_depth,6.0
min_child_weight,11.0
reg_alpha,0.0065151505423484924
reg_lambda,6.631921709481558
subsample,0.6300043093715171
colsample_bytree,0.392261120070538
gamma,23.83314698302852
learning_rate,0.49114779544588927
n_estimators,200.0
