parameter,value
max_depth,2.0
min_child_weight,49.0
reg_alpha,0.0003746009319693907
reg_lambda,0.0001321041817218598
subsample,0.8270859078905846
colsample_bytree,0.9618351666787173
gamma,7.79870933473445
learning_rate,0.07084786911476142
n_estimators,200.0
