parameter,value
max_depth,5.0
min_child_weight,62.0
reg_alpha,0.0037013242391637845
reg_lambda,0.009357106407204285
subsample,0.9849614363756725
colsample_bytree,0.8239397312332138
gamma,5.954384972126516
learning_rate,0.32046911994186733
n_estimators,200.0
