parameter,value
max_depth,2.0
min_child_weight,24.0
reg_alpha,0.10082032595404272
reg_lambda,0.000317648139778164
subsample,0.5505083141536977
colsample_bytree,0.9518632058884843
gamma,0.01386312456319927
learning_rate,0.180886937420283
n_estimators,200.0
