parameter,value
max_depth,4.0
min_child_weight,2.0
reg_alpha,0.032829289813979014
reg_lambda,0.000604082401632844
subsample,0.2167889303554116
colsample_bytree,0.9706619051324811
gamma,93.8343638406233
learning_rate,0.4582315965462807
n_estimators,200.0
