parameter,value
max_depth,4.0
min_child_weight,27.0
reg_alpha,9.93060144339276
reg_lambda,0.0008913831816272025
subsample,0.9859733719224931
colsample_bytree,0.9629964928609919
gamma,11.673580529305378
learning_rate,0.025312715292287773
n_estimators,200.0
