parameter,value
max_depth,3.0
min_child_weight,11.0
reg_alpha,0.0005270351622604941
reg_lambda,0.0004962557036116527
subsample,0.9268120528335712
colsample_bytree,0.9425828018626994
gamma,65.46592993242406
learning_rate,0.059690012744636374
n_estimators,200.0
