parameter,value
max_depth,6.0
min_child_weight,4.0
reg_alpha,0.0006647127249863854
reg_lambda,0.0013926858742826435
subsample,0.8362776204541639
colsample_bytree,0.9364073556775492
gamma,62.38803840176612
learning_rate,0.01834859888425999
n_estimators,200.0
