parameter,value
max_depth,4.0
min_child_weight,0.0
reg_alpha,0.4649996825484468
reg_lambda,0.0002309332643126692
subsample,0.7693749546104778
colsample_bytree,0.7490062189699724
gamma,37.42412288410391
learning_rate,0.017059007036585434
n_estimators,200.0
