parameter,value
max_depth,5.0
min_child_weight,25.0
reg_alpha,0.00018914023221046044
reg_lambda,0.5769348494150356
subsample,0.9804345565948591
colsample_bytree,0.3473862940392967
gamma,6.881058890411166
learning_rate,0.029036224165359246
n_estimators,200.0
