parameter,value
max_depth,4.0
min_child_weight,15.0
reg_alpha,0.017279667438234832
reg_lambda,0.03076033668841829
subsample,0.8150408710782243
colsample_bytree,0.9475765863896755
gamma,56.91472920348977
learning_rate,0.2634131277219521
n_estimators,200.0
