parameter,value
max_depth,2.0
min_child_weight,5.0
reg_alpha,0.10397596058780358
reg_lambda,0.0012483025909283268
subsample,0.23248359000295984
colsample_bytree,0.22997325256950002
gamma,68.92677412184915
learning_rate,0.15359623782918055
n_estimators,200.0
