parameter,value
max_depth,4.0
min_child_weight,3.0
reg_alpha,0.0003551609530153436
reg_lambda,0.0025394817892984813
subsample,0.5375523615515
colsample_bytree,0.9808771398672659
gamma,96.83406845174872
learning_rate,0.030976296478118705
n_estimators,200.0
