parameter,value
max_depth,3.0
min_child_weight,0.0
reg_alpha,2.400669805487504
reg_lambda,0.4919551975822796
subsample,0.20913735719275345
colsample_bytree,0.7852604782015411
gamma,73.79408813045399
learning_rate,0.054013214034335455
n_estimators,200.0
