parameter,value
max_depth,5.0
min_child_weight,2.0
reg_alpha,0.0016711482322474423
reg_lambda,0.012224392832900567
subsample,0.574019389384598
colsample_bytree,0.9580898684057825
gamma,99.61475155813916
learning_rate,0.006126499735440593
n_estimators,200.0
