parameter,value
max_depth,5.0
min_child_weight,2.0
reg_alpha,0.0004448370868312757
reg_lambda,0.0011835585471945975
subsample,0.4302922454034633
colsample_bytree,0.6742109422046437
gamma,28.68813104433333
learning_rate,0.17010535460053472
n_estimators,200.0
