parameter,value
max_depth,6.0
min_child_weight,2.0
reg_alpha,0.2549403827444472
reg_lambda,0.00040328803390684626
subsample,0.20878322715168085
colsample_bytree,0.8867934185690016
gamma,64.67963638990297
learning_rate,0.004281977062635431
n_estimators,200.0
