parameter,value
max_depth,5.0
min_child_weight,23.0
reg_alpha,0.00021342977473153528
reg_lambda,2.1946356057598964
subsample,0.6856321273510664
colsample_bytree,0.4728020676305614
gamma,8.72010073409688
learning_rate,0.00933444913008492
n_estimators,200.0
