parameter,value
max_depth,3.0
min_child_weight,6.0
reg_alpha,0.05141600557408378
reg_lambda,0.0019090490336623551
subsample,0.6353093251065673
colsample_bytree,0.37791834278302855
gamma,61.4855754805163
learning_rate,0.060238296217175136
n_estimators,200.0
