parameter,value
max_depth,2.0
min_child_weight,6.0
reg_alpha,0.00039436174096942435
reg_lambda,0.00015989895025906635
subsample,0.29418635706610374
colsample_bytree,0.6943490399380006
gamma,0.1852588188355444
learning_rate,0.016777853895788425
n_estimators,200.0
