parameter,value
max_depth,5.0
min_child_weight,0.0
reg_alpha,0.13623922363536609
reg_lambda,0.8712234433177799
subsample,0.8974491939465084
colsample_bytree,0.21996585662658982
gamma,47.58165453591373
learning_rate,0.09752437280274255
n_estimators,200.0
