parameter,value
max_depth,2.0
min_child_weight,12.0
reg_alpha,0.3712737819499711
reg_lambda,1.0607560165186356
subsample,0.5729249744543636
colsample_bytree,0.3122042850089862
gamma,44.539544431941906
learning_rate,0.051830665862336874
n_estimators,200.0
