parameter,value
max_depth,5.0
min_child_weight,7.0
reg_alpha,0.0009069016142421675
reg_lambda,3.4851558631268014
subsample,0.9162862896384708
colsample_bytree,0.9871372115370324
gamma,70.75897543140927
learning_rate,0.039858789852294144
n_estimators,200.0
