parameter,value
max_depth,7.0
min_child_weight,31.0
reg_alpha,0.002575789088557283
reg_lambda,0.0012814990555356054
subsample,0.7716771372212077
colsample_bytree,0.893241516906028
gamma,25.957513167678535
learning_rate,0.015802962896954806
n_estimators,200.0
