parameter,value
max_depth,4.0
min_child_weight,47.0
reg_alpha,0.0192400048317514
reg_lambda,0.0003779958048909523
subsample,0.9993998996207992
colsample_bytree,0.9992900860358698
gamma,12.746506196460755
learning_rate,0.010450289473230068
n_estimators,200.0
