parameter,value
max_depth,2.0
min_child_weight,2.0
reg_alpha,0.0020271090705214433
reg_lambda,0.1621670553643915
subsample,0.965335761991535
colsample_bytree,0.8929209873176144
gamma,79.90737065727279
learning_rate,0.013405130740647269
n_estimators,200.0
