parameter,value
max_depth,5.0
min_child_weight,4.0
reg_alpha,6.825630530361541
reg_lambda,5.403728932729568
subsample,0.9415425467998446
colsample_bytree,0.36387591077566367
gamma,96.02030727532379
learning_rate,0.4451486191344456
n_estimators,200.0
