parameter,value
max_depth,4.0
min_child_weight,15.0
reg_alpha,0.08093174121677836
reg_lambda,0.0002636671525958712
subsample,0.33953849155471977
colsample_bytree,0.6134102034383111
gamma,86.19503014798508
learning_rate,0.043981622081498306
n_estimators,200.0
