parameter,value
max_depth,5.0
min_child_weight,14.0
reg_alpha,0.00010036331931621212
reg_lambda,1.7658990222952873
subsample,0.7346748501591869
colsample_bytree,0.3914810169283167
gamma,36.79363247631211
learning_rate,0.0817154670297888
n_estimators,200.0
