parameter,value
max_depth,5.0
min_child_weight,0.0
reg_alpha,0.00022291697786147482
reg_lambda,0.0009158899745887438
subsample,0.968191232588306
colsample_bytree,0.4731870845614716
gamma,3.0524341104720616
learning_rate,0.016843659281024142
n_estimators,200.0
