parameter,value
max_depth,3.0
min_child_weight,4.0
reg_alpha,0.03521777642460078
reg_lambda,0.3232850857268773
subsample,0.8055332445804294
colsample_bytree,0.7333435498083387
gamma,16.173725458356827
learning_rate,0.02873738975471204
n_estimators,200.0
