parameter,value
max_depth,2.0
min_child_weight,6.0
reg_alpha,0.0002614890113497839
reg_lambda,0.004224687181803033
subsample,0.5707564793648604
colsample_bytree,0.5635244940506947
gamma,39.018078787239695
learning_rate,0.16107761369925938
n_estimators,200.0
