parameter,value
max_depth,3.0
min_child_weight,29.0
reg_alpha,9.785034677126644
reg_lambda,0.02737543305809374
subsample,0.7713399103524508
colsample_bytree,0.9856475346973017
gamma,89.51885359515768
learning_rate,0.010839833512329795
n_estimators,200.0
