parameter,value
max_depth,2.0
min_child_weight,18.0
reg_alpha,0.0005153529291615109
reg_lambda,0.15532857502458727
subsample,0.7812662932735529
colsample_bytree,0.9712173799166998
gamma,40.42024915709734
learning_rate,0.11145887061286282
n_estimators,200.0
