parameter,value
max_depth,2.0
min_child_weight,8.0
reg_alpha,0.012006715145438168
reg_lambda,0.0007018878800599659
subsample,0.4128660961469534
colsample_bytree,0.6945786257424162
gamma,88.37925502556324
learning_rate,0.04563846542722479
n_estimators,200.0
