parameter,value
max_depth,4.0
min_child_weight,39.0
reg_alpha,0.0009707509883560653
reg_lambda,0.00028786938730532475
subsample,0.4051134546671195
colsample_bytree,0.49159782349491743
gamma,39.48494681455881
learning_rate,0.3136821765792295
n_estimators,200.0
