parameter,value
max_depth,4.0
min_child_weight,85.0
reg_alpha,6.734802656966217
reg_lambda,0.08490693252170531
subsample,0.44033906379666377
colsample_bytree,0.8348677866707295
gamma,15.139855507716483
learning_rate,0.15831771487043
n_estimators,200.0
