parameter,value
max_depth,8.0
min_child_weight,0.0
reg_alpha,0.008079857440106636
reg_lambda,2.4962089546404957
subsample,0.6183515020896224
colsample_bytree,0.6687185082060749
gamma,74.9356291660731
learning_rate,0.024801801221172287
n_estimators,200.0
