parameter,value
max_depth,2.0
min_child_weight,7.0
reg_alpha,0.035507819809035376
reg_lambda,0.003154056193834456
subsample,0.9853624633383228
colsample_bytree,0.21475129222953185
gamma,95.88944294105322
learning_rate,0.1073013306536284
n_estimators,200.0
