parameter,value
max_depth,5.0
min_child_weight,46.0
reg_alpha,0.00014225399297084529
reg_lambda,0.0007105205711876423
subsample,0.9716366656355678
colsample_bytree,0.9408452904622198
gamma,56.95566096051325
learning_rate,0.005261435148343072
n_estimators,200.0
