parameter,value
max_depth,4.0
min_child_weight,23.0
reg_alpha,0.08418773824726417
reg_lambda,0.9790117980107701
subsample,0.5247758255825934
colsample_bytree,0.9702346822834549
gamma,72.79256239302578
learning_rate,0.011960241140498729
n_estimators,200.0
