parameter,value
max_depth,4.0
min_child_weight,0.0
reg_alpha,0.29058401289247515
reg_lambda,0.03262290287666762
subsample,0.680679605223109
colsample_bytree,0.9521866832006252
gamma,99.77075783786647
learning_rate,0.0515827242889077
n_estimators,200.0
