parameter,value
max_depth,2.0
min_child_weight,2.0
reg_alpha,0.008080353692695507
reg_lambda,0.0049911660852595225
subsample,0.2161601454549464
colsample_bytree,0.8122513386007154
gamma,99.91082936260653
learning_rate,0.04747788369906731
n_estimators,200.0
