parameter,value
max_depth,7.0
min_child_weight,84.0
reg_alpha,0.00029034256469460045
reg_lambda,0.028210897793137974
subsample,0.20016073180023639
colsample_bytree,0.21687218038058695
gamma,10.314559065104376
learning_rate,0.1098591539376234
n_estimators,200.0
