parameter,value
max_depth,5.0
min_child_weight,0.0
reg_alpha,5.5932964960627
reg_lambda,0.07761669453307234
subsample,0.7764961203825197
colsample_bytree,0.7764384468577459
gamma,38.43847651182175
learning_rate,0.07465723933726143
n_estimators,200.0
