parameter,value
max_depth,2.0
min_child_weight,1.0
reg_alpha,0.5539758733028459
reg_lambda,0.0001839128444621188
subsample,0.32541675142557663
colsample_bytree,0.2817623622992526
gamma,1.3309083732501956
learning_rate,0.041777964475831215
n_estimators,200.0
