parameter,value
max_depth,5.0
min_child_weight,100.0
reg_alpha,7.981972246728167
reg_lambda,0.00010105273565444443
subsample,0.9725744497424488
colsample_bytree,0.95815258810933
gamma,6.8714095847968215
learning_rate,0.005866206448871538
n_estimators,200.0
