parameter,value
max_depth,4.0
min_child_weight,7.0
reg_alpha,0.00024384342762544728
reg_lambda,0.5171541425838669
subsample,0.2617761395836478
colsample_bytree,0.3953539614717148
gamma,71.89898613898717
learning_rate,0.23529300940241837
n_estimators,200.0
