parameter,value
max_depth,3.0
min_child_weight,86.0
reg_alpha,3.162290246287663
reg_lambda,0.19921704699019915
subsample,0.22156719092419597
colsample_bytree,0.6147352245896283
gamma,14.706918240635414
learning_rate,0.09652132647122735
n_estimators,200.0
