parameter,value
max_depth,2.0
min_child_weight,0.0
reg_alpha,0.00023723201011440273
reg_lambda,0.0038285938243714933
subsample,0.4728613891285596
colsample_bytree,0.6486567237485834
gamma,34.823414386283645
learning_rate,0.021034414457628714
n_estimators,200.0
