parameter,value
max_depth,2.0
min_child_weight,2.0
reg_alpha,0.00019806939110922846
reg_lambda,0.001776477552721312
subsample,0.6605166111057335
colsample_bytree,0.851296099713086
gamma,4.04240844928803
learning_rate,0.2722842787309499
n_estimators,200.0
