parameter,value
max_depth,2.0
min_child_weight,4.0
reg_alpha,0.07634712843656499
reg_lambda,0.001179753976336255
subsample,0.6478249864260779
colsample_bytree,0.7976290522986652
gamma,51.08832392838509
learning_rate,0.1326247720403124
n_estimators,200.0
