parameter,value
max_depth,5.0
min_child_weight,27.0
reg_alpha,0.0005605561257172662
reg_lambda,0.018383573386632122
subsample,0.9070211571470783
colsample_bytree,0.32862895944251563
gamma,84.69212175750283
learning_rate,0.05180817127174589
n_estimators,200.0
