parameter,value
max_depth,6.0
min_child_weight,5.0
reg_alpha,0.07842919905934585
reg_lambda,0.2388592448716841
subsample,0.8432905909817132
colsample_bytree,0.9516762987384579
gamma,88.84055588912817
learning_rate,0.13674642899364914
n_estimators,200.0
