parameter,value
max_depth,4.0
min_child_weight,0.0
reg_alpha,0.17497403849853052
reg_lambda,0.05506333003576652
subsample,0.9985088680046476
colsample_bytree,0.5102032760023223
gamma,76.31854282067417
learning_rate,0.19752487954318781
n_estimators,200.0
