parameter,value
max_depth,6.0
min_child_weight,19.0
reg_alpha,0.0001758200044223515
reg_lambda,0.29372330239979594
subsample,0.2419094716182012
colsample_bytree,0.9082973910626281
gamma,2.236240310151863
learning_rate,0.42915609078241695
n_estimators,200.0
