parameter,value
max_depth,8.0
min_child_weight,21.0
reg_alpha,0.09002548007892008
reg_lambda,3.5504402355220184
subsample,0.8892592482442022
colsample_bytree,0.6359963324930988
gamma,31.45000117457279
learning_rate,0.153283281084068
n_estimators,200.0
