parameter,value
max_depth,5.0
min_child_weight,0.0
reg_alpha,0.0007816578136086058
reg_lambda,0.0009825235191236843
subsample,0.825642461773702
colsample_bytree,0.7681897219532103
gamma,78.2281901002477
learning_rate,0.024413869613159264
n_estimators,200.0
