parameter,value
max_depth,3.0
min_child_weight,2.0
reg_alpha,0.0044098419009751715
reg_lambda,8.164661907657289
subsample,0.9118553253931426
colsample_bytree,0.6698626385265274
gamma,9.10689173721574
learning_rate,0.021273722167045046
n_estimators,200.0
