parameter,value
max_depth,6.0
min_child_weight,8.0
reg_alpha,3.773765006515657
reg_lambda,3.0377532797306603
subsample,0.9523900879027108
colsample_bytree,0.4916435019140647
gamma,66.11248747719127
learning_rate,0.3850671620523597
n_estimators,200.0
