parameter,value
max_depth,4.0
min_child_weight,26.0
reg_alpha,1.9580653709814622
reg_lambda,1.1688756968735965
subsample,0.9997347933351421
colsample_bytree,0.38330498795219814
gamma,94.03068185040667
learning_rate,0.07203793655430243
n_estimators,200.0
