parameter,value
max_depth,5.0
min_child_weight,7.0
reg_alpha,3.769025203578113
reg_lambda,0.14162554323647675
subsample,0.21462385285330393
colsample_bytree,0.9993890558732732
gamma,32.771930990116374
learning_rate,0.02099059299218287
n_estimators,200.0
