parameter,value
max_depth,3.0
min_child_weight,2.0
reg_alpha,0.00010621272342333125
reg_lambda,2.8185664973041624
subsample,0.7340514487766425
colsample_bytree,0.6315706211323537
gamma,95.72756659198267
learning_rate,0.1215390869006804
n_estimators,200.0
