parameter,value
max_depth,5.0
min_child_weight,68.0
reg_alpha,0.09730939823954624
reg_lambda,0.011565709288838514
subsample,0.9729537915329302
colsample_bytree,0.8249616839705493
gamma,4.960450041636976
learning_rate,0.3224927256273853
n_estimators,200.0
