parameter,value
max_depth,4.0
min_child_weight,8.0
reg_alpha,2.447103169769661
reg_lambda,0.0053889915968923854
subsample,0.9991366548037518
colsample_bytree,0.9430634158900826
gamma,2.6556538474224793
learning_rate,0.01591549350651048
n_estimators,200.0
