parameter,value
max_depth,2.0
min_child_weight,0.0
reg_alpha,1.3730817830526374
reg_lambda,0.6048829872145678
subsample,0.4837374034908943
colsample_bytree,0.8637539268596013
gamma,39.24984631876346
learning_rate,0.09672189504074921
n_estimators,200.0
